:020000040800F2
:100000000000022061BD0008D96A0008156B0008D5
:10001000296B00082D6B0008316B00080000000000
:10002000000000000000000000000000A1480008DF
:10003000356B00080000000031490008396B0008EA
:10004000B5BD0008B5BD0008B5BD0008B5BD0008C8
:10005000B5BD0008B5BD0008016D0008B5BD0008BC
:10006000096D0008116D0008196D00083D6B00084E
:10007000B5BD0008496B0008B5BD0008556B000808
:10008000616B0008B5BD00080D6C00086D6B0008C1
:10009000796B00087D6B0008816B0008216D0008FA
:1000A000B5BD0008C16C0008B5BD0008B5BD0008AD
:1000B000B5BD0008B5BD0008B5BD0008E96C000875
:1000C000F56C0008B5BD0008B5BD0008B5BD000859
:1000D000B5BD0008B5BD0008B5BD0008B5BD000838
:1000E000496D0008B5BD0008B5BD0008B5BD0008E4
:1000F000D56C0008856B0008B5BD0008B5BD0008CB
:10010000B5BD0008B5BD0008A16C0008A16B0008D2
:10011000AD6B0008B5BD0008B5BD0008B5BD000851
:10012000B5BD0008B5BD0008B5BD0008B5BD0008E7
:10013000B5BD00080000000000000000B5BD0008CB
:10014000B5BD0008B5BD0008B5BD0008B96B000815
:10015000B5BD0008B5BD0008B5BD0008B5BD0008B7
:10016000B5BD0008B5BD0008B5BD0008B5BD0008A7
:10017000B5BD0008B5BD000800000000000000008B
:08018000B5BD0008B5BD000883
:1001900010B5054C237833B9044B13B10448AFF3C1
:1001A00000800123237010BD900600200000000095
:1001B000383B020808B5034B1BB103490348AFF3B2
:1001C000008008BD0000000094060020383B0208B3
:1001D00010F8012B11F8013B012A28BF9A42F7D0F1
:1001E000D01A7047034613F8012B002AFBD1181AC6
:1001F000013870470000000000000000000000000F
:1002000001F0FF01102A2BDB10F0070F08D010F8C7
:10021000013B013A8B422DD010F0070F42B3F6D1CB
:10022000F0B441EA012141EA014122F007047FF0E4
:1002300000070023F0E80256083C85EA010586EA3B
:10024000010685FA47F5A3FA87F586FA47F6A5FA77
:1002500087F68EB9EED1F0BC01F0FF0102F0070283
:1002600032B110F8013B013A83EA010313B1F8D12E
:100270000020704701387047002D06BF354603380F
:10028000073815F0010F07D1013015F4807F02BF48
:10029000013015F4C03F0130F0BC0138704700BF99
:1002A00081F0004102E000BF83F0004330B54FEA27
:1002B00041044FEA430594EA050F08BF90EA020F94
:1002C0001FBF54EA000C55EA020C7FEA645C7FEA27
:1002D000655C00F0E2804FEA5454D4EB5555B8BF4A
:1002E0006D420CDD2C4480EA020281EA030382EABB
:1002F000000083EA010180EA020281EA0303362D4D
:1003000088BF30BD11F0004F4FEA01314FF4801C1F
:100310004CEA113102D0404261EB410113F0004F31
:100320004FEA03334CEA133302D0524263EB4303E8
:1003300094EA050F00F0A780A4F10104D5F1200E86
:100340000DDB02FA0EFC22FA05F2801841F10001E1
:1003500003FA0EF2801843FA05F359410EE0A5F1B5
:1003600020050EF1200E012A03FA0EFC28BF4CF0E6
:10037000020C43FA05F3C01851EBE37101F000459C
:1003800007D54FF0000EDCF1000C7EEB00006EEBA9
:100390000101B1F5801F1BD3B1F5001F0CD3490833
:1003A0005FEA30004FEA3C0C04F101044FEA44528A
:1003B00012F5800F80F09A80BCF1004F08BF5FEA11
:1003C000500C50F1000041EB045141EA050130BDF1
:1003D0005FEA4C0C404141EB010111F4801FA4F194
:1003E0000104E9D191F0000F04BF01460020B1FAE9
:1003F00081F308BF2033A3F10B03B3F120020CDA21
:100400000C3208DD02F1140CC2F10C0201FA0CF0FE
:1004100021FA02F10CE002F11402D8BFC2F1200C63
:1004200001FA02F120FA0CFCDCBF41EA0C01904019
:10043000E41AA2BF01EB0451294330BD6FEA040462
:100440001F3C1CDA0C340EDC04F11404C4F120024D
:1004500020FA04F001FA02F340EA030021FA04F35F
:1004600045EA030130BDC4F10C04C4F1200220FAB6
:1004700002F001FA04F340EA0300294630BD21FAF4
:1004800004F0294630BD94F0000F83F4801306BFBA
:1004900081F480110134013D4EE77FEA645C18BFAE
:1004A0007FEA655C29D094EA050F08BF90EA020F45
:1004B00005D054EA000C04BF1946104630BD91EA3D
:1004C000030F1EBF0021002030BD5FEA545C05D140
:1004D0004000494128BF41F0004130BD14F580047F
:1004E0003CBF01F5801130BD01F0004545F0FE41F3
:1004F00041F470014FF0000030BD7FEA645C1ABF28
:10050000194610467FEA655C1CBF0B46024650EA5E
:10051000013406BF52EA033591EA030F41F400218A
:1005200030BD00BF90F0000F04BF0021704730B510
:100530004FF4806404F132044FF000054FF00001E5
:1005400050E700BF90F0000F04BF0021704730B5A6
:100550004FF4806404F1320410F0004548BF40427B
:100560004FF000013EE700BF42004FEAE2014FEAD0
:1005700031014FEA02701FBF12F07F4393F07F4FAB
:1005800081F06051704732F07F4208BF704793F0AE
:100590007F4F04BF41F40021704730B54FF46074C1
:1005A00001F0004521F000411CE700BF50EA0102C4
:1005B00008BF704730B54FF000050AE050EA01026D
:1005C00008BF704730B511F0004502D5404261EBDD
:1005D00041014FF4806404F132045FEA915C3FF41E
:1005E000D8AE4FF003025FEADC0C18BF03325FEABB
:1005F000DC0C18BF033202EBDC02C2F1200300FA6C
:1006000003FC20FA02F001FA03FE40EA0E0021FA90
:1006100002F11444BDE600BF70B54FF0FF0C4CF47E
:10062000E06C1CEA11541DBF1CEA135594EA0C0F30
:1006300095EA0C0F00F0DEF82C4481EA030621EA6B
:100640004C5123EA4C5350EA013518BF52EA0335A6
:1006500041F4801143F4801338D0A0FB02CE4FF058
:100660000005E1FB02E506F00042E0FB03E54FF088
:100670000006E1FB03569CF0000F18BF4EF0010E80
:10068000A4F1FF04B6F5007F64F5407404D25FEA7C
:100690004E0E6D4146EB060642EAC62141EA55512F
:1006A0004FEAC52040EA5E504FEACE2EB4F1FD0C71
:1006B00088BFBCF5E06F1ED8BEF1004F08BF5FEAEF
:1006C000500E50F1000041EB045170BD06F00046A1
:1006D00046EA010140EA020081EA0301B4EB5C044E
:1006E000C2BFD4EB0C0541EA045170BD41F4801146
:1006F0004FF0000E013C00F3AB8014F1360FDEBF6B
:10070000002001F0004170BDC4F10004203C35DA46
:100710000C341BDC04F11404C4F1200500FA05F3C9
:1007200020FA04F001FA05F240EA020001F000426A
:1007300021F0004110EBD37021FA04F642EB0601E0
:100740005EEA430E08BF20EAD37070BDC4F10C040A
:10075000C4F1200500FA04F320FA05F001FA04F2CE
:1007600040EA020001F0004110EBD37041F10001BA
:100770005EEA430E08BF20EAD37070BDC4F12005C5
:1007800000FA05F24EEA020E20FA04F301FA05F22D
:1007900043EA020321FA04F001F0004121FA04F2D5
:1007A00020EA020000EBD3705EEA430E08BF20EAA5
:1007B000D37070BD94F0000F0FD101F000464000DF
:1007C00041EB010111F4801F08BF013CF7D041EA61
:1007D000060195F0000F18BF704703F00046520065
:1007E00043EB030313F4801F08BF013DF7D043EA36
:1007F0000603704794EA0C0F0CEA135518BF95EAEC
:100800000C0F0CD050EA410618BF52EA4306D1D172
:1008100081EA030101F000414FF0000070BD50EA91
:10082000410606BF1046194652EA430619D094EA1B
:100830000C0F02D150EA013613D195EA0C0F05D105
:1008400052EA03361CBF104619460AD181EA030159
:1008500001F0004141F0FE4141F470014FF0000011
:1008600070BD41F0FE4141F4780170BD70B54FF0AC
:10087000FF0C4CF4E06C1CEA11541DBF1CEA13552C
:1008800094EA0C0F95EA0C0F00F0A7F8A4EB05040E
:1008900081EA030E52EA03354FEA013100F0888005
:1008A0004FEA03334FF0805545EA131343EA1263CE
:1008B0004FEA022245EA111545EA10654FEA002683
:1008C0000EF000419D4208BF964244F1FD0404F53C
:1008D000407402D25B084FEA3202B61A65EB030598
:1008E0005B084FEA32024FF480104FF4002CB6EB55
:1008F000020E75EB030E22BFB61A754640EA0C00D5
:100900005B084FEA3202B6EB020E75EB030E22BF14
:10091000B61A754640EA5C005B084FEA3202B6EB55
:10092000020E75EB030E22BFB61A754640EA9C0014
:100930005B084FEA3202B6EB020E75EB030E22BFE4
:10094000B61A754640EADC0055EA060E18D04FEAA2
:10095000051545EA16754FEA06164FEAC30343EA42
:1009600052734FEAC2025FEA1C1CC0D111F4801F0F
:100970000BD141EA00014FF000004FF0004CB6E708
:1009800011F4801F04BF01430020B4F1FD0C88BFA7
:10099000BCF5E06F3FF6AFAEB5EB030C04BFB6EBB2
:1009A000020C5FEA500C50F1000041EB045170BDA5
:1009B0000EF0004E4EEA113114EB5C04C2BFD4EBD2
:1009C0000C0541EA045170BD41F480114FF0000E56
:1009D000013C90E645EA060E8DE60CEA135594EAD2
:1009E0000C0F08BF95EA0C0F3FF43BAF94EA0C0FD5
:1009F0000AD150EA01347FF434AF95EA0C0F7FF44A
:100A000025AF104619462CE795EA0C0F06D152EA9D
:100A100003353FF4FDAE1046194622E750EA410681
:100A200018BF52EA43067FF4C5AE50EA41047FF492
:100A30000DAF52EA43057FF4EBAE12E74FF0FF3CF7
:100A400006E000BF4FF0010C02E000BF4FF0010CC8
:100A50004DF804CD4FEA410C7FEA6C5C4FEA430C41
:100A600018BF7FEA6C5C1BD001B050EA410C0CBF90
:100A700052EA430C91EA030F02BF90EA020F0020F2
:100A8000704710F1000F91EA030F58BF994208BF59
:100A900090422CBFD8176FEAE37040F00100704716
:100AA0004FEA410C7FEA6C5C02D150EA013C07D16D
:100AB0004FEA430C7FEA6C5CD6D152EA033CD3D0B8
:100AC0005DF8040B704700BF8446104662468C46B2
:100AD0001946634600E000BF01B5FFF7B7FF0028E5
:100AE00048BF10F1000F01BD4DF808EDFFF7F4FF0E
:100AF0000CBF012000205DF808FB00BF4DF808ED99
:100B0000FFF7EAFF34BF012000205DF808FB00BFBB
:100B10004DF808EDFFF7E0FF94BF012000205DF8DD
:100B200008FB00BF4DF808EDFFF7CEFF94BF012092
:100B300000205DF808FB00BF4DF808EDFFF7C4FF8B
:100B400034BF012000205DF808FB00BF4FEA410CD4
:100B50007FEA6C5C02D150EA013C0AD14FEA430CB7
:100B60007FEA6C5C02D152EA033C02D14FF00000F4
:100B700070474FF0010070474FEA410212F5001232
:100B800015D211D56FF47873B3EB625212D94FEAD4
:100B9000C12343F0004343EA505311F0004F23FABE
:100BA00002F018BF404270474FF00000704750EA13
:100BB000013005D111F0004008BF6FF000407047D0
:100BC0004FF00000704700BF4A0011D212F500122A
:100BD00011D20DD56FF47873B3EB62520ED44FEA95
:100BE000C12343F0004343EA505323FA02F0704715
:100BF0004FF00000704750EA013002D14FF0FF3053
:100C000070474FF0000070474FEA4102B2F1E043F5
:100C100024BFB3F5001CDCF1FE5C0DD901F0004CE3
:100C20004FEAC0024CEA5070B2F1004F40EB830033
:100C300008BF20F00100704711F0804F21D113F15F
:100C40003872BCBF01F00040704741F480114FEA98
:100C50005252C2F11802C2F1200C10FA0CF320FA21
:100C600002F018BF40F001004FEAC1234FEAD3233E
:100C700003FA0CFC40EA0C0023FA02F34FEA4303A8
:100C8000CCE77FEA625307D150EA01331EBF4FF031
:100C9000FE4040F44000704701F0004040F0FE404C
:100CA00040F40000704700BF7BB972B90029BEBF95
:100CB00000204FF0004106E008BF00281CBF6FF085
:100CC00000414FF0FF3001F043B9ADF1080C6DE980
:100CD00004CE002909DB002B1ADB00F04DF8DDF80B
:100CE00004E0DDE9022304B07047404261EB4101BA
:100CF000002B1BDB00F040F8DDF804E0DDE9022307
:100D000004B0404261EB4101524263EB4303704740
:100D1000524263EB430300F02FF8DDF804E0DDE915
:100D2000022304B0404261EB41017047524263EB41
:100D3000430300F021F8DDF804E0DDE9022304B00C
:100D4000524263EB4303704753B94AB9002908BFC5
:100D500000281CBF4FF0FF314FF0FF3001F0F8B812
:100D6000ADF1080C6DE904CE00F006F8DDF804E002
:100D7000DDE9022304B070472DE9F047089E0446E0
:100D80008846002B4BD18A42154667D9B2FA82F2C7
:100D90004AB1C2F1200701FA02F320FA07F79540A1
:100DA00047EA030894404FEA154E230CB8FBFEF7C0
:100DB0001FFA85FC0EFB178843EA084307FB0CF17A
:100DC000994209D9EB1807F1FF3080F01B81994255
:100DD00040F21881023F2B445B1AA4B2B3FBFEF031
:100DE0000EFB103344EA034400FB0CFCA44509D974
:100DF0002C1900F1FF3380F00781A44540F20481F3
:100E000002382C4440EA0740A4EB0C0400271EB132
:100E1000D4400023C6E900433946BDE8F0878B4241
:100E200009D9002E00F0EB800027C6E90001384602
:100E30003946BDE8F087B3FA83F7002F47D18B42DC
:100E400002D3824200F2FA80841A61EB030301208C
:100E50009846002EE0D0C6E90048DDE702B9FFDE83
:100E6000B2FA82F2002A40F08F80491B4FEA154EF9
:100E70001FFA85F80127B1FBFEFC230C0EFB1C11A9
:100E800043EA014308FB0CF1994207D9EB180CF136
:100E9000FF3002D2994200F2CD808446591AA3B2A3
:100EA000B1FBFEF00EFB101443EA044408FB00F80B
:100EB000A04507D92C1900F1FF3302D2A04500F25A
:100EC000B6801846A4EB080440EA0C409FE7C7F13F
:100ED000200CBB4022FA0CFE4EEA030E01FA07F486
:100EE00020FA0CF521FA0CF34FEA1E482543B3FB18
:100EF000F8F92C0C08FB19331FFA8EFA44EA034365
:100F000009FB0AF49C4202FA07F200FA07F10BD936
:100F10001EEB030309F1FF3080F087809C4240F212
:100F20008480A9F1020973441B1BADB2B3FBF8F036
:100F300008FB103345EA034400FB0AFAA24508D92E
:100F40001EEB040400F1FF336BD2A24569D90238CD
:100F5000744440EA0940A0FB0289A4EB0A044C4512
:100F6000C2464B4654D351D0002E69D0B1EB0A058E
:100F700064EB030404FA0CFCFD40FC404CEA05055C
:100F8000C6E90054002747E7C2F1200320FA03F71F
:100F9000954001FA02F021FA03F34FEA154E384367
:100FA000010CB3FBFEF71FFA85F80EFB173341EA7D
:100FB000034107FB08F38B4204FA02F407D96918CE
:100FC00007F1FF3C2FD28B422DD9023F2944CB1A87
:100FD00081B2B3FBFEF00EFB103341EA034100FB8C
:100FE00008F38B4207D9691800F1FF3C17D28B42F6
:100FF00015D902382944C91A40EA07473BE7374662
:10100000304609E70746E7E61846FBE64145ABD21E
:10101000B8EB020A69EB0E0201381346A4E76046FA
:10102000E9E7184695E76746D1E781467CE702384D
:101030002C4447E7ACF1020C2B442FE7384608E775
:101040003746E9E603685A004CBF43F0004323F0FB
:1010500000431844704700BF61B32DE9F84F01F118
:10106000FF3A90460646D146002707EB090404EBF9
:10107000D4746410E50071190846FFF7E3FFA24538
:10108000834605F10800304409D0FFF7DBFFC34574
:1010900000F1FF3005D8404509D2671CE5E7C3459C
:1010A00005D9A74202D004F1FF39DEE70021084646
:1010B000BDE8F88F08467047012807D0022807D0FE
:1010C000044B00280CBF18460020704702487047A8
:1010D00002487047A5170008A9170008AD170008B7
:1010E00030B5254B83B004468D1E4BB301A928466D
:1010F000AFF30080F0B101992A46FFF7ADFF01463A
:10110000C0B1FFF79FFF4B68A064012B2ED0002BCE
:1011100001F1040026DBFFF795FF0023C4E9130368
:101120000368002B12DBFFF78DFF002320611846B8
:1011300003B030BD002323610923184603B030BD3E
:101140000E490F48091AC9100191D5E7C3F303608E
:10115000FFF7B2FF002814BF0023092320611846BF
:1011600003B030BD0123C4E91303D9E70023236191
:101170000523184603B030BD00000000807502084A
:10118000A06F02080368DA0710B5044606D49B076F
:1011900000F1480009D500F05FFC2368590709D524
:1011A0001A070ED5DB0613D510BD00F04DFC2368E1
:1011B0005907F5D404F1D00000F056FC23681A0753
:1011C000F0D404F5A87000F057FC2368DB06EBD4DC
:1011D00004F5E870BDE8104000F092BC036803B16C
:1011E00003441846704700BF09207047704700BF8E
:1011F00070B504460D4608E02B6C63612A462369EE
:10120000214601209847082808D1296C2046FFF77D
:1012100067FF06460028EFD01DF012FD0728FBD11E
:101220003046296CFFF7E2FF281D00F001FC00BFEB
:101230002DE9F0470C1D054617460FCCADF5727D24
:1012400003AE0FC60FCC0FC60FCC0FC694E80F002D
:1012500002ACD5F80C80D5F8189086E80F00002372
:10126000236021E0236C6B614FF4F07221467AA871
:101270001DF058FD2B697AAA294630469847889B6D
:10128000CDE900498246636431462B462A46012057
:10129000C0470746F8B94FF4F0727AA920461DF00E
:1012A00041FDBAF1080F1CD1216C2846FFF718FF49
:1012B000002F08BF0926074618BF0A260028D1D0EC
:1012C000A36B46F01001CDE900492A466364012072
:1012D0002B46C04700B1092738460DF5727DBDE8A1
:1012E000F087BAF1070FF6D13846216CFFF77EFF81
:1012F00003A800F09DFB00BF406C7047F0B5CB6BBE
:101300000B640D1D0F4606460FCDF9B001AC0FC49E
:101310000FCD0FC40FCD0FC495E80F004FF0FF3570
:1013200084E80F00009506E033696A463146984725
:101330000828044608D110993046FFF7D1FE00284E
:10134000F2D0092079B0F0BD6846FFF71BFF062CEC
:10135000F7D139463046FFF74BFF00BF30B4DD6BA5
:10136000C160826119461D64002230BC60E700BF85
:1013700070B5C66843690B64BEB903690A46044682
:101380000D46014602209847072807D0082803D1B8
:1013900029462046FFF72CFF1DF052FC3046296CF1
:1013A000FFF724FF281D00F043FB0122FFF740FF59
:1013B0001DF046FCC2681AB1CA6B0A64002237E706
:1013C0009CE700BF704700BF836813B1014601204E
:1013D00018477047042907D8DFE801F0030806081A
:1013E00008000BB90F2A03D902207047012070476B
:1013F00000EB820218465368009A1360704700BFE2
:1014000010B584B0002303AC0A4600941946FFF7D8
:10141000E1FF039804B010BD042907D8DFE801F00C
:101420000308060808000BB90F2A03D902207047E9
:101430000120704700EB8200009A12684260184653
:10144000704700BF10B584B004AC002344F8042DED
:101450000A4600941946FFF7DFFF04B010BD00BF35
:10146000F0B5D36B1364151D07460E460FCDADF5D1
:101470000F7D17AC0FC40FCD0FC40FCD0FC495E86F
:101480000F004FF0FF3584E80F00169510E016A806
:10149000FFF7D8FF314616A8B84716AA694678B9AB
:1014A000049B08209847052804460AD0092807D03D
:1014B00026996846FFF714FE6A460C210028E6D0FC
:1014C000092416A8FFF75EFE20460DF50F7DF0BD3E
:1014D0002DE9F04F0D46C96C89B00C1D164600F081
:1014E000030B0A6806941F46002B68D0130CD9B270
:1014F00012048DF81D30022304EB810405928DF84F
:101500001C302B6DBBF1020F08BFAC6B13F0010355
:1015100046D1019300F008030093D4F80090B9F18C
:10152000000F00F0F380022F45D0B4F80090B4F81B
:1015300002800434AB6C28F0010A0F2130469A4433
:10154000FFF75EFF824534D829F0010353448342FC
:1015500094BF002001204FEA480808F0020809F073
:10156000010948EA0908B8F1010F3AD031D3B8F1BE
:10157000020F1AD1236823F0004ABBF1000F66D195
:1015800030B1009A002A6CD0BAF1000F00F09080C0
:10159000002B00DA04340AF1010304EB8304BCE7F6
:1015A000304605A900F046FB78B1092009B0BDE836
:1015B000F08F0020CFE7D4F804800834BAE7120295
:1015C00003230592ADF81C309BE7082009B0BDE865
:1015D000F08FBBF1000F02D0002840F0B48004343B
:1015E0009BE7BBF1000F18D1A8B1D4E90023991CE7
:1015F0004FEAD272D9D005F158010133049100F0BD
:10160000B580201DFFF7EAFD04AB014628461CF01B
:1016100005FD002867D108347FE70D213046D5F855
:101620002080FFF7EDFE8045F5D1AB6A9C42F2D1F8
:101630002046FFF707FD0F2102463046FFF702FF65
:1016400030462A460021FFF7FDFE0720AEE70D21B8
:101650003046D5F82080FFF7D3FE804532D023688E
:1016600096E7BAF1000F23D005F1580304F10408FE
:10167000CDF808B0DDF800900397A3461C4602E0C1
:101680005745B94640D040460494FFF7A7FD04AB48
:101690000146002228461CF0C1FC09F1010708F1AF
:1016A00004080028ECD0D1455C46DDE902B7D6D16C
:1016B00030460D21FFF7A4FE049B2862C5E90934DA
:1016C000062073E7AB6A9C42C9D104224FF00008A0
:1016D000A318C5E90AA8C5E90C23236843454DDBD7
:1016E0000123019357E780460D213046FFF788FE1E
:1016F000B8F1020F28623ED12B46049A43F82C2FF2
:101700006B62AC62062051E75C46D1E705A9304622
:1017100000F090FA00287FF448AF019B002B3FF4C3
:1017200054AF0F213046FFF76BFE0E2102463046C4
:10173000FFF788FE30461A4A0F21FFF783FE072085
:1017400009B0BDE8F08F2046FFF77CFC0434074663
:10175000AC6328461CF0C0FC00283FF426AF30469E
:101760003A460F21FFF76EFE07201FE730460D2196
:10177000FFF746FE2862049B6B62C2E70AF1010094
:1017800004EB8000FFF75EFC0F2102463046FFF7B6
:1017900059FE30462A464146FFF754FE072005E72A
:1017A000ADE80108002393E6012391E602238FE6CA
:1017B0002DE9F0410546C4B0042906D8DFE801F060
:1017C0004D2B05030900032B5FD0022044B0BDE878
:1017D000F081002BF9D1102AF7D82B68DC0600F134
:1017E000F48022AC2046019200F094F9A86B019A93
:1017F0000023012606FA03F1114203D0016844F8E0
:10180000231004300133042BF4D1A863204600F0E8
:1018100077F90020DAE7012B4FEA124697B252D04F
:10182000052BD2D106EB0708B8F1200FCDD80F2E2B
:1018300040F29980B846002F40F0DB80AA6BAA6383
:101840000F2E40F2BE80B8F1000F02D002A800F0C7
:101850000BF9002044B0BDE8F081002BB5D1AC6B92
:1018600097B2281D012606FA03F1394203F101035C
:1018700002D0216801600434102B00F10400F2D181
:1018800012F40050E5D1AC63A0E7160C97B2F3193F
:10189000102B9AD82B681A075DD422AC204600F092
:1018A0000DF904EBC601AB6B3FB103EBC70218683F
:1018B00041F8040B04339342F9D12046AB6300F0A6
:1018C000DBF8002082E7F219102A3FF67EAF0F2ED8
:1018D0003FF67BAF2A68D10708D5284622F00302DD
:1018E00040F8482B019300F0B3F8019B019322AC20
:1018F000204600F0ADF8A96B019B002F00F0958009
:101900007F0004EBC6044FF00008043C01EB8702A3
:1019100051F8040B44F8040F9142F9D1B8F1000FCB
:101920000FD002AC102E314638BF102104EBC1019C
:10193000843902EBC80452F8040B41F8040F9442B6
:10194000F9D1012B7FF47BAF22AC0432AA6320468D
:1019500000F07AF87DE723F008032B6005F5A87006
:1019600000F0ACF899E7B8F1100F2A6843D9D00716
:10197000A8F110080BD5284622F0010242F002021D
:1019800040F8482B019300F06BF82A68019B51073F
:1019900025D40F2E04D822A8019300F061F8019BF2
:1019A000019302AC204600F063F8C6F11001002953
:1019B000AA6B019BB6DD22AC4F0004EBC6041146B6
:1019C000A3E722A800F048F83DE723F010032B60BE
:1019D00005F5E870019200F09DF8019A01E72846AC
:1019E00022F0040240F8D02B019300F041F8019B53
:1019F000CFE72A68CBE7D0070AD5284622F00102B4
:101A000042F0020240F8482B019300F029F8019BB4
:101A1000019322AC204600F023F8B846A96B019B45
:101A2000002F7FF46DAF0A4609E70A468DE700BF35
:101A300000F1340191E838009C46A6464CF8045D5C
:101A400090E8FF0FE54600BD90EC210B704700BF0A
:101A500080EC210B704700BF90EC200B704700BF5B
:101A600080EC200B704700BFD0EC200B704700BF0C
:101A7000C0EC200B704700BFF0EC0201F0EC02114B
:101A8000F0EC0221F0EC0231F0EC0241F0EC0251FA
:101A9000F0EC0261F0EC0271F0EC0281F0EC0291EA
:101AA000F0EC02A1F0EC02B1F0EC02C1F0EC02D1DA
:101AB000F0EC02E1F0EC02F1704700BFE0EC020153
:101AC000E0EC0211E0EC0221E0EC0231E0EC02413A
:101AD000E0EC0251E0EC0261E0EC0271E0EC02812A
:101AE000E0EC0291E0EC02A1E0EC02B1E0EC02C11A
:101AF000E0EC02D1E0EC02E1E0EC02F1704700BF63
:101B0000B0FC0181B0FC0191B0FC01A1B0FC01B1BD
:101B1000704700BFA0FC0181A0FC0191A0FC01A1C5
:101B2000A0FC01B1704700BFEC4600B52DE90050A4
:101B30002DE9FF1F4FF000032DE90C0001A9FFF76D
:101B4000DDFBDDF840E012B0704700BFEC4600B5A9
:101B50002DE900502DE9FF1F4FF000032DE90C0087
:101B600001A9FFF705FCDDF840E012B0704700BFA7
:101B7000EC4600B52DE900502DE9FF1F4FF00003A2
:101B80002DE90C0001A9FFF715FCDDF840E012B0CB
:101B9000704700BFEC4600B52DE900502DE9FF1F4E
:101BA0004FF000032DE90C0001ABFFF7D7FBDDF888
:101BB00040E012B0704700BFEC4600B52DE9005080
:101BC0002DE9FF1F4FF000032DE90C0001AAFFF7DC
:101BD00047FCDDF840E012B0704700BF027A82B9DE
:101BE000437AABB14268013B10B4437213680321DE
:101BF000141D01721A02446002605DF8044B180E55
:101C000070470368013A02721A020260180E7047A8
:101C1000B020704700B585B003AA00230092194692
:101C20000C22FFF7D7FB039805B05DF804FB00BF5B
:101C3000F0E700BF2DE9F043054685B00E464FF0B2
:101C400000083046FFF7CAFFB028044600F0B18014
:101C5000070620D500F0F003802B65D0902B36D0FE
:101C6000A02B78D0B02B47D0C02B00F08A8000F09A
:101C7000F803D02B0BD100F00702013242F400220E
:101C8000052301212846FFF793FD0028D9D009201C
:101C900005B0BDE8F0830DF10C090023194687005B
:101CA000CDF800900D222846FFF794FBFFB2039B6E
:101CB000CDF80090043760064CBFDF1BFF180023EF
:101CC00019460D2228460397FFF7A6FBB9E700F057
:101CD0000D030D2BDBD003AF002300F00F021946DC
:101CE00000972846FFF776FB0023009719460D2240
:101CF0002846FFF791FBA4E7B1285FD0B22800F097
:101D0000CC80B3287ED000F0FC03B42BBFD000F011
:101D100007020132012342F4002219462846FFF748
:101D200047FD00288DD0B2E73046FFF757FF240269
:101D30000443B4F5004FAAD024010023A2B21946EF
:101D40002846FFF735FD0028A1D114F4004F18BF35
:101D50004FF0010875E7C24302F007034FF47F62BA
:101D60001A41010702F47F624FF0000348BF42F4BA
:101D7000804219462846FFF71BFD00283FF461AF5B
:101D800085E7C62851D0C7285AD000F0F803C02BE9
:101D900069D0C82875D0C9287FF479AF3046FFF7DD
:101DA0001DFF020300F00F0002F470220130024315
:101DB00066E7B8F1000F14D0002069E73046FFF75E
:101DC0000DFF00283FF463AF10F0F0037FF45FAF26
:101DD000024619462846FFF7EBFC00283FF431AFD6
:101DE00055E703AC43460E22414600942846FFF7D0
:101DF000F1FA0094284643460F224146FFF70CFBB8
:101E0000404645E73046FFF7E9FE010300F00F00CA
:101E100001F47021421C01230A4328461946FFF7AA
:101E2000C7FC00283FF40DAF31E73046FFF7D6FE80
:101E3000010300F00F0001F47021421C0323EBE7C3
:101E40003046FFF7CBFE024600283FF420AF10F0EB
:101E5000F0037FF41CAF04212846FFF7A9FC0028FB
:101E60003FF4EFAE13E700F00F020132032342F418
:101E7000202219462846FFF79BFC00283FF4E1AEDC
:101E800005E73046FFF7AAFE00F0F00200F00F036E
:101E90001032013343EA0232F2E600230DF10C095D
:101EA0000D221946CDF800902846FFF793FA3046E8
:101EB000FFF794FE02064FF002070CD5039B00F0DB
:101EC0007F00B840034430460393FFF787FE0306C4
:101ED00007F10707F2D4039BCDF8009000F07F04D0
:101EE00003F50172BC400023144419460D22284614
:101EF0000394FFF791FAA4E610B5C36C84B05A6856
:101F000003208DF80C00DC798DF80D4012020833A7
:101F1000084601A901920293FFF78CFE04B010BDA0
:101F200008B5FFF785FE806C08BD00BF08B5FFF758
:101F30007FFEC06CC37900EB8300083008BD00BF92
:101F400008B51CF07DFE00BF08B5FFF7F9FF00BF24
:101F5000704700BFF1EE103A43F08073E1EE103AA3
:101F6000704700BF074AD3684FF6FF010B400002DD
:101F700043F0BF6300F4E06043F400330343D360F5
:101F8000704700BF00ED00E0184BDB68C3F302238D
:101F900030B4C3F10705042D03F1040428BF042560
:101FA000062C19D9033B4FF0FF349C4022EA04046D
:101FB0004FF0FF32AA4021EA020101FA03F2224364
:101FC00012010028D2B20ADB00F1604000F5614046
:101FD00080F8002330BC704700242346E8E7044B18
:101FE00000F00F0003441A7630BC704700ED00E0AB
:101FF000FCEC00E000F01F0101234009024A8B4085
:1020000042F82030704700BF00E100E04309203370
:1020100000F01F000122034902FA00F041F82300FA
:10202000704700BF00E100E00138B0F1807F0ED2C0
:10203000084B10B4084C5860F02084F823000022AC
:10204000072110469A6019605DF8044B7047012023
:10205000704700BF10E000E000ED00E0044A1368A4
:1020600004280CBF43F0040323F0040313607047FB
:1020700010E000E038B5134602250A46C0E90633F1
:10208000C0F8F451002102F0F7FA002038BD00BF7B
:1020900008B513460A46002102F0EEFA002008BDFA
:1020A00038B5134603250A46C0F80831C0F80C318C
:1020B000C0F8F451002102F0EDFA002038BD00BF55
:1020C00008B513460A46002102F0E4FA002008BDD4
:1020D00008B504220023C0F8F42119461A4602F07C
:1020E000CBFA002008BD00BF08B505220023C0F8C8
:1020F000F42119461A4602F0CDFA002008BD00BFAF
:1021000030B5014689B000222D20FFF73DFF2D207C
:10211000FFF770FF0025164B02951A6C154C42F420
:1021200080721A641B6C03F4807301A9029303A8E4
:10213000029B05F063F905F041F90F4A0F4925614B
:102140004300A2FB03239B0C013B40F2E7322046F5
:10215000C4E901352160E26008F08AF810B101207D
:1021600009B030BD204607F0DBFD09B030BD00BF2F
:10217000003802402C39002083DE1B430020004041
:1021800000287CD038B590F820300446002B73D05E
:102190002268136823F00203136004F067FB05460E
:1021A00004E004F063FB401B0A285CD823685A68EB
:1021B0009107F6D41A6842F001021A6004F056FB47
:1021C000054604E004F052FB401B0A284BD8236864
:1021D0005A68D207F6D5227E012A1A680CBF42F04F
:1021E000800222F080021A60627E012A1A680CBF07
:1021F00042F0400222F040021A60A27E012A1A68D0
:102200000CBF42F0200222F020021A60E27E012A76
:102210001A680CBF22F0100242F010021A60227FEE
:10222000012A1A680CBF42F0080222F008021A6064
:10223000627F012A1A680CBF42F0040222F00402F5
:102240001A60D4E90221D4E904500A4361682A43A0
:10225000024301390A4301250021DA61084661621F
:1022600084F8205038BD636A052243F4003363626A
:10227000012084F8202038BD04F0C8FD88E7012043
:10228000704700BF90F82030012B09D090F8203023
:10229000022B05D0436A43F4802343620120704738
:1022A0003B4BD3F8002242F00102F0B4C3F8002205
:1022B000D3F8002222F47C52C3F80022D3F8002283
:1022C000486A42EA0022C3F800224A69D3F81C5245
:1022D00001209040C4432540C3F81C52CD69002D15
:1022E00039D1D3F80C522540C3F80C52D200CF6834
:1022F0008D888E680B8802F1804202F5C84245EA5B
:10230000074543EA0643C2F84052C2F844328B699B
:102310001F4A002B35D1D2F804322340C2F80432D0
:102320000B693BBB1A4BD3F814221440C3F8144278
:102330000B6A012B05D1164AD2F81C321843C2F899
:102340001C02134AD2F8003223F001030020C2F825
:102350000032F0BC7047012DD9D1D3F80C5205439F
:10236000C3F80C52D20002F180420F688D888E684B
:102370008B89C2E7064AD2F814320343C2F81432FA
:10238000D6E7D2F804320343C2F80432C8E700BFEC
:102390000064004038B590F82030012B05D0436A26
:1023A00043F400234362012038BD0268022380F811
:1023B0002030136823F001031360044604F056FA3A
:1023C000054604E004F052FA401B0A2807D82368A7
:1023D0005B6813F00103F5D16362184638BD636A88
:1023E000052243F400336362012084F8202038BDC5
:1023F00038B590F82030022B05D0436A43F480139F
:102400004362012038BD0268136843F00103136082
:10241000044604F02BFA054604E004F027FA401BBA
:102420000A280CD823685A68D207F6D51A68012101
:1024300022F002021A60002084F8201038BD636A7E
:10244000052243F400336362012084F8202038BD64
:1024500070B490F82040012C0AD090F82040022C53
:1024600006D0436A43F480234362012070BC704766
:102470000468A5686D012DD5A0680125C0F3016031
:1024800085401D608B688BBB0E68CD6800F118031A
:102490001B0145EA4655E5500D7D096900012318E9
:1024A000012DC3F8841105D1D3F8841141F4807152
:1024B000C3F8841104445168C4F88C111268C4F83C
:1024C0008821D3F8802142F001020020C3F8802146
:1024D00070BC7047A5682E01CED4A568ED00CBD4A2
:1024E000436A43F4001343620120BFE7CD684E689E
:1024F0002B4300F118052D0143EAC6036351CBE7D6
:1025000090F82030012B05D090F82030022B01D01C
:1025100000207047036898689A689B681201C0F3AE
:10252000806048BF0130DB00F3D50130704700BF49
:102530002DE9F041044690F8200001280AD094F8D3
:102540002000022806D0636A43F4802363620120DE
:10255000BDE8F0812668002956D1F068850763D070
:1025600008013518D5F8B07107F004079760002FFF
:1025700055D0D5F8B071FF085760D5F8B0E1D5F85F
:10258000B4C1D5F8B471D5F8B4510644CEF3400EB9
:10259000D6F8B881C7F307270CF00F062D0CC2E957
:1025A00003E6C2E9055783F8008022680244D2F8A6
:1025B000B821120A5A7022680244D2F8B821120CCB
:1025C0009A7022680244D2F8B821120EDA7022689A
:1025D0000244D2F8BC211A7122680244D2F8BC210C
:1025E000120A5A7122680244D2F8BC21120C9A7164
:1025F00022681044D0F8BC21120EDA71D9B1012939
:1026000021D00020BDE8F0810129A9D130698007DF
:10261000A6D1636A43F400130846636298E7D5F8CD
:10262000B0717F0D1760A8E7636A43F4001363621B
:102630000120BDE8F0812268D36843F020030846FA
:10264000D360BDE8F0812268136943F02003136171
:1026500000207DE790F82030012B05D090F8203045
:10266000022B01D000207047036819B1186900F0EF
:1026700003007047D86800F00300704790F82030DE
:10268000012B09D090F82030022B05D0436A43F487
:1026900080234362012070470268536919435161E6
:1026A0000020704790F82030012B09D090F820309E
:1026B000022B05D0436A43F4802343620120704714
:1026C0000268536923EA010151610020704700BF8D
:1026D0002DE9F84F03685C69D3F804809F68D3F84C
:1026E0000CB0D3F81090D3F818A014F001060546EA
:1026F00020D017F001060DD00122B9079A6000F131
:10270000C7807A0700F1C88017F0080600F0DE8065
:102710004FF48056FB050BD52B684FF48072B8053B
:102720009A6000F1B180790540F1BE8046F4005610
:10273000FB0376D4230702D51BF0100F6BD167077C
:1027400003D51BF0080F40F09480A00703D52B6839
:10275000DB68990777D1620602D519F0100F54D1C2
:10276000A30602D519F0080F66D1E70603D52B683A
:102770001B6998076BD1A10302D518F0100F6AD11D
:10278000E20302D518F0080F6CD1230434D518F0F9
:10279000040F2B682ED0E70504D51AF0010F18BFDF
:1027A00046F00106A00504D51AF0020F18BF46F046
:1027B0000206610504D51AF0040F18BF46F004069E
:1027C000220517D51AF0700A14D0BAF1300F00F0B4
:1027D00087806ED9BAF1500F7FD0BAF1600F00F048
:1027E0008280BAF1400F01D146F040069A6922F08A
:1027F00070029A6104225A602EB16B6A1E436E62A7
:1028000028461AF037FEBDE8F88F2B68102246F4F0
:1028100080661A61A4E72B68102246F40076DA601D
:102820008DE72B684FF48032B8039A6028D479037F
:1028300035D546F400467DE72B6808221A61284604
:102840001AF012FE91E728461AF0FEFD83E72846AB
:102850001AF008FE8FE72B6810225A6028461AF0FB
:1028600005FE8DE72B6808225A6028461AF000FE04
:102870008BE72B680822DA6028461AF0F1FD64E73E
:1028800028461AF0D9FD55E728461AF0D3FD4FE740
:102890001AF0CEFD00263DE74FF400663AE73A0312
:1028A00010D546F4803645E73A0512D546F4804601
:1028B0003EE7BAF1100F19D0BAF1200F96D146F0C9
:1028C000100693E728461AF0BDFD33E71AF0B6FD6F
:1028D00020E728461AF0B4FD2AE746F0800685E78F
:1028E00046F0200682E746F480767FE746F0080649
:1028F0007CE700BF406A704790F82030012B09D078
:1029000090F82030022B05D0436A43F480234362C1
:1029100001207047002343621846704784B038B5E1
:102920000A9D05AC012D84E80E00044623D1836B7B
:10293000119A23F480338363C36823F4840323F060
:102940004003C360C368012A23F44013C3601CD052
:10295000204600F035FC089B012B07D1A36843F00B
:102960000603A360A36843F02003A360BDE83840DA
:10297000002004B07047C36843F04003C36000F018
:102980001FFC4FF48033A363E5E7C36843F480136F
:10299000C360DDE702460020936843F001039360C3
:1029A000704700BF02460020936823F00103936044
:1029B000704700BF08B5C368012923F0C043C36056
:1029C00009D019B9C36843F08043C360322003F0D3
:1029D00053FF002008BDC36843F00053C36032209A
:1029E00003F04AFF002008BD84B02DE9F04107AC98
:1029F00084E80E00119D0A9E836B8C46002D40F0EA
:102A0000878043F4001383630023C0F8003E0C9BCF
:102A1000D0F80028C0F80028012B00F5006700F06E
:102A20008A80D0F8003843F00303C0F800384FF430
:102A300084630361474B01E0013B02D002699106C8
:102A4000FAD410230361434B01E0013B02D0026939
:102A5000D206FAD400224FF0FF333A617A61BB61AB
:102A6000FA61BCF1000F2CD0144600F510634FF052
:102A700090484FF0FF0E196801320029B4BFC3F827
:102A800000801C6062451C61C3F808E003F120036C
:102A9000F1D100218C4600F530634FF090484FF0A3
:102AA000FF0E1C680131002CB4BFC3F80080C3F8CE
:102AB00000C09142C3F810C0C3F808E003F120033E
:102AC000EFD13B69012E23F480733B6124D00022B7
:102AD0006FF08043826143611EB9836943F0100344
:102AE000836181691C4B0D9A0B4383611AB1836921
:102AF00043F008038361012D05D1836943F08043CE
:102B000043F004038361BDE8F041002004B0704746
:102B100043F40023836377E7104B3B633B6B43F441
:102B2000803343F003033B6300226FF08043396B33
:102B300082614361D5E7099B23B9D0F80038C0F81A
:102B4000003874E7D0F8003843F00103C0F80038CB
:102B50006DE700BF400D030000383C80000180009D
:102B6000890141F020010161054A01E0013A05D0E7
:102B7000036913F02003F9D118467047032070470A
:102B8000400D030000F50062D0F8080810F00600C0
:102B900012D0936803F00603022B0CD0936803F065
:102BA0000603062B07D0936803F00603042B14BF1B
:102BB0000020022070470320704700BF70B44E7899
:102BC0000A780123012E03FA02F34FEA421400F5BA
:102BD000006518D0EA6900F5306042EA0343EB6112
:102BE00003591B040CD48A68CD780159C2F30A0238
:102BF00042F0805343F4004343EA85430B430351BF
:102C0000002070BC7047EE699BB2334300F5106042
:102C1000EB6103591D04F3D48B68CD780159C3F3DC
:102C20000A0343F0805343F4004343EA854343EAF5
:102C300082520A430251002070BC704730B44A7877
:102C40000C78012A4FEA441325D000F530614FF08B
:102C50000065CA5822F40042CA504FF08042CD505D
:102C6000CA501944234A01E0013A3FD08B6813F05F
:102C70001003F9D100F50062516841F480615160A0
:102C80004FF48030D16900FA04F421EA04041846B4
:102C9000D46130BC704700F510614FF00065CA5830
:102CA00022F40042CA504FF08042CD50CA5019441D
:102CB000104B01E0013B19D08A685500FAD44FF45B
:102CC000846303610B4B01E0013B02D00269920671
:102CD000FAD4012303FA04F4D0F81C38A4B223EA8E
:102CE0000404C0F81C48002030BC7047032030BCEE
:102CF000704700BF400D03002DE9F04F4D7891F86B
:102D000000C04B6991F803E0012D4FEA4C164AD000
:102D100000F5306C0CEB06048D682769FF0CFF048E
:102D20002761276927F0FF5727F4C017276183B36E
:102D3000654FD4F810802B44013BB3FBF5F307EA51
:102D4000C34747EA08079BB2276105FB03F52369E0
:102D5000C5F312051D432561012A04BFCB686361D9
:102D6000BEF1010F0CD1D0F8083813F4807F5CF865
:102D700006300CBF43F0005343F080534CF806304C
:102D80005CF8063043F004434CF806300020BDE800
:102D9000F08F2369C5F312051D432561236943F4B0
:102DA00000232361D8E700F5106808EB0604DBB3C5
:102DB000D4F81090D1F808B0434F4FEAD9494FEA00
:102DC000C949C4F81090D4F8109029F0FF5929F49B
:102DD000C019C4F81090D4F810A00BEB030909F146
:102DE000FF39B9FBFBF907EAC94747EA0A07276138
:102DF000D4F81090C3F3120747EA0907BEF1010F98
:102E0000276151D0012A5CD0D0F8343805FA0CF58E
:102E10001D43C0F8345858F8063043F0044348F8CE
:102E200006300020BDE8F08F256925F0FF5525F418
:102E3000C0152561256945F4002525612569ED0C3E
:102E4000ED04012A256129D0BEF1010FE3D1D0F8AC
:102E5000084814F4807F58F806400CBF44F0005432
:102E600044F0805448F8064058F8064044F00444C2
:102E700048F80640002A89D19BB203339A0885D0CE
:102E8000CB6800F5805003EB820200EB0C3C53F85A
:102E9000041BCCF800109342F9D177E70F69676102
:102EA000BEF1010FB7D1D2E7256925F0C0452561F4
:102EB0002569012A45F000552561C8D10D69656174
:102EC000C5E70B696361A6E70000F81F4B78F0B512
:102ED0000C784F69012B4FEA441525D000F530607E
:102EE00043198C681E69F60CF6041E611E6926F0F3
:102EF000FF5626F4C0161E61A7B91E6946F40026C7
:102F00001E611E69012AC4F3120408BFCA6844EA9C
:102F100006041C6108BF5A61435943F004434351FE
:102F20000020F0BD4C61E8E700F510667319BFB3EF
:102F3000D3F810C0D1F808E04FEADC4C4FEACC4C93
:102F4000C3F810C0D3F810C02CF0FF5C2CF4C01CE8
:102F5000C3F810C0D3F810C0BE454CF4002C38BFE5
:102F6000C1F814E0C3F810C0D3F810C038BF7746DA
:102F7000C7F3120747EA0C071F617759012A47F088
:102F80000447775120D04B69002BC9D0D0F83428A2
:102F9000012303FA04F41443C0F834480020F0BDC0
:102FA0001F6927F0FF5727F4C0171F611F6947F4F7
:102FB00000271F611F69FF0CFF041F617759012A59
:102FC00047F004477751DED10A695A610020F0BD0D
:102FD00010B49DF804406CB903339B080AD000F587
:102FE000805000EB023201EB830351F8040B1060B8
:102FF0008B42FAD100205DF8044B704703329208EF
:103000000DD010B401EB820200F58054084623680D
:1030100040F8043B8242FAD15DF8044B7047084601
:10302000704700BF4A780B78012A4FEA43130ED04D
:1030300000F53060C258002A03DBC25822F08042FB
:10304000C250C25842F40012C2500020704700F52E
:103050001060C258002AF0DAF3E700BFCB780A7894
:10306000497801290CBF00F5106000F5306052016D
:10307000023B8158DBB221F40011012B815003D8AF
:10308000835843F08053835000207047D0F80038B5
:1030900023F4FE63C0F80038D0F80038090101F4C9
:1030A000FE611943C0F800180020704700F5006267
:1030B00008B5536823F002030320536003F0DCFBE0
:1030C000002008BD00F5006208B5536843F0020314
:1030D0000320536003F0D0FB002008BD42698069E3
:1030E00010407047D0F8183800F50060C0691840EB
:1030F000000C7047D0F8183800F50060C06918401F
:1031000080B2704700F5306303EB411100F50060B9
:103110008A6840691040704710B4D0F81048D0F861
:10312000343800EB411000F51060CB40DB01DBB21E
:103130008068234318405DF8044B7047406900F0F5
:1031400001007047D0F8003923F4FF6323F0070330
:1031500000F50062C0F80039936803F00603042B01
:1031600005D1D0F8003943F00303C0F800395368A3
:1031700043F4807353600020704700BF10B40024F4
:10318000C0F8104BD0F8104B44F40024C0F8104B9A
:10319000D0F8104B44F01804C0F8104BD0F8104B86
:1031A000012944F0C044C0F8104B05D14FF08021F4
:1031B000C0F8142BC0F8001B00205DF8044B7047CA
:1031C0000B4B01E0013B10D00269002AFADA0369D7
:1031D000074A43F00103036101E0013A05D00369A6
:1031E00013F00103F9D1184670470320704700BF60
:1031F000400D030030B589B00023702501240C2256
:1032000001A9CDE90154CDE90333CDE90533079395
:1032100007F0EAF909B030BD70B5174A174B1360D3
:103220008CB04FF6FF710023012504240326D160E2
:10323000104603A9C2E9013313610493069308936E
:103240000A9303960595099507940B9407F080F867
:1032500068B9002301A90848CDE9013300F086FBD5
:1032600018B1F121064801F0A3F80CB070BDEA21B5
:10327000034801F09DF8ECE71C3A002000040040F0
:10328000403C020870B5184A184B13608CB04FF6DA
:10329000FF710023012504240326D160104603A9F1
:1032A000C2E9013313610493069308930A930396CA
:1032B0000595099507940B9407F04AF870B9002317
:1032C00001A90948CDE9013300F050FB20B14FF4CA
:1032D0008971074801F06CF80CB070BD40F20B1119
:1032E000034801F065F8EAE7A4390020000800402F
:1032F000403C020810B5224B224A1A6086B00022D8
:103300004FF0FF311846D960C3E901221A6107F076
:1033100003F870BB002369461948CDE9003300F07B
:1033200025FB00BB0A22012000240F2302920390F8
:1033300002A908221248CDE9044307F097F860B9C2
:1033400002A90C220E4807F091F820B14FF49C71AD
:103350000D4801F02DF806B010BD40F233110A48B7
:1033600001F026F8ECE74FF49571074801F020F8DA
:10337000D8E740F22311044801F01AF8CAE700BF69
:10338000E0390020000C0040403C020808B50B4B1F
:103390000B4A1A6042F6031100221846D960C3E9AD
:1033A00001221A6106F064FF00B908BD40F28511E0
:1033B0000448BDE8084000F0FBBF00BF583A0020B9
:1033C000001C0040403C020800B503681A4A9342C2
:1033D00083B01BD0194A934202D003B05DF804FBBE
:1033E0000022174B0192196C41F0800119641B6C8B
:1033F00003F08003019311462C20019BFEF7C4FDCE
:103400002C2003B05DF804EBFEF7F4BD00220C4B5A
:103410000092596C41F0010159645B6C03F00103A7
:10342000009311461920009BFEF7AEFD192003B052
:103430005DF804EBFEF7DEBD00000140001C00401B
:103440000038024010B50368B3F1804F82B004D059
:10345000194A934210D002B010BD03F50E3300227A
:1034600000921A6C42F001021A641B6C03F0010313
:103470000093009B02B010BD0024104B01945A6CC5
:1034800042F002025A645B6C03F0020322462146BA
:1034900001932C20019BFEF777FD2C20FEF7AAFD5F
:1034A000224621462D20FEF76FFD2D2002B0BDE8FB
:1034B0001040FEF79FBD00BF0004014000380240ED
:1034C00030B503681A4A934289B01ED0194A934214
:1034D00001D009B030BD02F50C3200230293116C0B
:1034E000154841F004011164126C059302F00402C6
:1034F0000292029DC024022203A90693CDE9034251
:10350000079207F041FB09B030BD02F50D320023F0
:103510000193116C084841F002011164126C05938B
:1035200002F0020201923024022203A9019DE4E785
:103530000004004000080040000402400268144BF0
:103540009A4200D0704730B587B0002403F50B33A2
:1035500000941A6C0F4842F008021A641B6C039422
:1035600003F0080300930C22022301A9CDE90123F3
:103570000593009D049407F007FB224605213220A5
:10358000FEF702FD3220FEF735FD07B030BD00BF6B
:10359000000C00400000024070B50368284A9342C6
:1035A00086B007D0B3F1804F3AD0264A93421CD060
:1035B00006B070BD4FF4604301A9234802260024E1
:1035C0000125CDE90136CDE90344059507F0DCFA84
:1035D0001E4801A94FF4E063CDE90264CDE904453A
:1035E000019307F0D1FA06B070BD8023032501A92D
:1035F0000226002415480595CDE90136CDE903449E
:1036000007F0C2FA01A910480595CDE90156CDE9A8
:10361000034407F0B9FA01A94FF4E0730C48DBE763
:10362000002301224FF44065022401A906480592B7
:10363000CDE90154CDE9033307F0A6FA06B070BD19
:10364000000001400004014000040240000002406C
:103650000008024030B5504B504A1A6095B0002225
:10366000602540F6AC5402211846C3E90254596162
:103670005A601A6106F0FCFD002840F0888014A909
:103680004FF4805341F8483D434806F015FC0028AC
:1036900078D1414806F024FE00286ED13E4806F05D
:1036A00003FE002864D12022002369463A48CDE970
:1036B000002300F05BF9002855D1002370241A463E
:1036C00006A935480694CDE90733CDE90933CDE99C
:1036D0000B3306F0B9FF002840D1042206A92E487A
:1036E00006F0B2FF002834D1082206A92A4806F0C5
:1036F000ABFF48BB002306A90C222748069306F01F
:1037000073FFE0B94FF4006000234FF48065142488
:103710004FF400520D900DA91F481193CDE90E539F
:1037200013931094129200F047F918B1A4211C4889
:1037300000F03EFE1848FFF72FFF15B030BD98216E
:10374000174800F035FEDDE79221154800F030FE05
:10375000D0E78D21124800F02BFEC5E788211048E4
:1037600000F026FEB9E77C210D4800F021FEA4E719
:1037700075210B4800F01CFE95E77021084800F009
:1037800017FE8BE76B21064800F012FE81E76521EA
:10379000034800F00DFE72E7943A0020000001405B
:1037A000403C020830B5254B00228BB04FF08045DD
:1037B00060244FF4805118461D60C3E902415A60ED
:1037C0001A6106F08DFD002832D1002301A91B48A3
:1037D000CDE9013300F0CAF828BB70200023022491
:1037E000039003A90822154804930793059406F053
:1037F0002BFF98B941F20104002303A90C220F48C2
:10380000CDE9044306F020FF18B1CE210C4800F0AA
:10381000CFFD0A48FFF7C0FE0BB030BDC7210848F6
:1038200000F0C6FDE6E7BE21054800F0C1FDD4E783
:10383000B721034800F0BCFDC7E700BFD03A002025
:10384000403C020830B53A4B3A4A1A6091B0002227
:10385000602540F6AC5402211846C3E90254596170
:103860005A601A6106F03CFD00285BD1202200233B
:1038700069462F48CDE9002300F078F800284BD1A5
:10388000002370241A4602A929480294CDE9033383
:10389000CDE90533CDE9073306F0D6FE002835D152
:1038A000042202A9224806F0CFFE48BB02A9082242
:1038B0001F4806F0C9FEE8B94FF4006000234FF43A
:1038C000806514244FF40052099009A918480D93FB
:1038D000CDE90A530F930C940E9200F06DF820B1CD
:1038E0004FF4BA71144800F063FD1148FFF754FE1D
:1038F00011B030BD4FF4B4710F4800F059FDDBE753
:1039000040F263110C4800F053FDCFE74FF4AF7164
:10391000094800F04DFDC3E74FF4A971064800F0D7
:1039200047FDADE740F24B11034800F041FD9DE734
:103930006839002000040140403C0208036804226A
:10394000186A02FA01F120EA010018621A6A1143AA
:1039500019625A6C42F400425A641A6842F0010239
:103960001A600020704700BFFFF7E8BF90F83830BA
:10397000012B1ED002460220136870B482F8390071
:103980005C6824F07004D1E900565C6058682843F4
:103990005860986820F0800098609968002401259C
:1039A00031439960204682F8395082F8384070BC23
:1039B00070470220704700BF90F83830012B21D0AB
:1039C00030B4D1E90253D1E9002423F440732B43EE
:1039D00023F48063234323F40063D1E904541343A5
:1039E00023F480532B4323F4005389690268234353
:1039F00023F440430B430021536430BC80F838105B
:103A00000846704702231846704700BF704700BF42
:103A1000704700BF30B4056812046C6AC9B1AB6A64
:103A2000013904EB13440CD000231846403005EB59
:103A3000800001334068DBB28B4204EB104418462F
:103A4000F4DB403105EB810114434C60002030BCB5
:103A500070471443AC62002030BC704703680020FC
:103A60005962704710B582B000241C4B00941A6B49
:103A700042F400121A631A6B02F400120092009AC8
:103A800001941A6B42F480021A631B6B03F48003E7
:103A90002246019305210B20019BFEF775FA0B20AE
:103AA000FEF7A8FA224605210D20FEF76DFA0D203B
:103AB000FEF7A0FA224605210F20FEF765FA0F2037
:103AC000FEF798FA224605211020FEF75DFA102035
:103AD00002B0BDE81040FEF78DBA00BF00380240CA
:103AE0002DE9F04180460F4616461D46D8F80040A5
:103AF00001E06B1C0AD1A06837EA00030CBF01206B
:103B000000208642F5D10020BDE8F0813DB102F0F1
:103B1000ADFE069BC01AA842E8D3D8F800406368FF
:103B2000D8F8042023F0E003B2F5827F636015D05B
:103B3000D8F82830B3F5005F08D123684DF6FF723E
:103B400013402360236843F40053236001220023C1
:103B500088F8512088F850300320D5E7D8F808308D
:103B6000B3F5004F02D0B3F5806FE1D1236823F0A5
:103B700040032360DCE700BF2DE9F043044685B035
:103B8000012084F85000164699460F460C9D02F01D
:103B90006DFE94F851306268DBB2012B804611D083
:103BA000B2F5827F09D002200122002384F851203F
:103BB00084F8503005B0BDE8F083A1680029F2D147
:103BC000042BF0D1002F60D0002E5ED0B9F1000F91
:103BD0005BD094F851302168012B04BF052384F891
:103BE000513000236365A4F83E90A4F8369008682D
:103BF000A6634006A4F83C902763A4F83490C4E977
:103C0000103344D5E368B3F5006F45D0002A71D175
:103C100017F8013B0B73E38E013B9BB2E3864FF039
:103C20000109E38E9BB21BB9E38F9BB2002B41D0FD
:103C3000B9F1000F0FD0E38E9BB263B123689A688D
:103C4000910708D53A781A73E38E013B9BB201378E
:103C5000E3864FF00009E38F9BB263B123689A6853
:103C6000D20708D5DB683370E38F013B9BB2013686
:103C7000E3874FF001096B1CD3D002F0F7FDA0EBF6
:103C800008008542CDD803208EE701208CE70B6821
:103C900043F040030B60B5E7002A5CD0E38E9BB293
:103CA000012B58D04FF00109E38E9BB23BBBE38F51
:103CB0009BB223BBCDF800802B4601220221204677
:103CC000FFF70EFF0028DED10246CDF800802B461C
:103CD00080212046FFF704FF002844D1A368002B71
:103CE0007FF462AF23680390DA6803929B680393C2
:103CF000039B59E7E38E9BB2012B90D188E7B9F182
:103D0000000F0FD0E38E9BB263B123689A689107CE
:103D100008D537F8022BDA60E38E013B9BB2E386CD
:103D20004FF00009E38F9BB263B123689A68D20712
:103D300008D5DB6826F8023BE38F013B9BB2E387A3
:103D40004FF00109681CAFD002F090FDA0EB080015
:103D50008542A9D897E737F8023BCB60E38E013B59
:103D60009BB2E3869EE7636D2022134363650120C7
:103D7000626519E700283BD090F85120002370B508
:103D800002F0FF010446836262B31846D4E90135AC
:103D9000D4E903212B4313436269E569266A0B4387
:103DA0001343A26921682B43022584F85150334301
:103DB00002F400750E682B43120C656A02F00402CF
:103DC00003432A4326F040060E600B604A60CB692D
:103DD000002223F400630125CB611046626584F85C
:103DE000515070BD80F8501000F092FCA06ACDE7F1
:103DF000012070472DE9F0410D4690F8501001293F
:103E000084B056D01E46012380F8503004469046B8
:103E100002F02CFD074694F85100C0B2012809D0E9
:103E200002200122002384F8512084F8503004B08D
:103E3000BDE8F081002DF4D0B8F1000FF1D0A268F8
:103E40002563032384F85130B2F5004F4FF000038F
:103E50006365A363A387C4E91033A4F83680A4F88C
:103E60003480E387236803D11A6842F480421A60E1
:103E70001A68520621D5E2686168B2F5006F46D033
:103E800001BB15F8012B1A73E38E013B9BB2E3864D
:103E9000E38E9BB2DBB123689A689207F1D436B106
:103EA000731CF5D002F0E2FCC01BB042F0D303203B
:103EB000B7E7022004B0BDE8F0811A6842F0400282
:103EC0001A60D8E7E28E92B2012AE1D1D9E70097D1
:103ED0003346012202212046FFF702FE0028E6D1E8
:103EE00002460097334680212046FFF7F9FD00285F
:103EF0002CD1A36833B922680393D36803939368E2
:103F00000393039B606D003018BF012089E7A9B1BE
:103F1000E28E92B2012A11D0E38E9BB2002BD6D052
:103F200023689A68900709D4002EC0D0711CF3D082
:103F300002F09CFCC01BB042EED3B8E735F8022B70
:103F4000DA60E38E013B9BB2E386E5E7636D2022F6
:103F5000134363650120626563E700BF10B490F806
:103F60005040012C03D05DF8044BFFF705BE022042
:103F70005DF8044B704700BF704700BF026830B562
:103F80005568916801F04104012C85B003465DD06D
:103F9000880707D52C0605D55A6C184605B0BDE82C
:103FA0003040104711F4B07F4ED0A8064CD54C06D7
:103FB0000ED593F8510003284FD0586D002440F0DF
:103FC000040058650094D0680090906800900098B4
:103FD00088060CD5586D002440F001005865029405
:103FE00090680290106820F0400010600298C905A7
:103FF00008D5596D002041F008015965039091687A
:1040000003910399596DF9B11C46536823F0E003FD
:1040100053600121AB0784F8511012D05368E06C53
:1040200023F00303536018B1104B036501F092F8BD
:10403000A06C48B10D4B036505B0BDE8304001F000
:1040400089B82046FFF798FF05B030BD6C069FD5B4
:10405000036C05B0BDE83040184700230193D368D6
:10406000019393680193019BEEE700BF7140000844
:1040700008B5836B0022DA871846DA86FFF77CFFE3
:1040800008BD00BF38B5084C084D20684FF0FF311F
:1040900004F08CFA0028F8D1284601F031FB4320C7
:1040A000FDF7A8FFF1E700BF1C3B0020283B0020E4
:1040B00008B502F065FE0CF081FC034B1868BDE802
:1040C000084005F021B800BF0C3B002030B5074D7B
:1040D0000FCD87B001AC0FC42B682360002101A86D
:1040E00004F08AF9024B186007B030BD503B02085B
:1040F000203B002070B58AB00AA8002440F8284D63
:10410000012104F03FFA1F4B1F4E1860214604F0B6
:104110004DFA0AA8012140F8244D04F033FA0AAB05
:104120001A4A43F8204D10600121184604F02AFA7B
:10413000174B2146186004F039FA0AA8012140F80B
:104140001C4D04F01FFA0AAB124A43F8184D1060D8
:104150000121184604F016FA0F4B2146186004F0AE
:1041600025FAFFF7B3FF0CF0E5F80FCE05AD0FC54C
:1041700033682B60214605A804F03EF9074B186010
:104180000AB070BD1C3B0020643B0208103B0020BD
:10419000183B0020143B0020243B00200C3B002057
:1041A00010B5144C144A236893420ED0134A93421C
:1041B00008D1134B2360134B83F30888124B1B6801
:1041C000984723682A2B05D110BD104B00BF013B37
:1041D000FCD1EEE72A232360BFF34F8F0C490D4B30
:1041E000CA6802F4E0621343CB60BFF34F8F00BF95
:1041F000FDE700BF8C06002075FEADDEEFBEADDE34
:10420000EDFEFECA000002200400FF1F00A86100AE
:1042100000ED00E00400FA0570B594B00020294AD2
:104220000190116C284B41F080511164126C02F026
:1042300080520192019A02901A6842F480421A60F8
:104240001B6803F48043029309224FF4803301205A
:1042500002244FF48001042608920993A822072320
:104260000D9008A8029D0E941294CDE90F1611929C
:10427000139302F013FE00B1FEE74FF4A0524FF487
:10428000805305900F25052103A804940395CDE9DB
:10429000062302F0F3FF044600B1FEE703F088F8BE
:1042A0004FF47A73B0FBF3F0FDF7BEFE3046FDF736
:1042B000D5FE224629464FF0FF30FDF765FE14B0CB
:1042C00070BD00BF00380240007000402DE9F84387
:1042D0002A4A2B4B12681B682A492B4D4E882B4CBF
:1042E000DFF8B4C01344190C180440EA06088946E4
:1042F000C5E9008904F10C0E25464FEA193000F09B
:104300000F060CEB06074FEA09163B7805F8013B50
:1043100046EA18764FEA081775454FF00001B8468F
:10432000B146EAD1217302F07BFAFFF775FF04F082
:104330000DFCFFF797FB01F023FE01F073FEFFF782
:1043400089F9FFF77FFAFEF767FFFEF79BFF00F0A2
:10435000B5F901F0B9FEFFF725FA00F0EDFBFEF725
:10436000C9FFFFF713F80A48FEF744FF0948FEF7B4
:1043700041FFFFF7BFFE04F031F8FEE7187AFF1F98
:10438000107AFF1F147AFF1F70120020781200208D
:10439000943A002068390020703C02080268034B00
:1043A0009A4200D0704702F055BA00BF002000408A
:1043B000FEE700BF0368B3F1A04F00D0704730B5EF
:1043C00087B04FF4C050002403220A2301A90190B2
:1043D00002251048CDE90423CDE9025406F0D4FBB0
:1043E0000D4B5A6B42F080025A6300945A6C42F4AF
:1043F00080425A645B6C03F480432246009305219B
:104400004320009BFDF7C0FD4320FDF7F3FD07B0FF
:1044100030BD00BF0000024000380240F8B5D0F8BF
:10442000EC4300F56F7604F50277054631463846D1
:1044300002F016F994F8083203F06003402B15D10E
:1044400094F80932502B11D1D4F81432B4F80E225A
:104450009B68C4F8F82101223946C4F8F4212046AB
:104460009847B4F80E3203B938B1F8BD3146D5F8E3
:10447000EC03BDE8F84000F037BC2046BDE8F8404A
:10448000FDF726BEC1EBC10300EB8303D0F8EC03BC
:10449000D3F8042200F058BCC1EBC10300EB830346
:1044A000D0F8EC035A6C00F085BC00BFD0F8EC03E8
:1044B00000F00CBD10B5C16804460031D0F8EC0323
:1044C00018BF012100F0ECFCD4F8EC03BDE810406B
:1044D00000F0C6BC10B50446D0F8EC0300F0E4FCD4
:1044E0002268D2F8003E43F00103C2F8003E236A7E
:1044F00023B1034A136943F00603136110BD00BFE3
:1045000000ED00E0D0F8EC0300F0D8BCD0F8EC03EC
:1045100000F0ECBCD0F8EC0300F0E6BCD0F8EC0303
:1045200000F0E6BCD0F8EC0300F0E4BC02780AB17D
:104530000020704738B5194B0221C3F8EC034FF047
:10454000A0450624C0F820321846C3E90422C3E976
:1045500007225A62C3E90B22C3E90054D96099616A
:1045600001F04AF8A0B980210C48FFF777FA402201
:1045700000210A48FFF74EFA402201210748FFF7C1
:1045800049FA402203210548FFF744FA002038BDCC
:104590004FF4AC710248FFF70BFFE4E7283B002023
:1045A000883C020808B5D0F8200201F093F80328EF
:1045B00096BF024B0220185C08BD00BF843C020875
:1045C00010B51C46D0F820021346224601F0C4FB69
:1045D000032896BF014B0220185C10BD843C0208E2
:1045E00008B5D0F8200201F0F5FB032896BF024B76
:1045F0000220185C08BD00BF843C020808B5D0F852
:10460000200201F067FC032896BF024B0220185CD1
:1046100008BD00BF843C020808B5D0F8200201F0B4
:1046200089FC032896BF024B0220185C08BD00BF1E
:10463000843C02080A06D0F8203206D4C1EBC1013E
:1046400003EB810191F8FA01704701F07F01C1EBA2
:10465000C10103EB810191F83A00704708B5D0F829
:10466000200201F067FB032896BF024B0220185C72
:1046700008BD00BF843C020808B5D0F8200201F054
:1046800005FC032896BF024B0220185C08BD00BF42
:10469000843C020808B5D0F8200201F0C5FB0328CD
:1046A00096BF024B0220185C08BD00BF843C020884
:1046B00008B5D0F8200201F0DFFB08BD38B5114B7A
:1046C000114A1A604FF482714FF4006001224FF4D6
:1046D000007518245960D8600A215A6118460022D2
:1046E000C3E90654D9629A601A61C3E908229A6242
:1046F000FFF740FB00B938BD52210448BDE83840FF
:10470000FFF756BE183F0020003C0040A43C0208C2
:10471000364B02689A4200D0704770B586B00024CC
:1047200003F5FE3300941A6C314D42F400421A64D2
:104730001B6C039403F4004300934FF4E0520223F4
:104740000099019202930322062301A906462948F3
:104750000492059306F018FA274A2A6040234FF482
:1047600080604FF400614FF40052AB6028614FF459
:10477000803328466C60EC60EC616C62C5E9051220
:104780002B6200F0C3FB30BB1C4C1D4A22604FF46F
:1047900080604FF400634FF400514FF48032206189
:1047A0006361B56400232046AE63A1612262C4E95F
:1047B0000133E360E361636200F0A8FB80B900228B
:1047C0000521F4643320A663FDF7DEFB3320FDF7FB
:1047D00011FC06B070BD7D210A48FFF7E9FDD3E763
:1047E0008F210848FFF7E4FDE9E700BF003C0040E7
:1047F000703F00200008024088600240D03F002047
:1048000010600240A43C02080A4B1B68013308D028
:104810004FF0500383F31188BFF36F8FBFF34F8FB7
:10482000FEE74FF0500383F31188BFF36F8FBFF3A0
:104830004F8FFEE70000002006480068006880F304
:10484000088862B661B6BFF34F8FBFF36F8F00DF8A
:1048500000BF000008ED00E0DFF80C00016841F443
:10486000700101607047000088ED00E030B421F075
:1048700001014FF08075074C40F80C4C6FF00203BB
:1048800040F8202C40E9021540F8243C30BC443864
:10489000704700BF09480008000000000000000049
:1048A000074B19680868B0E8F04F80F30988BFF338
:1048B0006F8F4FF0000080F311887047AFF30080D6
:1048C000740700204FF0500383F31188BFF36F8FFC
:1048D000BFF34F8F0A4A13680133012B136000D0D6
:1048E0007047084B1B6813F0FF0FF9D04FF05003CF
:1048F00083F31188BFF36F8FBFF34F8FFEE700BFC5
:104900000000002004ED00E0084A136843B94FF0AE
:10491000500383F31188BFF36F8FBFF34F8FFEE710
:10492000013B13600BB983F311887047000000202E
:10493000EFF30980BFF36F8F154B1A681EF0100F4D
:1049400008BF20ED108A20E9F04F10604DF8043DBB
:104950004FF0500080F31188BFF34F8FBFF36F8F7C
:1049600004F03EFE4FF0000080F3118808BC196887
:104970000868B0E8F04F1EF0100F08BFB0EC108AC6
:1049800080F30988BFF36F8F704700BFAFF30080DB
:104990007407002008B54FF0500383F31188BFF36C
:1049A0006F8FBFF34F8F04F081FC18B1034B4FF0B2
:1049B00080521A60002383F3118808BD04ED00E0E3
:1049C000064B07491B680748074AA1FB03139B09CD
:1049D000013B072103601160704700BFF401002014
:1049E000D34D621014E000E010E000E0324B334A97
:1049F000196891424ED01A68314B9A4253D010B583
:104A0000304B314C1A78314982B0D2B2FF2001923A
:104A100018701B78DBB28DF803309DF803309DF8D9
:104A2000032003F0500307201206237008600FD5FF
:104A3000062200E002469DF803305B00DBB28DF8F1
:104A400003309DF803301B0602F1FF30F2D40A60F8
:104A50000B6801981B4C1E4A1B02C0B203F4E063B2
:104A60000B602070136843F470031360136843F005
:104A700070431360FFF7A4FF164B00221A60FFF784
:104A8000EBFE154A136843F040431360FFF7D4FE72
:104A9000FFF7BAFE4FF0500383F31188BFF36F8F17
:104AA000BFF34F8FFEE74FF0500383F31188BFF33E
:104AB0006F8FBFF34F8FFEE700ED00E071C20F4133
:104AC00070C20F4100E400E0AC060020B0060020F8
:104AD00020ED00E00000002034EF00E0EFF305835C
:104AE0000F2B0ED91049114A5B5C12789A4208D9F3
:104AF0004FF0500383F31188BFF36F8FBFF34F8FD5
:104B0000FEE70B4B0B4A1B68126803F4E063934209
:104B100008D94FF0500383F31188BFF36F8FBFF3B1
:104B20004F8FFEE7704700BFF0E300E0AC060020C7
:104B30000CED00E0B00600200C4B0D4A10B50C2126
:104B40001A604FF4E134002218465C605961C3E9F1
:104B500002221A61C3E9062202F0CEFD00B910BD9F
:104B60004E210448BDE81040FFF722BC90400020D1
:104B7000004C0040B83C0208394B02689A4200D011
:104B800070472DE9F04387B0002403F5F633009415
:104B90001A6C344D42F400221A641B6C03F4002397
:104BA00000930227012301A94FF003094FF00808E1
:104BB00006462D48009A0193CDE90277CDE9049885
:104BC00005F0E2FF01A92848CDF81480CDE901776E
:104BD000264FCDE9034905F0D7FF4FF000614FF4B0
:104BE00080624FF480732846AC60EC60C5E90544F0
:104BF000C5E90844C5E900712A61EB6100F086F956
:104C000020BB1B4C1B4875634FF0006340214FF4E1
:104C100080622060636020460023AE63A160C4E927
:104C20000332C4E90533C4E90733636200F06EF967
:104C300088B93463002205213420A663FDF7A4F966
:104C40003420FDF7D7F907B0BDE8F0837F210A488B
:104C5000FFF7AEFBD5E791210748FFF7A9FBE8E78F
:104C6000004C004030400020000002404060024004
:104C7000D040002070600240B83C020888B108B5FE
:104C8000D0F8143213B10023C0F8143209B1C0F8BF
:104C900010120123027080F8FC31FFF747FC00205E
:104CA00008BD0220704700BF19B1C0F814120020DF
:104CB00070470220704700BF08B5FFF773FC002063
:104CC00008BD00BF08B5D0F814321BB11B68984767
:104CD00000B908BD022008BD08B5D0F814325B68E1
:104CE0009847002008BD00BF38B5044600F502759E
:104CF000284601F0B5FC94F80812B4F80E32C4F856
:104D0000F831012201F01F039342C4F8F42115D0B9
:104D10000ED3022B06D001F080012046FFF76EFC77
:104D2000002038BD2946204601F034FC002038BD63
:104D30002946204601F0BCFA002038BD294620460D
:104D400001F008FC002038BD10B5044631B9134607
:104D5000D0F8F421032A0DD0002010BDD0F8143271
:104D60009B69002BF8D090F8FC21032AF4D19847D6
:104D7000002010BDD0F80C11D0F8102191420DD8B0
:104D8000D0F814321B6923B190F8FC21032A00D11A
:104D900098472046FDF79CF9002010BD891A8A42E9
:104DA00028BF0A4692B2C0F80C111946FDF788F9DF
:104DB000D2E700BF70B5044651B91346D0F8F421CC
:104DC000022A16D094F80032012B0DD0002070BDBD
:104DD000D0F814325B69002BF8D090F8FC21032A3C
:104DE000F4D19847002070BD002384F800320020E1
:104DF00070BDD0E90762964219D88369B3FBF2F51A
:104E000002FB15350DB99A421FD9D4F81432DB686C
:104E10002BB194F8FC21032A01D120469847204663
:104E2000FDF762F994F80032012BCFD1DCE7B21A1A
:104E30000D46C261194692B2FDF72AF92B462A4661
:104E400029462046FFF726FCBCE7D0F8F82193421C
:104E5000DBD22A46FDF71CF9C4F8F851EEE700BF93
:104E600038B50022044640231D461146FFF7A8FB33
:104E70002B460022C4F8105120468021FFF7A0FBEA
:104E8000D4F818322562012284F8FC212BB1D4F821
:104E9000143221795B6820469847002038BD00BF56
:104EA00001740020704700BF90F8FC2180F8FD21BC
:104EB000042380F8FC310020704700BF0346002027
:104EC00093F8FD2183F8FC21704700BF90F8FC2186
:104ED000032A01D00020704708B5D0F81432DB69EE
:104EE00003B19847002008BD00207047002070479C
:104EF0000020704708B50121D0F8142280F8FC1179
:104F0000526801799047002008BD00BFF8B50446FB
:104F100001F0ACFC002C54D00222236884F8352028
:104F20001A68002122F0010284F8341005461A6044
:104F300005E001F09BFC401B05283BD823681A685C
:104F4000D107F6D4D4E90126D4E90351324360698C
:104F50001F682A43D4E906650A430243216A35489B
:104F600032432A430A43616A3840042942EA000274
:104F700029D01A605A6922F007021143DAB22E488A
:104F80005961103AA0FB021212092C4923F47F73D5
:104F9000895CE16523F00303032A88BF04333F22C1
:104FA0008A4001250021A36508469A60616584F85E
:104FB0003550F8BD032320226265184684F8353049
:104FC000F8BD0120F8BDD4E90B0101430A43A56AED
:104FD0001A605A6945F0040122F0070211430028C3
:104FE000CCD07EB1B6F5005F16D0022D03D9032DCB
:104FF000C4D1C201C2D5012340226265184684F89B
:105000003530F8BD012D03D0F3D3022DB6D1F0E732
:10501000B0F1C07FB2D1EEE7032DAFD801A252F8B4
:1050200025F000BFF74F0008F34F0008F74F0008C6
:10503000115000083F8010F0ABAAAAAAD03C020889
:10504000F0B490F83440012C39D090F83540866D9A
:105050000125AC4280F834502BD10468022700258A
:1050600080F8357045652568876825F48025402FD0
:10507000256063600ABFA260A160E160C16D18BFD6
:10508000E2603F238B40026CB360236843F0160359
:105090002360636943F0800363611AB1236843F0BE
:1050A00008032360236843F0010323600020F0BC61
:1050B0007047002380F83430F0BC02207047022093
:1050C000F0BC704770B50446866D01F0CFFB94F8D4
:1050D0003530022B06D080220023626584F83430FC
:1050E000012070BD2368216C1A6822F016021A6034
:1050F0005A6922F0800205465A6131B31A6822F0DB
:1051000008021A601A6822F001021A6005E001F034
:10511000ADFB401B05280FD823681B6813F0010363
:10512000F5D1E16D3F228A400121B260184684F832
:10513000343084F8351070BD2022002303206265CE
:1051400084F8343084F8350070BDA26C002AD5D1C3
:10515000D8E700BF90F83530022B03D08023436599
:10516000012070470268052380F83530136823F06A
:105170000103136000207047F0B583B00023876DF2
:105180000193C36D3D68654908229A402A4204464E
:105190000E6803D001680868400759D401229A407C
:1051A0002A4203D021684969080674D404229A402F
:1051B0002A4203D021680968890766D410229A40E0
:1051C0002A4203D02168086800074BD420229A4065
:1051D0002A4214D021680868C00610D5BA6094F835
:1051E0003520052A63D00B6813F4802F0B687ED01E
:1051F000190340F18980E36B0BB120469847636D3A
:1052000023B3636DDA071AD50523226884F8353095
:105210001368434923F00103A1FB06161360B60A85
:1052200002E01368DB0704D5019B0133B34201930D
:10523000F7D90022012384F8342084F83530E36C58
:1052400023B1204603B0BDE8F040184703B0F0BDDD
:10525000086820F004000860BA60626D42F0010244
:1052600062659BE7BA600A6812F4802F0A6818D159
:10527000D20503D40A6822F008020A60226C002AD0
:10528000A4D020469047E36DA0E7BA60626D42F07B
:105290000402626592E7BA60626D42F002026265E2
:1052A00084E71103EAD5A26C002AEAD18EE70A68E6
:1052B000206C22F016020A604A6922F080024A61DC
:1052C00038B30A6822F008020A603F22216D02FA10
:1052D00003F300200122BB6084F8340084F83520F9
:1052E0000029B3D0204603B0BDE8F040084713F4CE
:1052F000807380D10A68012022F010020A6084F8CD
:10530000343084F8350076E7636C002B7FF475AF9A
:1053100075E7A26C002AD4D1D7E700BFF4010020C2
:10532000B5814E1B10B4114B1A68824201D213464C
:10533000FAE75C681919884203D141682144596031
:105340001846446801198A4209D1094909688A4204
:1053500005D0D2E9002121440260416000E00260F2
:10536000984218BF18605DF8044B7047C4060020CF
:10537000B40600202DE9F041044603F081FF3F48C8
:105380000368002B5CD03E4B1D682C4251D1002C91
:105390004FD004F1080359071CBF23F0070308335B
:1053A000002B46D0374F3E689E4242D336490C68A8
:1053B00006E0D4F800C0BCF1000F04D021466446DA
:1053C00062689A42F5D30068A04232D02068D1F8D2
:1053D00000800860D11A102910D9E018420708D0BF
:1053E0004FF0500383F31188BFF36F8FBFF34F8FDC
:1053F000FEE741606360FFF795FF6268234801683C
:10540000B61A00232A438E42626008F1080823601E
:1054100038BF06603E6003F0EFFF18F0070F0CD0B6
:105420004FF0500383F31188BFF36F8FBFF34F8F9B
:10543000FEE703F0E1FF4FF000084046BDE8F081D1
:10544000134B144A114F104E5D0718BF073322F05B
:10545000070218BF23F007030A4D02601946D31A4A
:105460003B602B60064F0025C2E9005575604FF088
:1054700000450A604B6031603D6086E7B40600205D
:10548000B8060020BC060020C4060020C00600208C
:1054900000000010F8FF0010D0B1194A50F8043C89
:1054A0001268134208D14FF0500383F31188BFF301
:1054B0006F8FBFF34F8FFEE750F8081C49B14FF0D4
:1054C000500383F31188BFF36F8FBFF34F8FFEE755
:1054D000704723EA020310B540F8043C044603F089
:1054E000CFFE084A54F8043C1168A4F108000B44AC
:1054F0001360FFF717FFBDE8104003F07DBF00BF4A
:10550000B8060020BC060020014B1868704700BF99
:10551000C00600200020704708B5096817F0D2FDCA
:10552000002008BD10B50C4C0C4901232046002278
:1055300003F08CF920460122094903F09BF903236B
:1055400020460022074903F081F92046032206493C
:1055500003F090F9002010BD6C450020B041002000
:1055600030410020F04100207041002021280FD15F
:10557000002310B40120C22408224C7088700B70E4
:105580000020CB700B714B718A715DF8044B704732
:1055900000207047402925D8144B012A70B5D3F854
:1055A000183207D0032A1FD15C33114E1B7A33B156
:1055B000012070BD44330F4E1B7A002BF8D10D46ED
:1055C000144601462A46304619F0ACFB31462346C4
:1055D0002A46064803F03AF921460448BDE87040DF
:1055E00003F058B902207047022070BD6C450020BE
:1055F000F0410020B0410020002868D0F0B503231E
:1056000005468BB080F8B9330446FEF7D3FE286810
:10561000FDF7C8F954F810CB27460FCF6E460FC6DA
:105620000FCF0FC697E8030086E803002E1D96E80B
:105630000E006046FDF772F900212868FDF7BAF9FF
:10564000002108462B462A46012782F83810D187C8
:1056500001310F2982F8397082F83B00C2E910004D
:10566000D06402F11C02F0D100222F68114602F131
:10567000400083F8F821DA8707EB800001320F2A17
:1056800083F8F91183F8FB11C3F80012C3F8041270
:10569000C3F80C1203F11C034160E8D10FCCEC46B7
:1056A000ACE80F000FCCACE80F0094E803008CE8E6
:1056B0000300384696E80E00FDF796F9012385F8B9
:1056C000B9332868FDF7FEFC00200BB0F0BD0120C7
:1056D000704700BF90F8B833012B0ED010B50123EE
:1056E000044680F8B8330068FDF7E0FC2068FDF759
:1056F00051F9002084F8B80310BD0220704700BFA4
:105700002DE9F04F066887B004463046FDF716FDD8
:1057100010B107B0BDE8F08F05462068FDF7DEFC4C
:105720000028F6D02068FDF7D9FC10F0020F2068A1
:105730001EBF436903F002034361FDF7CFFC10F481
:105740000027206840F0AA81FDF7C8FC430300F160
:10575000F180D4F800B05846FDF7C0FC0028C0F234
:1057600016822068FDF7BAFC000548D42068FDF7D2
:10577000B5FCC20472D42068FDF7B0FC10F4005FE1
:10578000206840F0B080FDF7A9FC10F0100F2068F1
:1057900011D0836923F010038361356AC5F3434355
:1057A000022B05F00F0839D0062B00F031828369F7
:1057B00043F010038361FDF791FC030700F1BC8106
:1057C0002068FDF78BFCC60200F1AC812068FDF774
:1057D00085FC850200F1B9812068FDF77FFC40005F
:1057E00000F19F802068FDF779FC410791D523687F
:1057F0005D686A070DD45A682A435A6089E7D6F86B
:105800000838D90726D42068436903F4006343614C
:10581000ADE72046FEF786FE2368ECE747F6F07317
:105820001D42C4D0C8EBC80804EB8808C5F30A15AC
:105830002A463046D8F80412FDF7E0FBD8F80422D7
:10584000D8F8103220682A442B44C8F80422C8F83B
:105850001032ACE72046FEF73DFED4E706F50068BF
:10586000D8F80430206823F001031021C8F8043070
:10587000FDF776F9606850B106F51063FF22013537
:1058800085429A60C3F8082203F12003F7D14FF054
:10589000FF33C8F81830D8F81C30226B43F00113DE
:1058A000C8F81C30002A00F08981D8F8843043F011
:1058B0000B03C8F88430D8F8443043F00B03C8F821
:1058C0004430D6F80038217C206823F4FE63C6F803
:1058D000003804F56F72FDF751FC2068436903F44A
:1058E0008053436148E7FDF72DFC2068C36823F42B
:1058F0007053C360FDF746F9002840F06C812268C0
:10590000E060D3684FF4007143F410536161D360D9
:105910002046FEF7CFFD2068436903F4005343613E
:1059200031E72046FEF7FAFD2068436903F0804323
:10593000436158E72068FDF7DDFB8146002800F051
:105940008581D4F800B0049506F51063CDE90236E0
:10595000A24600275E4607E05FEA590907F1010702
:105960000AF11C0A00F00F8119F0010FF4D05FFA60
:1059700087F830464146FDF7CFFBC607054640F1A4
:10598000FA80039B2069012202FA07F1D3F8342838
:1059900022EA0101029AC3F8341802EB47121346B7
:1059A000012290429A6004D1DAE910231344CAF824
:1059B000443041462046FEF76FFD216926680129E3
:1059C00000F0CD80280704D5029B03EB4713082283
:1059D0009A60E90604D5029B03EB471310229A60F4
:1059E0006A0604D5029B03EB471340229A60AB077B
:1059F00004D5029B03EB471302229A602D06ABD518
:105A0000DAE9130C06EB471BDAF84020DBF818192B
:105A100005960BF5106BA0EB0C0393421D4628BFB7
:105A2000154689B205F1030EB1EB9E0F29D96045E9
:105A300027D930B3DAF844101D4606E0DAF84C20D6
:105A40009A421DD9D51ADAF84020237C009395425A
:105A500028BF1546ABB242463046FDF7B9FADBF82F
:105A60001820DAF84410DAF85030E81C92B22944D1
:105A70002B44B2EB900FCAF84410CAF85030DDD86E
:105A80002668002D7FF468AF059B0122D3F83418F7
:105A9000BA4021EA0202C3F834285DE7FDF722FB91
:105AA0008046002800F0D6802068002706F530697F
:105AB00005E05FEA580807F101073FF445AE18F02A
:105AC000010FF6D05FFA87FB5946FDF71BFB10F07C
:105AD000010F82461ED02369012109EB47128B4238
:105AE000916010D1C7EBC70304EB83031169D3F8AE
:105AF0000002D3F80422C1F31201411A0244C3F890
:105B00001012C3F8042259462046FEF7BBFC216957
:105B1000012971D01AF0080F48D11AF0100F2CD1BA
:105B20002068C6E72046F9B2FEF7F4FC2068436916
:105B300003F4801343614AE62046FEF7B7FC206871
:105B4000436903F0080343613BE62046F9B2FEF7E0
:105B5000DDFC2068436903F4001343613DE6002F38
:105B60007FF430AFE36C002B7FF42CAF304604F5AC
:105B70006F72FDF703FB266824E709EB4713102239
:105B800020689A6095E7B346049D039EE3E5D6F846
:105B9000042822F001022046C6F80428FEF7B2FCD1
:105BA0002068436903F000434361DBE52046FEF7CC
:105BB00035FC09EB471308229A60AEE7D8F8143099
:105BC00043F00B03C8F81430D8F8103043F00B033F
:105BD000C8F8103075E603224023E260636101F0EB
:105BE000E7FB454B454A0344934224D82268D368D7
:105BF00043F47053D3608BE6002F8BD1D4F80C3272
:105C0000002B87D104F56F722068FDF7B7FA81E7A2
:105C1000082204F56F713046C8EBC808FDF7EEF9AD
:105C200004EB8802C5F30A13D2F8101220680B4463
:105C3000C2F81032BBE5324A3249236802448A4234
:105C40000BD8DA6842F46052DA6061E60746D4F8AD
:105C500000B080E50746206876E5A0F574022A4981
:105C6000A2F510528A4204D8DA6842F45052DA603F
:105C70004EE6A0F183722549A2F5E7428A4204D894
:105C8000DA6842F44052DA6042E6214A214902448D
:105C90008A4204D8DA6842F43052DA6038E61E4AA2
:105CA0001E4902448A4204D8DA6842F42052DA607B
:105CB0002EE61B4A1B4902448A4204D8DA6842F4A1
:105CC0001052DA6024E6A0F1B7721749A2F55852D3
:105CD0008A4204D8DA6842F40052DA6018E6134ABD
:105CE000134902448A42DA6894BF42F4E05242F413
:105CF000C052DA600CE600BF405327FFFF340C00AF
:105D0000401E1BFF3F420F007F4F12001FD61300A3
:105D100060B6E5FE5FE3160000D3CEFE3F771B00C2
:105D2000C05BB3FEBF9121001F753800E05459FEDF
:105D3000DF9C410090F8B833012B0BD010B5012344
:105D4000044680F8B8330068FDF7A0F9002084F815
:105D5000B80310BD0220704770B50C0601F07F0536
:105D600024D4C1EBC10400EB84041C2606FB010112
:105D7000002684F8F851C4F8002284F8FB3184F836
:105D8000F96101F5FC71022B04BF00230B7190F83F
:105D9000B833012B1CD00123044680F8B8330068C7
:105DA000FCF70CFF002084F8B80370BDC5EBC504F8
:105DB00000EB84041C2101FB05012264012284F80C
:105DC000385084F83B30E58784F839203831DAE7F9
:105DD000022070BD4BB2002B10B501F07F0216DB24
:105DE0001C2404FB010101F5FC71DB0F4B700A70F0
:105DF00090F8B833012B15D00123044680F8B8334E
:105E00000068FCF71BFF002084F8B80310BD1C21BC
:105E100001FB02013831DB0F4B700A7090F8B83388
:105E2000012BE9D1022010BD38B501F07F05C5EB8B
:105E3000C50400EB84040021C4F80422C4F8101245
:105E400084F8F911C4F80C3284F8F85103691C2164
:105E500001FB0501012B08BFC4F8082201F5FC7104
:105E60000068DAB21DB1FCF747FF002038BDFDF72E
:105E70002DF8002038BD00BF01F00F01C1EBC101BA
:105E800000EB8101B1F81002704700BF70B501F05E
:105E90007F05C5EBC50400EB840401210026626484
:105EA00084F83910E36484F83850266503691C21AE
:105EB00001FB0501012B08BFA26438310068DAB28A
:105EC0001DB1FCF719FF002070BDFCF7FFFF00209B
:105ED00070BD00BF38B54BB2002B01F07F0522DB4F
:105EE0001C2202FB010101F5FC71DB0F01224B704A
:105EF0000D708A7090F8B833934219D0044680F838
:105F0000B8230068FDF78EF81DB1002084F8B803AF
:105F100038BD04F56F72217C2068FDF72FF9002051
:105F200084F8B803F4E71C2101FB05013831DCE7F4
:105F3000022038BD38B54BB2002B01F07F0218DBD0
:105F40001C2404FB010101F5FC71DB0F00254B70E3
:105F50000A708D7090F8B833012B0FD004460123DE
:105F600080F8B8330068FDF779F884F8B85328460C
:105F700038BD1C2101FB02013831E6E7022038BDA3
:105F800030B5244B244A254C1A60012100228FB0E1
:105F90004FF4803518465D609C629A601A619A6180
:105FA0001A62DA62DA601A63D961596104F0C8FBD7
:105FB00050BB06240122002301A916480393CDE912
:105FC000014204F039FDD0B90620002301224FF42C
:105FD00080154FF48034059005A90E480692099269
:105FE0000793CDE90A330893CDE90C4502F0AAFCEA
:105FF00018B178210A48FEF7DBF90FB030BD6821EF
:106000000748FEF7D5F9DFE75E210548FEF7D0F92E
:10601000CFE700BF78420020002001400100000FC0
:10602000D83C020830B5254B254A1A604FF4803120
:1060300000228FB04FF080554FF0606459601846D1
:106040000121C3E90A459A601A619A611A62DA600D
:106050001A63D961596104F073FB50BB0D2401220E
:10606000002301A915480393CDE9014204F0E4FCA3
:10607000D0B90A20002301224FF480154FF4803458
:10608000059005A90D48069209920793CDE90A33B8
:106090000893CDE90C4502F055FC18B1AC21094834
:1060A000FEF786F90FB030BD9C210648FEF780F957
:1060B000DFE792210348FEF77BF9CFE7304200206B
:1060C00000210140D83C020830B5254B254A1A6012
:1060D0004FF4803100228FB04FF080554FF0606454
:1060E000596018460121C3E90A459A601A619A610C
:1060F0001A62DA601A63D961596104F021FB50BB5E
:106100000C240122002301A915480393CDE9014283
:1061100004F092FCD0B90B20002301224FF480152B
:106120004FF48034059005A90D4806920992079313
:10613000CDE90A330893CDE90C4502F003FC18B110
:10614000E0210948FEF734F90FB030BDD0210648F0
:10615000FEF72EF9DFE7C6210348FEF729F9CFE75E
:10616000C042002000220140D83C0208F0B5474A56
:106170000368934289B007D0454A93426AD0454AA2
:10618000934248D009B0F0BD0026434B00965A6CAC
:10619000424C42F480725A645B6C059603F480733F
:1061A000009303272F2303A905463D48009A039334
:1061B000049704F0E9FC702303A93A480393CDE95E
:1061C000047604F0E1FC384820604FF480674FF417
:1061D00000614FF400524FF4807320466660C4E9BA
:1061E0000266C4E90866C4E90471C4E90623FEF73F
:1061F0008DFE20B14FF48A712C48FEF7D9F8AC63BC
:10620000002205211220A563FBF7BEFE1220FBF73A
:10621000F1FE09B0F0BD204B2148002402945A6CD5
:1062200042F480625A645B6C059403F480630293C9
:106230000F220323CDE90323029D03A904F0A4FC4C
:10624000224605211220FBF79FFE1220FBF7D2FE0B
:1062500009B0F0BD0024104B01945A6C104842F470
:1062600000725A645B6C059403F40073019303A9F4
:106270002F230325CDE90335019A04F085FC702313
:1062800003A908480393CDE90454D7E7002001404F
:106290000021014000220140003802400843002054
:1062A000000802400000024010640240D83C02088E
:1062B00030B54B7883B00D460446092B0BD8DFE888
:1062C00003F032460A590A05660A7D158B8813B910
:1062D000CB88002B7FD080212046FEF78FF9204607
:1062E0000021FEF78BF9002003B030BD8978984D6E
:1062F00001292970EFD890F8FC31022B00F0828040
:10630000032BE8D1002900F01281416801292DD02A
:10631000C9B2FEF7E1FC297861602046FEF7D2FCA5
:10632000022823D1D7E790F8FC310122023B9342A7
:106330004FF00301CFD8D0F80432C26003B1C1607E
:10634000022204F10C012046FBF794FECBE790F803
:10635000FC31023B012BBED84B88012BC3D1D0F8B6
:10636000143200229B68C0F8042298472046FBF7AD
:10637000AFFEB8E74B88012BB5D1D0F81422C0F896
:106380000432936898472046FBF7A2FEABE74988A2
:106390000B0A013B062B9ED801A252F823F000BF46
:1063A000A96400089164000881640008D7620008AD
:1063B000D76200086B6400082B640008CA88012AB1
:1063C00089D190F8FC31022B28D0032B83D1011DF9
:1063D000FBF750FE87E790F8FC31032B3FF47BAFCF
:1063E0008D7805F07F0580F8FE512946FEF736F9D5
:1063F0002046FBF76DFE002D00F08E80022384F80E
:10640000FC3170E70029B1D001210323416080F8FD
:10641000FC31FEF757FC0228A8D15CE701460023B7
:1064200041F8083FFBF726FE5DE7037C002B7FF475
:1064300052AFD0F814320DF106001B6B98470723BA
:106440004370BDF80630002B3FF44DAFEA88002AB8
:106450003FF449AF934228BF134601461A462046EF
:10646000ADF80630FBF706FE3DE7037C002B7FF41A
:1064700032AFD0F814320DF106005B6B9847E0E7BD
:10648000C9B205295DD8DFE801F0271F17372F3F74
:10649000027CD0F81432002A42D19B6A0DF106002A
:1064A000984702234370CCE7D0F81032007C1B6879
:1064B0000DF106019847C4E7D0F81032007CDB6884
:1064C0000DF106019847BCE7D0F81032007C9B68BC
:1064D0000DF106019847B4E7D0F81032007C5B68F4
:1064E0000DF106019847ACE7D0F81032007C5B69EB
:1064F0000DF106019847A4E7D0F81032007C1B6923
:106500000DF1060198479CE7D0F81032007C9B699A
:106510000DF10601984794E7012384F8FC31E2E687
:10652000DB6A0DF1060098470223437089E70223D6
:10653000416080F8FC31FEF7CFFB2046FBF7C8FD39
:10654000D1E6D0F814320DF106029B6B984778E73C
:10655000CC06002038B590F8FC31032B04460BD153
:106560000B79012B0D4607D8D0F814329B68984759
:10657000EB8853B1002038BD8021FEF73FF820465C
:106580000021FEF73BF8002038BD2046FBF7A0FDB8
:10659000002038BD38B50B7803F06003202B05468A
:1065A00005D1D0F814329B689847002038BD4B784D
:1065B0008A88012B0C46D1B230D014D3032BF4D1EE
:1065C00090F8FC31022B2DD0032B3BD163881BB9F3
:1065D0004A0601D0FEF712F8D5F8143221469B681E
:1065E000284698472AE090F8FC31022B1AD0032B5A
:1065F00028D101F07F03120600EB03134CBF03F117
:10660000140403F58274FEF715F820B30123236008
:10661000214628460222FBF72DFDC6E790F8FC3103
:10662000022B04D14C06C0D0FDF7E8FFBDE7032BD9
:1066300008D16388002BB8D14B060ED12846FBF752
:1066400047FDB2E780212846FDF7D8FF2846002104
:10665000FDF7D4FFA9E72060DAE7FDF7DDFFBBE730
:106660000B7803704B784370CA788B7803EB022366
:1066700043804A790B7903EB02238380CA798B79B3
:1066800003EB0223C380704710B580210446FDF759
:10669000B5FF20460021BDE81040FDF7AFBF00BFA9
:1066A00008B3037830B4FBB10446002314F8015F4B
:1066B0000133DBB2002DF9D15B000233DCB20325DC
:1066C00013800C704D7004785CB1022300255A1CB5
:1066D000D2B2CC548D5410F8014F0233DBB2002CEF
:1066E000F5D130BC7047704702242346E7E700BF6E
:1066F00000F108034FF0FF3100228160C0E9002360
:10670000C0E90333704700BF00230361704700BF37
:10671000D0E9002310B49C688C609C684B60013207
:10672000616099605DF8044B08610260704700BFCA
:1067300030B40D686B1C11D000F1080200E01A465D
:1067400053681C68AC42FAD904684B600134996004
:106750008A6051600861046030BC70470269536808
:10676000F2E700BF43688168026910B499608168EC
:1067700054684B601368844208BF5160013B00219C
:1067800001615DF8044B13601846704710B582B084
:106790000024224B00945A6C42F480425A645A6C92
:1067A00002F480420092009A01941A6C42F08052E6
:1067B0001A641B6C03F0805301930320019BFBF7C9
:1067C000D1FB224621466FF00B00FBF7DDFB224692
:1067D00021466FF00A00FBF7D7FB224621466FF0F7
:1067E0000900FBF7D1FB224621466FF00400FBF7BE
:1067F000CBFB224621466FF00300FBF7C5FB224688
:106800000F216FF00100FBF7BFFB22460F214FF075
:10681000FF3002B0BDE81040FBF7B6BB00380240C5
:1068200008B50B4B1A6842F400721A601A6842F4F9
:1068300080621A601A6842F480721A600320FBF7C3
:1068400091FB0020FBF75CFCFFF7A0FF002008BDD8
:10685000003C0240034A044B11681B780B44136050
:10686000704700BF6843002014000020014B1868E7
:10687000704700BF6843002038B50446FFF7F6FFB5
:10688000631C054602D0044B1B781C44FFF7EEFF47
:10689000401BA042FAD338BD1400002012230B8005
:1068A000004870473400002004230B8000487047E4
:1068B0004800002010B5044C04480A462146FFF762
:1068C000EFFE204610BD00BF6C430020083D0208CB
:1068D00010B5044C04480A462146FFF7E1FE204665
:1068E00010BD00BF6C4300207812002010B5044C8E
:1068F00004480A462146FFF7D3FE204610BD00BFDC
:106900006C430020183D020810B5044C04480A46A8
:106910002146FFF7C5FE204610BD00BF6C43002096
:10692000EC3C020810B5044C04480A462146FFF727
:10693000B7FE204610BD00BF6C430020F83C0208A3
:106940000020EE2908B5108007D0062904D105489B
:106950000549FFF7A5FE044808BD134612221A8018
:10696000024808BD343D02086C4300204C00002062
:1069700039B101291CD002290CBF4FF400714FF42A
:1069800040710D4B1A6922F440721A611A69114361
:1069900019611A6922F0F8021A611A6942F00202BA
:1069A00042EAC00018611A6942F480321A617047E5
:1069B0004FF48071E5E700BF003C0240144B1A68B9
:1069C00091050FD51A6822F400721A601A6842F411
:1069D00000621A601A6822F400621A601A6842F4AF
:1069E00000721A600A4B1A6852050FD51A6822F411
:1069F00080621A601A6842F480521A601A6822F49F
:106A000080521A601A6842F480621A60704700BFB0
:106A1000003C02402DE9F8432D4E337E012B38D047
:106A2000012304464CF250308846337601F00CF9CD
:106A3000074648BB4FF0FF33C8F800302368012BEE
:106A40002BD0D4E902532B449D421BD2DFF8849013
:106A500005E0D4E9022301351344AB4212D9217C6D
:106A60002846FFF785FF4CF2503001F0EDF8D9F8D9
:106A7000103023F0FA03C9F810300028E9D0C8F824
:106A800000500746FFF79AFF002333763846BDE8EB
:106A9000F88302273846BDE8F8830E4D23692A693A
:106AA00022F440722A612A6942F004022A612A69AA
:106AB0001B0242F480329BB213432B614CF25030E4
:106AC00001F0C2F82B6923F0040307462B61D9E7D4
:106AD000B8470020003C0240704700BF70B4D0E9C6
:106AE0000041D0E902268BB0012302940391049265
:106AF000D0E9061205694469059606950794089140
:106B000009928DF807309DF80730002BFBD10BB0B0
:106B100070BC70471EF0040F0CBFEFF30880EFF35A
:106B20000980FFF7DBBF00BFFEE700BFFEE700BF45
:106B3000FEE700BF704700BF01F03CBD0148FEF713
:106B40001BBB00BFD03F00200148FEF715BB00BFB4
:106B5000304000200148FEF70FBB00BFD0400020AE
:106B60000148FEF709BB00BF703F00200148FBF75A
:106B7000AFBD00BF90470020FFF7F8BFFFF7F6BF9B
:106B8000FFF7F4BF08B5044803F060FA0348BDE816
:106B9000084003F05BBA00BF683900202C390020A0
:106BA0000148FDF7EBB900BF183F0020014800F095
:106BB00021BF00BF9040002008B54320FBF726FA14
:106BC000024B1868BDE8084001F0F2BC1C3B0020F5
:106BD00038B503681A6852070D460446596807D548
:106BE000090605D50121A84723686FF00C021A6039
:106BF0001A685B68920708D59B0606D500212046D7
:106C0000A84723686FF012021A6038BD10B5074C10
:106C100007490848FFF7DCFF21460748FFF7D8FF80
:106C200021460648BDE81040FFF7D2BF09CE000854
:106C300085CC00087842002030420020C04200206D
:106C400003681A6970B5960704460D4606D56FF0BD
:106C500002021A61596B0120A84723681A6950077C
:106C600006D56FF004021A61996B0220A8472368C9
:106C70001A69110706D56FF008021A61D96B032053
:106C8000A84723681A69D20608D56FF010021A6166
:106C9000196C04202B46BDE87040184770BD00BF3A
:106CA00010B5054C05492046FFF7CAFF2046BDE850
:106CB000104003F0CBB900BFE0390020A1D000089C
:106CC000034803686FF001021A6106F00DB800BFB7
:106CD000943A0020034803686FF001021A6106F03D
:106CE00003B800BF68390020014804F0EDBA00BFC6
:106CF00038480020014804F0B1BE00BF38480020E9
:106D0000012004F017B900BF042004F013B900BF3C
:106D1000082004F00FB900BF102004F00BB900BF29
:106D200008B5202004F006F9402004F003F9802083
:106D300004F000F94FF4807004F0FCF84FF4007098
:106D4000BDE8084004F0F6B808B54FF4806004F0E0
:106D5000F1F84FF4006004F0EDF84FF4805004F0C7
:106D6000E9F84FF4005004F0E5F84FF4804004F0E7
:106D7000E1F84FF40040BDE8084004F0DBB800BF84
:106D800010B5094C094900222046FDF777FF20463F
:106D90000749FDF789FF2046064901F04FFD2046CF
:106DA000BDE81040FDF788BF6C45002018000020AA
:106DB000600000200400002038B5114B114A1A6011
:106DC0004FF0407108224FF470254FF440145A6080
:106DD000D960002201211846C3E904549A601A764A
:106DE0001A775A7759769976D976FBF7C9F900B9A7
:106DF00038BD4F210448BDE83840FDF7D9BA00BF7F
:106E00009047002000640040503D02080268214B7A
:106E10009A4200D0704770B586B0002403F5EA337B
:106E200000941A6C1C4842F000721A641B6C0394A4
:106E300003F000734FF44071009303220923019182
:106E4000022501A9CDE90423009E029503F09CFED2
:106E5000224606211320FBF797F81320FBF7CAF808
:106E6000224606211420FBF78FF81420FBF7C2F806
:106E7000224606211520FBF787F81520FBF7BAF804
:106E8000224606211620FBF77FF81620FBF7B2F802
:106E900006B070BD0064004000040240002800F00D
:106EA00032812DE9F0410368DD0782B004462FD519
:106EB000AC498A6802F00C02042A00F0EA808A6871
:106EC00002F00C02082A00F0E0806368B3F5803F0E
:106ED00000F0E980B3F5A02F00F05481A14D2A689D
:106EE00022F480322A602A6822F480222A60002B51
:106EF00040F0DE80FFF7BAFC064605E0FFF7B6FC7F
:106F0000801B642800F2F2802B689B03F6D4236870
:106F10009F0775D41A0715D56369002B00F0A5806B
:106F2000914B904D01221A60FFF7A0FC064605E048
:106F3000FFF79CFC801B022800F2D8806B6F9B0738
:106F4000F6D5236858073BD5864A136C13F0805357
:106F500040F0DB800193136C43F080531364136C97
:106F600003F080530193019B0126804D2A68D105CF
:106F700040F1AC80A368012B00F0C980052B00F024
:106F80000B81784D2A6F22F001022A672A6F22F0C6
:106F900004022A67002B40F0BF80FFF767FC41F234
:106FA0008837804606E0FFF761FCA0EB0800B84296
:106FB00000F29C802B6F9807F5D4002E40F0DC8007
:106FC000A269CAB1674DA96801F00C01082948D02F
:106FD000022A674A4FF00001116000F0E780FFF7D6
:106FE00045FC2C46054604E0FFF740FC401B022808
:106FF0007CD823689B01F7D4002002B0BDE8F08163
:10700000584A916811F00C0F24D0916801F00C01DE
:1070100008291CD0E368002B00F09280554B514D9D
:1070200001221A60FFF722FC064604E0FFF71EFC6F
:10703000801B02285AD82B689807F7D52B6822693D
:1070400023F0F80343EAC2032B60236862E7526827
:107050005602DFD4434A126895074BD5E268012AED
:1070600048D0012002B0BDE8F0813F4A3D4D136099
:10707000FFF7FCFB064604E0FFF7F8FB801B022845
:1070800034D86B6F9F07F7D45BE74A6850027FF5EF
:107090001CAF344A126891037FF53AAF6268002A48
:1070A0007FF436AFDDE72F4A136843F48033136073
:1070B000FFF7DCFB2B4D064604E0FFF7D7FB801BF8
:1070C000642813D82B689A03F7D520E72A6842F47E
:1070D00080722A60FFF7CAFB07462B68DA053FF586
:1070E00049AFFFF7C3FBC01B0228F6D9032002B04B
:1070F000BDE8F0811B4920690A6822F0F80242EAE3
:10710000C0020A6006E70120704700262DE7154AF5
:10711000136F43F001031367FFF7A8FB114D80467F
:1071200041F2883705E0FFF7A1FBA0EB0800B84269
:10713000DCD82B6F9B07F6D5002E3FF441AF1BE048
:107140000C4A084D1360FFF791FB064604E0FFF779
:107150008DFB801B0228C9D82B689907F7D42368B8
:10716000D8E600BF00380240800E47420070004061
:107170006000474200004742234A136C23F08053CB
:1071800013641DE7204B1A6842F480221A601A68C3
:1071900042F480321A608BE71B4B1A6F42F00402F4
:1071A0001A671A6F42F001021A67B5E7FFF75EFB34
:1071B000064604E0FFF75AFB801B022896D82B688E
:1071C0009901F7D4D4E90736D4E90902E16A0E4CF3
:1071D000334343EA8013520843EA0163013A0B49FF
:1071E00043EA024301226B600A60FFF73FFB05465A
:1071F00005E0FFF73BFB401B02283FF677AF236813
:107200009A01F6D5F8E600BF003802406000474218
:10721000174908B58B6803F00C03042B1BD0082B0F
:1072200017D14A684B6813F4800302F03F0214D16F
:1072300049681048C1F38811A1FB0001F9F784FDEA
:107240000B4B5B68C3F3014301335B00B0FBF3F00E
:1072500008BD084808BD084808BD4B680648C3F388
:107260008813A3FB00010023F9F76EFDE8E700BFD8
:10727000003802400024F40000127A0060B1484A4D
:10728000136803F00F038B4208D2CBB2137013685C
:1072900003F00F038B4201D00120704703682DE9F2
:1072A000F0419D0714D55C0704D53E4CA26842F41A
:1072B000E052A2601A0704D53A4CA26842F4604238
:1072C000A260384C8568A26822F0F0022A43A260CE
:1072D000DF0704460D4622D54268012A56D0931E88
:1072E000012B304B1B6858D9990725D52D4EB36813
:1072F00023F003031343B360FFF7B8FA41F2883772
:10730000804605E0FFF7B2FAA0EB0800B84242D889
:10731000B368626803F00C03B3EB820FF2D1204A2A
:10732000136803F00F03AB4209D9EBB21370136873
:1073300003F00F03AB4202D00120BDE8F0812368C7
:107340005A0706D51749E0688A6822F4E0520243DA
:107350008A601B0711D4FFF75BFF124B12499B6831
:10736000124AC3F30313CB5C20FA03F3002013602B
:10737000FAF7C6FE0020BDE8F0810A4A2169936849
:1073800023F4604343EAC1039360E4E7054B1B68C1
:107390009E03ABD4D0E70320EDE79801A6D4CBE75A
:1073A000003C024000380240643D0208F401002025
:1073B000014B1868704700BFF4010020044B054AD8
:1073C0009B680549C3F382230868D35CD8407047A3
:1073D00000380240743D0208F4010020044B054AC5
:1073E0009B680549C3F342330868D35CD8407047B3
:1073F00000380240743D0208F40100200E4B0F22B9
:1074000002609A6802F0030242609A6802F0F00299
:1074100082609A6802F4E052C2609B68DB0810B494
:1074200003F4E053054C036123685DF8044B03F05B
:107430000F030B60704700BF00380240003C024061
:10744000026811692DE9F843C568836821F4405149
:107450000446294300691161D16865690343E06905
:1074600021F416412B4321F00C0103430B43D3605D
:107470005369A16923F440730B43B0F5004F536186
:107480009B4B00F09A809A4259D003F580639A4250
:1074900055D0FFF793FF974F636800EB800000EB38
:1074A00080009B00B0FBF3F3A7FB03235B091D01E6
:1074B000FFF784FF666800EB800000EB8000B600F9
:1074C000B0FBF6F6FFF77AFF636800EB800000EB95
:1074D00080009B00B0FBF3F3A7FB03235B094FF095
:1074E000640909FB13631B013233A7FB03235B0908
:1074F00003F0F006FFF762FF626800EB800000EB2C
:1075000080009300B0FBF3F8FFF758FFD4E90023A5
:1075100000EB80009B0000EB8000B0FBF3F0A7FBCA
:107520000030400909FB10831B013233A7FB031312
:10753000C3F3431333432B449360BDE8F883FFF751
:107540004DFF6C4F636800EB800000EB80009B00F8
:10755000B0FBF3F3A7FB03235B091D01FFF73EFF1D
:10756000666800EB800000EB8000B600B0FBF6F62A
:10757000FFF734FF636800EB800000EB80009B00A6
:10758000B0FBF3F3A7FB03234FF064095B0909FB8E
:1075900013631B013233A7FB03235B0903F0F006DF
:1075A000FFF71CFF626800EB8000930000EB800097
:1075B000B0FBF3F8FFF712FFA8E79A4259D003F5A2
:1075C00080639A4255D0FFF7F9FE4A4F636800EB9B
:1075D000800000EB80005B00B0FBF3F3A7FB03230C
:1075E0005B091E01FFF7EAFE656800EB800000EB17
:1075F00080006D00B0FBF5F5FFF7E0FE636800EB7F
:10760000800000EB80005B00B0FBF3F3A7FB0323DB
:107610005B094FF0640909FB1353DB003233A7FB0E
:1076200003231B0903F4F875FFF7C8FE626800EB3B
:10763000800000EB80005300B0FBF3F8FFF7BEFEC4
:10764000D4E9002300EB800000EB80005B00B0FB7E
:10765000F3F3A7FB03135B0909FB1383DB0032334E
:10766000A7FB0313C3F3421333442B449360BDE8D9
:10767000F883FFF7B3FE1F4F636800EB800000EB59
:1076800080005B00B0FBF3F3A7FB03235B091E0143
:10769000FFF7A4FE656800EB800000EB80006D0042
:1076A000B0FBF5F5FFF79AFE636800EB800000EB96
:1076B00080005B00B0FBF3F3A7FB03234FF06409EA
:1076C0005B0909FB1353DB003233A7FB03231B09C0
:1076D00003F4F875FFF782FE626800EB8000530048
:1076E00000EB8000B0FBF3F8FFF778FEA8E700BFDF
:1076F000001001401F85EB5160B338B590F8393068
:10770000044603F0FF0203B32268242384F83930CF
:10771000D36823F40053D3602046FFF791FE23681B
:107720001A6922F490421A615A6922F02A025A61B7
:10773000DA680025202142F40052DA602846E56329
:1077400084F8391084F83A1038BD80F83820FDF7F5
:1077500013FAD9E70120704790F83930202B2DD14A
:1077600070B549B342B390F83830012B28D00446A5
:107770000126006B84F83860134600252126E38437
:10778000E56384F839600F4E2268A3842162C663E2
:107790000D4E06640D4E0565C6640432FDF750FCBF
:1077A00023686FF040021A605A6984F8385042F03A
:1077B000800228465A6170BD012070BD02207047CA
:1077C000022070BDA5780008D578000895790008DA
:1077D00070B590F83A40202C82B038D1002939D0C9
:1077E000002A37D090F83830012B30D004460126DB
:1077F000406B84F8386000252226E563134684F840
:107800003A600A46154E2168A262A385C663144EEB
:107810000664144E0565C6640431FDF711FC236847
:1078200001951A6801925A680192019ADA6884F8FF
:10783000385042F48072DA605A6942F001025A61AB
:107840005A69284642F040025A6102B070BD0220D7
:1078500002B070BD012002B070BD00BFE578000825
:1078600085790008957900080368DA6822F4907237
:1078700010B5DA605A6922F001025A615A6952065B
:10788000044609D55A69406B22F040025A6118B18A
:1078900000230365FDF716FC00202023E08584F813
:1078A0003A3010BD08B50368806B1B6813F4807311
:1078B0000AD10268C384536923F080035361D368FB
:1078C00043F04003D36008BD15F02EFB08BD00BF98
:1078D000704700BF08B5806BFFF7FAFF08BD00BF17
:1078E000704700BF08B50368806B1B6813F4807392
:1078F00010D10268C385D36823F48073D3605369C1
:1079000023F0010353615369202123F040035361A5
:1079100080F83A10FFF7E4FF08BD00BF10B5846897
:107920000169836A0268B4F5805F1CD05C1C5268F0
:107930008462A9B91A70C38D013B9BB2C3856BB930
:107940000268D16821F49071D1605169202421F03E
:107950000101516180F83A40FFF7C2FF002010BDDD
:1079600002F07F02E6E7526829B9C2F3080223F861
:10797000022B8362DFE7D2B223F8012B8362DAE7BE
:10798000704700BF08B5806BFFF7FAFF08BD00BF66
:10799000704700BF806B08B50368596990F83920BB
:1079A000212A1BD0596990F83A20222A06D0C36BAD
:1079B00043F01003C363FFF7EBFF08BD4A06F6D59B
:1079C0000022C285DA6822F49072DA605A692021B6
:1079D00022F001025A6180F83A10E8E70906E1D581
:1079E0000022C284DA68202122F0C002DA6080F826
:1079F0003910D7E703681A6870B51607DD6859694A
:107A000004464AD011F001011E464FD0D00705D5DB
:107A1000EB0503D5E36B43F00103E363500702F08A
:107A2000020375D561B1E16B41F00201E16302F03F
:107A30000801002B71D119B1E36B43F00803E36334
:107A4000E36B002B31D0900601D5A90671D475697E
:107A5000E26B120702D415F0400577D0F36823F4E7
:107A60009073F3607369202223F00103736184F83B
:107A70003A2073695B0658D57369606B23F0400345
:107A80007361002851D03A4B0365FDF763FB60B189
:107A9000606BBDE87040036D1847910609D5AE06CE
:107AA00007D590F83A30222B4CD070BD15F4907F5A
:107AB000ACD116060ED45106F7D56A06F5D5DA68AC
:107AC000202122F04002DA60204684F8391015F0B7
:107AD0002BFA70BD2806EED594F83920212AE4D17E
:107AE000A168226AB1F5805F35D0511C21621278FD
:107AF0005A60E28C013A92B2E284002AD5D1DA6867
:107B000022F08002DA60DA6842F04002DA6070BD8A
:107B100043B1002994D002F00801E36B43F0040361
:107B2000E36388E713078BD585E72046FFF730FF2F
:107B300070BD94F83A30222B89D12046FFF7EEFE33
:107B4000266884E7BDE87040FFF7E8BE2046FFF7EF
:107B50001FFFE56370BD11882069C1F308015960FA
:107B600010B902322262C4E701322262C1E700BFCB
:107B7000757B000808B5836B0022DA851846DA8425
:107B8000FFF706FF08BD00BF1B4BDA68D10605D51D
:107B90001A49CA6910200243CA61D860164BDA68D4
:107BA000920606D51549CA69202042F00802CA612A
:107BB000D860114BDA68500606D51049CA694020D2
:107BC00042F00402CA61D8600B4BDA68110606D590
:107BD0000A49CA69802042F00202CA61D860064B95
:107BE000DA68920706D50549CA69022042F02002E8
:107BF000CA61D860704700BF003C0240B84700200F
:107C0000064B1A69002A01DB002070470449054A27
:107C100059605A601869C00F704700BF003C0240AD
:107C200023016745AB89EFCD034A136943F0004355
:107C300013610020704700BF003C0240014BD8692F
:107C4000704700BFB8470020124B70B500220546B0
:107C5000DA61FEF70BFE104C064601E0691C0DD1FF
:107C6000E368DA03FAD4E368DB0744BF0123E36087
:107C7000094BD86810F0F20008D170BD25B1FEF7AD
:107C8000F5FD801BA842EBD9032070BDFFF77CFFF8
:107C9000012070BDB8470020003C02402DE9F041B2
:107CA000294C257E012D2DD01F46054601234CF27F
:107CB000503090460E462376FFF7C6FF18B10023DA
:107CC0002376BDE8F081214B1A6922F440721A61D3
:107CD0001A69D5B1012D21D0022D2AD042F440726B
:107CE0001A611A6942F001021A61C6F800807760D1
:107CF0004CF25030FFF7A8FF144A136923F0010338
:107D00001361DCE70220BDE8F0811A6119695FFAAE
:107D100088F241F0010119613270E9E742F48072A2
:107D20001A6119691FFA88F241F001011961328064
:107D3000DEE742F400721A611A6942F001021A6128
:107D4000C6F80080D4E700BFB8470020003C0240DE
:107D500070B51646026C856B044632B9066801356B
:107D6000002E2DD00020A56370BD86B9806816F066
:107D7000D9FFA368216C62680B44934205F10105A9
:107D8000A360EFD32368A3603046A56370BDC068CD
:107D900016F0C8FF226CE3682168524213448B42FC
:107DA000E36002D263681A44E260022E03D0013518
:107DB0000020A56370BD002DD4D101250020D2E79D
:107DC000406801F081FD6660CDE700BF026C72B1D2
:107DD0000B46C16810B444681144A142C16024BF7D
:107DE0000168C1605DF8044B184616F09BBF7047F0
:107DF00070B50546FCF766FD95F8454064B2002C69
:107E000016DD6B6AA3B105F1240605E0013CE3B27F
:107E10005CB26BB16B6A5BB1304601F043FC002889
:107E2000F4D0013C01F0D8FCE3B25CB2002BF1D1FC
:107E3000FF2385F84530FCF767FDFCF743FD95F817
:107E4000444064B2002C16DD2B69A3B105F1100685
:107E500005E0013CE3B25CB26BB12B695BB130462B
:107E600001F020FC0028F4D0013C01F0B5FCE3B2A5
:107E70005CB2002BF1D1FF2385F84430BDE870409F
:107E8000FCF742BD38B5E0B104460D46FCF71AFDDB
:107E9000D4E90F132268A26001FB03F1CB1A13444B
:107EA00000200A44FF21A063E36084F8441062606C
:107EB00084F8451075B92369ABB9FCF725FD01209D
:107EC00038BD4FF0500383F31188BFF36F8FBFF3BA
:107ED0004F8FFEE704F11000FEF70AFC04F12400C6
:107EE000FEF706FCE9E704F1100001F0DBFB0028D7
:107EF000E3D0044B4FF080521A60BFF34F8FBFF3B3
:107F00006F8FDAE704ED00E040B94FF0500383F3E0
:107F10001188BFF36F8FBFF34F8FFEE770B5064632
:107F20000D4651B101FB00F04830FDF723FA04463D
:107F300088B100F14803036005E04820FDF71AFA14
:107F4000044640B12460C4E90F6501212046FFF7D3
:107F500099FF204670BD0024204670BD2DE9F047F2
:107F600084B00192002800F09980002900F08980F7
:107F7000022B0BD1C26B012A08D04FF0500383F3C0
:107F80001188BFF36F8FBFF34F8FFEE704461F4684
:107F9000894601F03FFC50B9019E4EB14FF05003AD
:107FA00083F31188BFF36F8FBFF34F8FFEE7002677
:107FB000DFF820A14FF0000807E0FCF7A5FC204601
:107FC000FFF716FF01F018FA0126FCF77BFCA26B05
:107FD000E36B9A423FD3022F3DD0019D002D66D026
:107FE00016B902A801F0A2FBFCF78EFC01F048F9DB
:107FF000FCF768FC94F84430FF2B08BF84F84480F9
:1080000094F84530FF2B08BF84F84580FCF77CFCD2
:1080100001A902A801F0A0FB002853D1FCF752FCF3
:10802000A26BE36B9A42C8D1FCF76EFC019904F194
:10803000100001F01DFB2046FFF7DAFE01F0DCF92D
:108040000028C1D14FF08053CAF80030BFF34F8FE2
:10805000BFF36F8FB8E73A4649462046FFF778FEF0
:10806000636A43BB38B11B4B4FF080521A60BFF3B9
:108070004F8FBFF36F8FFCF747FC012004B0BDE8C2
:10808000F087026C002A3FF473AF4FF0500383F384
:108090001188BFF36F8FBFF34F8FFEE74FF0500390
:1080A00083F31188BFF36F8FBFF34F8FFEE7FCF7A9
:1080B0002BFC2846E2E704F1240001F0F3FA002843
:1080C000D1D1D8E72046FFF793FE01F095F90020C3
:1080D000D4E700BF04ED00E070B3036C43B14FF090
:1080E000500383F31188BFF36F8FBFF34F8FFEE709
:1080F000036853B370B504460D46FCF7EFFCEFF38D
:1081000011864FF0500383F31188BFF36F8FBFF3D5
:108110004F8FA26BE36B934231D994F84530013213
:108120005BB2A2635A1C1CD001335BB284F84530A9
:10813000012086F3118870BD4FF0500383F311883E
:10814000BFF36F8FBFF34F8FFEE74368002BD1D093
:108150004FF0500383F31188BFF36F8FBFF34F8F3E
:10816000FEE7636A002BE3D004F1240001F09AFAE1
:108170000028DDD0002DDBD001202860D9E70020C9
:10818000D7E700BF2DE9F04784B00192002800F046
:10819000AD80002900F09D80044698460F4601F00E
:1081A00039FB50B9019B43B14FF0500383F3118861
:1081B000BFF36F8FBFF34F8FFEE7FCF783FBA56B19
:1081C000002D49D1019B002B7DD002A801F0AEFA11
:1081D000DFF864A12E4604F1240912E0FCF772FBDB
:1081E000A36B002B57D0FCF78FFB2046FFF700FE58
:1081F00001F002F9FCF766FBA56B6DBB019B002B40
:1082000061D0FCF781FB01F03BF8FCF75BFB94F8D5
:108210004430FF2B08BF84F8446094F84530FF2BAE
:1082200008BF84F84560FCF76FFB01A902A801F0C4
:1082300093FA0028D2D02046FFF7DAFD01F0DCF8EF
:10824000FCF740FBA36B002B3DD0FCF75DFBFCF77C
:1082500039FBA56B002DD1D039462046E668FFF7E3
:10826000B5FDB8F1000F52D12368013DA563002B85
:1082700056D02369002B4DD004F1100001F012FA02
:10828000002847D02C4B4FF080521A60BFF34F8F1D
:10829000BFF36F8F3EE0FCF737FB23687BB3019998
:1082A000484601F0E5F92046FFF7A2FD01F0A4F8E9
:1082B0000028CCD14FF08053CAF80030BFF34F8F65
:1082C000BFF36F8FC3E7FCF71FFB002004B0BDE8CE
:1082D000F087026C002A3FF45FAF4FF0500383F346
:1082E0001188BFF36F8FBFF34F8FFEE74FF050033E
:1082F00083F31188BFF36F8FBFF34F8FFEE7FCF757
:10830000E1FA606801F096FAFCF7FEFAC7E7636AE3
:10831000E6604BB9FCF7F8FA012004B0BDE8F0873D
:1083200001F02AFB6060A4E704F1240001F0BAF92F
:108330000028A7D1EEE700BF04ED00E02DE9F843E7
:10834000B0B171B3054690468946FCF7C7FBEFF321
:1083500011874FF0500383F31188BFF36F8FBFF382
:108360004F8FAC6B6CB9204687F31188BDE8F8835A
:108370004FF0500383F31188BFF36F8FBFF34F8F1C
:10838000FEE795F844604946284676B2FFF71EFDA1
:10839000013C731CAC6310D0731C5BB285F8443095
:1083A0000DE0036C002BCDD04FF0500383F3118808
:1083B000BFF36F8FBFF34F8FFEE72B690BB901201F
:1083C000D2E705F1100001F06DF90028F7D0B8F1FF
:1083D000000FF4D00120C8F80000C5E708B500F090
:1083E00013FF002008BD00BFEFF305830BB900F0B9
:1083F0004FBF00F053BF00BF30B5B0F9084085B0A3
:10840000842C024614BF0334002403AD0B4640689D
:108410001168128ACDE9004500F082FD01280CBFE9
:108420000398002005B030BD08B5002808BF012022
:1084300001F068F8002008BD00B5002385B0CDE943
:108440000233EFF30583ABB102AB0093012203AB20
:1084500001F050FB012813D1029B3BB10A4B4FF0B6
:1084600080521A60BFF34F8FBFF36F8F039805B030
:108470005DF804FB03AB012201F0D0FA0128F5D02E
:108480004FF00040F3E700BF04ED00E030B585B0E9
:10849000002304460293EFF3058048B18223019341
:1084A00004AB13E9070084E80700204605B030BD9F
:1084B0001346154602AA01F06BFA012805D00DB942
:1084C0000195EDE740230193EAE7029B002BB4BF3F
:1084D000862308230193E3E710B582B000240194BA
:1084E00010B30A46EFF305833BB91946FFF74AFE7E
:1084F000012816D1002002B010BD01AA2146FFF7C5
:108500001DFF01280DD1019B002BF3D0084B4FF02C
:1085100080521A60BFF34F8FBFF36F8F204602B0B7
:1085200010BDFF2002B010BD802002B010BD00BF02
:1085300004ED00E010B582B000240194EFF3058350
:108540004BB101A9FFF7C8FD01280AD1019B5BB916
:10855000002002B010BD1A461946FFF7FFFC0128A3
:10856000F6D0FF2002B010BD054B4FF080521A60CC
:10857000BFF34F8FBFF36F8F204602B010BD00BF17
:1085800004ED00E0012910B50DD1084603220021B9
:10859000FFF7BAFC044620B100231A461946FFF73C
:1085A000DDFC204610BD0024204610BDFFF794BF1F
:1085B000FFF7C0BF08B501F02DF9012803D0BDE8D1
:1085C0000840FCF7E7B908BDD0F81C3283B110B5FC
:1085D000D0F8184294F84000FF2807D09B6894F820
:1085E000412021469847FF2384F84030002010BDE9
:1085F000002070476A230380004870479C000020D9
:108600000A2303800048704708010020012970B543
:10861000D0F8186215D0032911D1683604460D46EA
:10862000FCF746F8D4F81832706043B1D4F81C3225
:108630003068DB682A46311D9847002070BD022053
:1086400070BD5036EAE700BF08B5D0F8183283B1E4
:1086500001290AD0032904BF002283F86420064BB5
:108660001868FFF7A5FF002008BD002283F84C2002
:10867000F5E7022008BD00BF143B0020F8B50A78DA
:1086800002F06003202B0C46064627D0402B0BD06F
:1086900013B100252846F8BD4B780A2B04D10122DE
:1086A0002849F9F7E7FC227812F0030321D0012BC7
:1086B0000DD16378502B0AD1A388052B07D1A5785B
:1086C0002DB9E28820493046F9F7D4FCE2E730467C
:1086D00021460225FDF7D8FF2846F8BDCD884B7806
:1086E000A5B9D0F81C22184693682A469847284610
:1086F000F8BD6278502AEAD1A288042AE7D1E2883C
:10870000124930461D46F9F7B5FCC3E71206D0F80A
:1087100018720DD5D0F81C122A4618468B683946B7
:108720009847E28839463046F9F7A4FC0025B1E7BE
:1087300087F841502A4687F840303946F9F7B0FCAF
:108740000025A7E7CD0600203C01002014010020F1
:1087500010B581210446FBF743FF01212046FBF7BA
:108760003FFF82212046FBF73BFF83212046FBF79A
:1087700037FF20460321FBF733FFD4F8183253B1FB
:10878000D4F81C325B689847D4F8180216F0C2FA85
:108790000023C4F81832002010BD00BF38B50222F3
:1087A000044640238121FBF70BFF402302220121D5
:1087B0002046FBF705FF4023022283212046FBF7DA
:1087C000FFFE4023022203212046FBF7F9FE082387
:1087D000032282212046FBF7F3FE742016F092FA62
:1087E000C4F81802D8B1D4F81C3205461B68984763
:1087F000002385F84C302A6D85F85830012185F822
:108800006430204685F870304023FBF743FFAA6EA2
:10881000204640230321FBF73DFF002038BD012007
:1088200038BD00BF6A230380004870479C000020C9
:108830006A230380004870479C00002019B1C0F8EB
:108840001C12002070470220704700BF012BD0F897
:10885000180209D0032B05D100F15C03C3E9001213
:10886000002070470220704700F14403C3E9001262
:1088700000207047012AD0F8183207D0032A03D10C
:108880006833002019607047022070475033002081
:1088900019607047D0F8182262B101290CD0032961
:1088A00008D110B55C32137A832103F0FF045BB169
:1088B000012010BD0220704710B54432137A812187
:1088C00003F0FF04002BF3D1012313729388126885
:1088D000FBF7D2FE204610BD08B5D0F8183253B1D0
:1088E00001290AD0032906D168331A684023FBF70F
:1088F000D1FE002008BD022008BD5033F5E700BFBF
:10890000036882B000206FF00402013901901A6000
:10891000032905D8DFE801F0110C07029B6C0193D5
:10892000019802B070475B6C0193019802B07047E8
:108930001B6C0193019802B07047DB6B01930198A7
:1089400002B0704790F83C30012B00F0CE80F0B4BC
:108950000D688E6803680122092DACB280F83C20B6
:108960006BD81F6905EB45024FF0070C0CFA02FCAF
:1089700027EA0C071F611F6906FA02F23A431A61DF
:108980009F6BD1F810C04E6827F440179F639F6B10
:108990000CF1FF3247EA0257F21CA2EB0C029F6374
:1089A000D2B29F6B02EB82024FF01F0C0CFA02FC5A
:1089B00027EA0C079F63D3F838C0CF6904FA02F2A4
:1089C0004B4C42EA0C02A7429A636AD09C68D1F8E9
:1089D00020C024F470249C609A6817439F609C68B0
:1089E00024F440149C609A6842EA0C029A608A69F6
:1089F000002A51D05A6842F480625A604A696AB3C8
:108A00005A6842F480525A60022ECA682DD0032E52
:108A10005AD0012E4ED0196A21F47F6121F00F0146
:108A20001962196A0A431A62324A934229D0002312
:108A300080F83C30F0BC1846704704EB4402DF6815
:108A40001E3A4FF0070C0CFA02FC27EA0C07DF6015
:108A5000DF6806FA02F23A43DA6091E75A6822F4D4
:108A600080525A60022ECA68D1D1996921F47F617F
:108A700021F00F01996199690A439A611D4A934255
:108A8000D5D1122D2AD0103D012DD0D81A4A5368C5
:108A900043F400035360CAE75A6822F480625A60C4
:108AA000ACE79A6822F470229A609A6822F4401225
:108AB0009A609CE7596921F47F6121F00F015961A7
:108AC00059690A435A61AFE7D96921F47F6121F0FE
:108AD0000F01D961D9690A43DA61A5E7D2F80433F5
:108AE00043F48003C2F80433A1E70220704700BFBB
:108AF00001000F0000200140002301401049114BEC
:108B0000D1F8882042F4700210B4C1F888201A68A5
:108B10000D4C002042F001021A6098601A6822F0A1
:108B2000847222F480321A605C601A684FF000642C
:108B300022F480221A60D8608C605DF8044B704784
:108B400000ED00E00038024010300024F0B58BB09A
:108B50003D4B3E4F3E4E002400941A6B42F00402FF
:108B60001A631A6B02F004020092009A01941A6BC5
:108B700042F080021A631A6B02F080020192019A9D
:108B800002941A6B42F001021A631A6B02F001029E
:108B90000292029A03941A6B42F002021A631A6B51
:108BA00002F002020392039A04941A6B42F0080244
:108BB0001A631B6B03F008030493384601224FF439
:108BC000C041049B02F0B2F9224630464FF4805176
:108BD00002F0ACF90125384605A94FF4C043CDE9B0
:108BE0000535CDE9074401F0CFFF384605A948F225
:108BF00010230593CDE9064401F0C6FF05A93046D0
:108C00000C230593CDE9064401F0BEFF304605A9CB
:108C10004FF480530593CDE90654089401F0B4FF56
:108C200005A94FF400430B480593CDE9064401F034
:108C3000ABFF042305A908480593CDE9064501F0DB
:108C4000A3FF0BB0F0BD00BF003802400008024097
:108C50000004024000000240000C02402DE9F041F7
:108C6000DFF8E8E0DEF800C086B0BCF1000F51D0BC
:108C7000314C4FEA0C1804EB0807002602E01034D0
:108C8000BC420AD054F8045C8542F8D125888D4254
:108C900008BF261F1034BC42F4D1002E33D0B3607D
:108CA0000C9BF360254BB1800D460191306001A90A
:108CB000CDE9023201F068FF214B5D616D082ED0D5
:108CC0002C460023013364089BB2FBD10F2B13D930
:108CD000224621462046F9F757F901346D08A4B21F
:108CE000FBD10F2C9ABF174B18572846F9F782F97A
:108CF000012006B0BDE8F08112492246C85621463F
:108D0000F9F742F9E9E7BCF10A0F0FD1304606B096
:108D1000BDE8F0810C4E0124CEF80040BFE70620EC
:108D20002A462946F9F730F90620DFE7064E0CF10E
:108D300001044644F0E700BFD806002000001110EF
:108D4000003C01407C3D0208D4060020D0060020F3
:108D5000164B70B41D68CDB1154B002403EB0515FF
:108D6000264605E08A4208BF01241033AB420AD0F0
:108D70001A6882429A88F5D18A42F6D1C3E902661E
:108D80001033AB42F4D10CB170BC704748080BD023
:108D90000023013340089BB2FBD10F2B9CBF054A37
:108DA000D05670BCF9F732B90620FAE7D006002099
:108DB000D40600207C3D0208F0B5114D87B028464E
:108DC0000121FFF7C5FF28460221FFF7C1FF02245A
:108DD000284601A9012303270826CDE90134CDE95E
:108DE0000347059601F0D0FE002301A92846CDE9EE
:108DF0000144CDE90476039301F0C6FE07B0F0BD4F
:108E000000000240F8B50E4F3B68BBB106460D4C62
:108E1000002504E03B68AB4204F110040ED9A3889E
:108E2000B34205F10105F5D1A368002BF2D0E0684B
:108E300098473B68AB4204F11004F0D8F8BD00BF7E
:108E4000D0060020D4060020053880B203289ABF3F
:108E5000024B53F820000248704700BF8C3D0208C7
:108E600000000240023880B206289ABF024B33F855
:108E700010000120704700BF9C3D0208034A044BCC
:108E80001268D268D26852681A607047780700206A
:108E900050080020F8B51B4B1B4E1C683368054674
:108EA000181D0F46FDF75EFC40B933681749D86AB4
:108EB0000B680122824023EA02030B606B1C17D06F
:108EC000336864195C600BD2114B18683168043147
:108ED000FDF72EFC0F4B1A68A24288BF1C60F8BD3C
:108EE0000D4B18683168BDE8F8400431FDF720BC2F
:108EF000002FE5D0316809480431BDE8F840FDF79E
:108F000007BC00BF9808002074070020200800203C
:108F100078070020500800207C07002070080020FF
:108F20002DE9F84F4FEA82080646404689461F461B
:108F30000B9DFCF71FFA002800F0C68082465420E3
:108F4000FCF718FA0446002800F092804246C0F868
:108F500030A0A521504615F0F0FE236BA8F10408BF
:108F6000984428F0070809F1FF3309F10F0104F1D3
:108F7000330201E08B4206D013F8010F02F8010F13
:108F800018780028F6D10A9B062B28BF06234FF03D
:108F9000000B04F1040AE3626364504684F843B0B2
:108FA000C4F848B09946FDF7AFFB04F11800FDF78F
:108FB000ABFBC9F10703C4F84CB0A361246184F88A
:108FC00050B064623A4631464046FBF74FFC2060A1
:108FD00005B12C60FBF776FC3D4A3E4E1368013329
:108FE00013603368002B3AD03B4FE36A3A685AB3B8
:108FF000DFF80881394ADFF808C11068DCF800E0C2
:1090000001252844106005FA03F203EB830342EACA
:109010000E0208EB83005146CCF80020FDF778FBE8
:10902000FBF772FC3B68BBB13268E36AD26A9A42D2
:1090300012D22B4B4FF080521A60BFF34F8FBFF309
:109040006F8F2846BDE8F88F3268DFF8B080D26AAB
:109050009A4298BF3460CDE72846BDE8F88F346067
:109060001368012B0BD0E36ADFF890801A4FC1E739
:109070005046FCF711FA4FF0FF30BDE8F88FDFF8EB
:109080007C80454608F18C0728461435FDF730FBF7
:10909000AF42F9D1DFF86C90124D0F4F4846FDF703
:1090A00027FB2846FDF724FB0F48FDF721FB0F485F
:1090B000FDF71EFB0E48FDF71BFB0E4B0E4AC2F8D8
:1090C00000901D60E36A95E74FF0FF30BAE700BFFC
:1090D0000C080020740700206C0800201C080020E9
:1090E00004ED00E038080020580800208408002023
:1090F000700800207C0700207807002080070020EF
:10910000200800202408002070B50446324DFBF7EB
:10911000D9FB002C48D0261D3046FDF723FB30B983
:10912000E16A2E4B01EB810253F8223043B3A36A6C
:109130001BB104F11800FDF715FB294A29681368D3
:10914000A14203F10103136033D0264A206B136858
:10915000013B1360FCF7A0F92046FCF79DF9224B78
:109160001B681B6813BB214B4FF0FF321A60FBF7E3
:10917000CBFB1F4B1B6813B12B68A34208D070BDFB
:109180001C48012203688A4023EA02030360CEE7F9
:10919000194B1B68B3B14FF0500383F31188BFF331
:1091A0006F8FBFF34F8FFEE72C68B4E7FFF766FEC3
:1091B000DDE731461148FDF7ABFA114A1368013378
:1091C0001360D4E70F4B4FF080521A60BFF34F8FFC
:1091D000BFF36F8F70BD00BF7407002080070020B1
:1091E0001C0800200C0800207807002050080020F0
:1091F0006C080020200800201808002084080020A7
:109200001008002004ED00E030B583B0164B019348
:10921000002400942346802214491548FFF780FE5D
:10922000012803D0013016D003B030BD4FF05003F9
:1092300083F31188BFF36F8FBFF34F8F0D490E4A31
:109240000E4B4FF0FF350D6010601C6003B0BDE8A1
:109250003040FBF7CBBB4FF0500383F31188BFF3D3
:109260006F8FBFF34F8FFEE74C080020AC3D020824
:109270004D950008500800206C0800209808002038
:10928000024A136801331360704700BF18080020BA
:10929000014B1868704700BF9808002008B5FBF71D
:1092A0001DFC014B186808BD980800202DE9F84FF7
:1092B000464B1B68CBB9464B1E6801361E600EB389
:1092C000DFF82CB1DBF80020B24229D9414FDFF89A
:1092D00024810024D8F80030DB6A03EB830357F8BD
:1092E0002330022B28BF012404E03B4A13680133DA
:1092F00013600024394B1B68002B0CBF2046012053
:10930000BDE8F88F364D2B681B68002B48D04FF016
:10931000500383F31188BFF36F8FBFF34F8FFEE7C6
:109320002F4D2C4FDFF8CC8000242DE02A68D26826
:10933000D2F80C90D9F8041009F1040A8E42504674
:109340002BD3FDF70FFAD9F8281009F1180009B14D
:10935000FDF708FA234AD9F82C001368012101FA15
:1093600000FC00EB8000514607EB80004CEA030C48
:10937000C2F800C0FDF7CCF9D8F80000D9F82C10DD
:10938000C26A914228BF01242A681268002ACDD1FE
:109390004FF0FF32CBF800209CE7CBF8001099E7A4
:1093A000114B2968114A1868286019601368013345
:1093B00013602B681B6833B9DFF834B04FF0FF320D
:1093C000CBF800207EE7FFF759FD79E71808002069
:1093D0009808002080070020140800209C08002026
:1093E00078070020200800207C0700205408002077
:1093F00050080020740700202DE9F84F364C2368F0
:1094000043B94FF0500383F31188BFF36F8FBFF35D
:109410004F8FFEE7FBF756FA2368013B2360246871
:109420007CBB2E4B1B6863B32D4DDFF8CCA02D4EBB
:10943000DFF8C890DFF8C8B0DAF80030012733B39E
:10944000DAF80C30DC6804F1040804F11800FDF7C8
:1094500089F94046FDF786F9E06A326807FA00F3B9
:1094600000EB80001343414609EB80003360FDF7B9
:109470004FF9DBF80030E26ADB6A9A42DCD32F60F6
:10948000DAE70024FBF740FA2046BDE8F88F3CB14C
:10949000154B1B681B68DBB9144B4FF0FF321A6089
:1094A000134E34683CB10127FFF700FF00B12F6075
:1094B000013CF9D134602B68002BE2D00D4B4FF00A
:1094C00080521A60BFF34F8FBFF36F8F0124D9E72B
:1094D000FFF7D4FCE4E700BF180800200C080020C8
:1094E0009C08002020080020780700205008002059
:1094F0001408002004ED00E0580800208007002038
:109500007407002008B598B10E4B196841B14FF0AF
:10951000500383F31188BFF36F8FBFF34F8FFEE7C4
:109520001A6801321A60FFF7B5FCFFF765FF38B91A
:10953000054B4FF080521A60BFF34F8FBFF36F8F10
:1095400008BD00BF1808002004ED00E02DE98848A0
:109550001D4C1E4E1E4DDFF88080DFF880A04FF0BE
:10956000805906E02368376801332360FFF744FF22
:109570007FB92B68002BF5D1D8F80030012B05D925
:10958000CAF80090BFF34F8FBFF36F8F07F0C8F991
:10959000EFE7FBF797F9F368D3F80CB00BF1040091
:1095A000FDF7E0F80B4A1368013B13602B68013BA1
:1095B0002B60FBF7A9F9DBF83000FBF76DFF58468D
:1095C000FBF76AFFD5E700BF1808002084080020D9
:1095D000100800200C0800208007002004ED00E0A7
:1095E00038B51E4B1B6803BB1D4A1E4C1360226816
:1095F000236812681B6B9A4224D91B4B1B68B3FA71
:1096000083F3DBB2C3F11F0303EB8302920017481D
:109610008158851869B169680832496869600244EF
:10962000914215D0CB68236038BD0D4B01221A60E2
:1096300038BD4FF0500383F31188BFF36F8FBFF332
:109640004F8FFEE720682168343107F067F9D4E7CF
:10965000142202FB030349685960E3E7180800205D
:109660009C080020740700202008002080070020AC
:1096700040B94FF0500383F31188BFF36F8FBFF3EE
:109680004F8FFEE710B5064B0C4619681831FDF7F1
:109690004FF820460121BDE81040FFF7FBBB00BF9B
:1096A00074070020F8B5C368DC682CB304F1180512
:1096B0002846FDF757F8174B1B6833BB261D164D80
:1096C0003046FDF74FF8E26A2F68144801239340B3
:1096D00002EB82023B43314600EB82002B60FDF738
:1096E00017F80F4BE26A1B68DB6A9A4283BF0D4B87
:1096F000012018600020F8BD4FF0500383F311885B
:10970000BFF36F8FBFF34F8FFEE729460648FCF784
:10971000FFFFE6E71808002020080020800700204F
:10972000740700209C0800205808002030B1084A27
:10973000084B12681B68C0E9002370474FF05003C4
:1097400083F31188BFF36F8FBFF34F8FFEE700BF26
:109750005408002098080020F8B560B311B30D46F6
:109760000446FBF7AFF82B68DFF868C05A1CDCF83A
:10977000001029D0164ED4E900023768B84201D053
:10978000914223D28F1ABB4220D95B1A134431680D
:10979000DCF800202B60C4E900120025FBF7B4F8C8
:1097A0002846F8BD4FF0500383F31188BFF36F8F45
:1097B000BFF34F8FFEE74FF0500383F31188BFF3E1
:1097C0006F8FBFF34F8FFEE70025E7E70125E5E741
:1097D0005408002098080020014B01221A607047AD
:1097E0009C08002060B1016B0B78A52B0ED14B1C9F
:1097F000581A13F8012BA52AFAD0C0F38F0070472E
:10980000034B1868016B0B78A52BF0D00020704734
:1098100074070020054B1B6833B1054B1B68002BF8
:109820000CBF022000207047012070476C08002008
:1098300018080020D0B1F8B5204CC36A2268D26A5B
:10984000934212D28269002A04DB2268D26AC2F1F2
:10985000070282611A4D426903EB830305EB830320
:109860009A4204D02368DB6AC362F8BD7047071DC3
:1098700006463846FCF776FF70B9F36A03EB8302BD
:1098800055F8222042B90F4A0120116800FA03F36B
:1098900021EA0303136000E00A4A23681468D86AC7
:1098A000F06201238340234300EB8000394605EB3F
:1098B00080001360BDE8F840FCF72ABF7407002061
:1098C000800700202008002068B1F8B5274B1B68EE
:1098D00083420AD04FF0500383F31188BFF36F8F98
:1098E000BFF34F8FFEE7002070479B6C43B94FF0EA
:1098F000500383F31188BFF36F8FBFF34F8FFEE7E1
:10990000C16A426C013B9142836400D00BB10020DC
:10991000F8BD061D04463046FCF724FFA8B11448E4
:10992000144B626C1F68E26201254FF0140C0CFBB3
:109930000200314605FA02F6C2F10702A2613E4377
:109940001E60FCF7E5FE2846F8BDE16A08481423CE
:1099500003FB01F3C3580BB1064BE2E7054B0125AE
:109960001A688D4022EA05021A60DAE774070020BF
:109970008007002020080020044B1A681AB11968DB
:109980008A6C01328A641868704700BF740700202F
:109990002DE9F0411F4C154680460E461F46FAF74A
:1099A00091FF226892F85020022A09D02168CA6CDF
:1099B00022EA0802CA642368012183F85010DFB943
:1099C000FAF7A2FFFAF77EFF15B12368DB6C2B6074
:1099D000236893F85030012B1AD02368D96C21EA00
:1099E0000601D96401252368002283F85020FAF784
:1099F0008BFF2846BDE8F0813846FFF74BFA064B4F
:109A00004FF080521A60BFF34F8FBFF36F8FD7E7CD
:109A10000025E8E77407002004ED00E0F8B5A8B1E0
:109A20001D46044616460F46FAF74CFF0DB1E36C8F
:109A30002B6094F850500222731EEDB284F850202F
:109A4000032B0FD8DFE803F049450D0B4FF050030F
:109A500083F31188BFF36F8FBFF34F8FFEE7022DA3
:109A600007D0E764012D06D00125FAF74DFF2846FF
:109A7000F8BD0025F9E7271D3846FCF773FE194AA3
:109A8000E66AD2F800C01848394605FA06F31427EA
:109A900043EA0C0307FB06001360FCF739FEA36AD8
:109AA00043B14FF0500383F31188BFF36F8FBFF3BF
:109AB0004F8FFEE70D4BE26A1B68DB6A9A42D3D9EF
:109AC0000B4B4FF080521A60BFF34F8FBFF36F8F75
:109AD000CBE7E36C0133E364C4E7E36C1F43E76463
:109AE000C0E700BF20080020800700207407002086
:109AF00004ED00E02DE9F843089F00B304461D463D
:109B000090468946FAF7EAFFEFF311864FF05003CB
:109B100083F31188BFF36F8FBFF34F8F0DB1E36CE9
:109B20002B6094F85050022208F1FF33EDB284F814
:109B30005020032B10D8DFE803F04A460D0B4FF0FE
:109B4000500383F31188BFF36F8FBFF34F8FFEE78E
:109B5000022D08D0C4F84C90012D06D0012086F3C8
:109B60001188BDE8F8830020F9E7A36A43B14FF0FC
:109B7000500383F31188BFF36F8FBFF34F8FFEE75E
:109B80001A4B1B6863BB04F104084046FCF7EAFD6E
:109B9000174AE06AD2F800E0DFF864C005FA00F383
:109BA000142543EA0E03414605FB00C01360FCF791
:109BB000AFFD104BE26A1B68DB6A9A42CED95FB1F7
:109BC00001203860CBE7E36C0133E364C4E7E36C66
:109BD00043EA0903E364BFE7074B01201860BEE7CF
:109BE00004F118010548FCF793FDE2E7180800208E
:109BF00020080020740700209C080020580800203E
:109C000080070020F0B4046AD1F808C00E68144D33
:109C100024F001040462036A4768826923F00203A6
:109C200022F07302A84243EA0C0342EA060209D07A
:109C30000C4CA04206D0496847608261F0BC416389
:109C400003627047D1E90554CE6823F0080327F476
:109C5000407733432C4323F004032743EBE700BF53
:109C60000000014000040140F0B4046AD1F808C0CB
:109C70000E68154D24F480740462036A4768C26953
:109C800023F4007322F07302A84243EA0C2342EA51
:109C9000060209D00D4CA04206D049684760C26157
:109CA000F0BCC16303627047D1E90554CE6823F468
:109CB000006327F4405743EA06232C4323F48063D0
:109CC00047EA0417E9E700BF000001400004014033
:109CD000F0B4046A8F680E68104D24F48054046256
:109CE000036A4468C26923F4005322F4E642A8429E
:109CF00043EA073342EA06220AD005F58065A84206
:109D000006D049684460C261F0BC016403627047D8
:109D10004D6924F4804444EA8514F2E700000140D0
:109D20000368DA6842F00102DA601A6842F0010260
:109D30001A600020704700BF704700BF036801220F
:109D4000186A02FA01F120EA010010B418621A6AD6
:109D50000A4C1143A34219620AD0094A934207D020
:109D60001A685DF8044B42F0010200201A60704747
:109D70005A6C42F400425A64F2E700BF000001400E
:109D80000004014010B403680C290CD8DFE801F08E
:109D9000070B0B0B330B0B0B2E0B0B0B2900DA688D
:109DA00042F00202DA60186A154C012202FA01F14F
:109DB00020EA010018621A6AA34241EA020119620C
:109DC0000AD0104A934207D01A685DF8044B42F05B
:109DD000010200201A6070475A6C42F400425A6433
:109DE000F2E7DA6842F01002DA60DCE7DA6842F0A3
:109DF0000802DA60D7E7DA6842F00402DA60D2E7F4
:109E00000000014000040140FFF798BFFFF7BABF10
:109E100003680C290CD8DFE801F0070B0B0B250BAE
:109E20000B0B200B0B0B1B00DA6842F00202DA600E
:109E3000186A012202FA01F120EA010018621A6A86
:109E4000114319621A6842F001021A60002070473B
:109E5000DA6842F01002DA60EAE7DA6842F00802F3
:109E6000DA60E5E7DA6842F00402DA60E0E700BFB2
:109E70000368C1B104290DD11A6A22F010021A62D6
:109E80001A6A42F010021A621A6842F001021A605D
:109E9000002070471A6A22F001021A621A6A42F020
:109EA00001021A62E8E71A6A22F001021A621A6ACB
:109EB00042F001021A62E7E790F83830012B67D0D0
:109EC00002220368F0B480F839209A680C6822F402
:109ED0007F4222F077020125402C80F838509A60AA
:109EE00000F0938018D9702C7FD02BD9B4F5805F07
:109EF00076D0B4F5005F1CD1D1E90152CC689968E5
:109F00002A4342EA042221F47F410A439A609A6874
:109F100042F480429A600CE0102C42D02FD9202CC1
:109F200038D0302C05D19A6822F0700242F0370206
:109F30009A600023012280F8392080F83830F0BC84
:109F400018467047502C33D0602CF2D11C6A4D68F3
:109F5000CE6824F010041C6299691A6A21F47041D9
:109F600022F0A00242EA051241EA063199611A6222
:109F70009A6822F0700242F067029A60D9E7002CDA
:109F8000D7D19A6822F0700242F007029A60D0E7B7
:109F9000022070479A6822F0700242F027029A600D
:109FA000C7E79A6822F0700242F017029A60C0E791
:109FB0001D6A1E6A4C68CF6826F001061E629A6907
:109FC00025F00A0122F0F00242EA071221439A61C9
:109FD00019629A6822F0700242F057029A60A8E76C
:109FE0009A6822F007029A60A3E7D1E90152CC688F
:109FF00099682A4342EA042221F47F410A439A6085
:10A000009A6842F077029A6093E71D6A1E6A4C686C
:10A01000CF6826F001061E629A6925F00A0122F037
:10A02000F00242EA071221439A6119629A6822F00B
:10A03000700242F047029A607BE700BF704700BFA2
:10A04000704700BF704700BF704700BF03681A69C0
:10A05000910710B5044602D5DA6892075FD41A69F1
:10A06000500702D5DA68510746D41A69120702D59B
:10A07000DA6810072ED41A69D20602D5DA68D0063B
:10A0800018D41A69D10702D5DA68D2075DD41A69E3
:10A09000100602D5DA6811065FD41A69520602D595
:10A0A000DA68500661D41A69910602D5DA68920618
:10A0B00043D410BD6FF010021A61DB69082213F45B
:10A0C000407F2276204664D0FFF7BAFF0022236843
:10A0D0002276D6E76FF008021A61DB69042299073D
:10A0E0002276204652D1FFF7A9FF2046FFF7AAFFAC
:10A0F000002223682276BEE76FF004021A619B6992
:10A10000022213F4407F227620463CD1FFF796FFCF
:10A110002046FFF797FF002223682276A5E76FF01D
:10A1200002021A619B6901229B07027625D0FFF784
:10A1300087FF00222368227691E76FF020022046F5
:10A140001A61BDE81040F9F761BC6FF001021A61B5
:10A150002046FAF723F9236899E76FF080021A6125
:10A160002046F9F755FC236897E76FF040021A6123
:10A170002046FFF769FF236895E7FFF75FFF20465A
:10A18000FFF760FFD5E7FFF75BFFC4E7FFF758FF76
:10A19000AEE7FFF753FF2046FFF754FF96E700BFF7
:10A1A00070B4314D03688C680A68A8424FD0B0F192
:10A1B000804F29D0A5F57C45A84234D005F58065AF
:10A1C000A84230D005F58065A8422CD005F5784529
:10A1D000A84228D005F57055A84213D005F5806532
:10A1E000A8420FD005F58065A8420BD0A5F598359B
:10A1F000A84207D005F58065A84203D005F5806523
:10A20000A84209D1C96804E04D68C96823F0700309
:10A210002B4323F440730B430360C4628262012327
:10A22000436170BC70474D68CE6823F070032B43C8
:10A230000E4D23F440733343A8420360C46282622C
:10A24000EDD10B6903630123436170BC70474E6815
:10A25000CD6823F07003334323F440732B43036032
:10A26000C4628262EDE700BF0000014000040140CB
:10A27000B8B190F8393010B503F0FF0204465BB175
:10A28000022384F839302068211DFFF789FF01235C
:10A2900084F83930002010BD80F83820F9F794F8A0
:10A2A000EEE70120704700BFB8B190F8393010B523
:10A2B00003F0FF0204465BB1022384F839302068C2
:10A2C000211DFFF76DFF012384F83930002010BDF8
:10A2D00080F83820FFF730FDEEE70120704700BF1F
:10A2E000B8B190F8393010B503F0FF0204465BB105
:10A2F000022384F839302068211DFFF751FF012324
:10A3000084F83930002010BD80F83820F9F79AF829
:10A31000EEE70120704700BFB8B190F8393010B5B2
:10A3200003F0FF0204465BB1022384F83930206851
:10A33000211DFFF735FF012384F83930002010BDBF
:10A3400080F83820F9F7FAF8EEE70120704700BFEF
:10A3500000284DD0F0B590F8393083B005460C4652
:10A3600003F0FF02002B3ED02946022351F8040BD4
:10A3700085F83930836823F007038360FFF710FF07
:10A380002968236988688E69A769A268D4F800C023
:10A3900026F4407EE6691B0143EA0623266A0196FD
:10A3A000E6683343019E2EF0030E42EA072242EA9A
:10A3B0000E020F6A43EA06336669646822F47C423F
:10A3C00044EA061440EA0C0022F0FC0227F0AA0737
:10A3D000886027431343012400208B610F6285F8B6
:10A3E000394003B0F0BD80F83820F9F769F8BBE7D1
:10A3F0000120704770B4046A1B4E24F0010404620B
:10A400008469056AB04224F003041DD0B0F1804F86
:10A410001AD0A6F57C46B04216D006F58066B0424A
:10A4200012D006F58066B0420ED006F57846B042EE
:10A430000AD006F57056B04206D0A6F59436B04262
:10A4400002D044F0010200E022431B0125F00A047F
:10A45000DBB222F0F00201F00A01214313438361D1
:10A4600070BC0162704700BF00000140F8B590F871
:10A470003830012B64D00D4602231646012280F8A5
:10A48000382080F839300446D1E900120068EB68C2
:10A4900056B3042EAD6833D0082E066A52D026F487
:10A4A00080560662C669076A26F440761B030903D4
:10A4B00046EA02229BB201F4204122F4704227F4C2
:10A4C000204713433943C3610162C36923F44063E6
:10A4D000C361C36943EA0525C5610123002084F8EF
:10A4E000393084F83800F8BDFFF784FF2368A86886
:10A4F000996921F00C0199619A6902439A61ECE72C
:10A50000066A26F0100606628669076A26F4407617
:10A510001B03090146EA02229BB201F0A00122F4CA
:10A52000704227F0A0071A433943826101628369B0
:10A5300023F440638361836943EA05258561CCE7A1
:10A540000220F8BD26F480760662C669076A26F006
:10A5500003061B0109023243DBB201F4206122F041
:10A56000F00227F420671A433943C2610162C369CC
:10A5700023F00C03C361C3691D43C561ADE700BF90
:10A58000F0B4046AD1F808C00E68154D24F0100428
:10A590000462036A4768826923F0200322F4E642DA
:10A5A000A84243EA0C1342EA062209D00D4CA0420D
:10A5B00006D0496847608261F0BC816303627047DE
:10A5C000D1E90554CE6823F0800327F4406743EABD
:10A5D00006132C4323F0400347EA8407E9E700BF52
:10A5E000000001400004014090F83830012B28D0D1
:10A5F00010B504460223012084F8380084F839306D
:10A600000C2A0BD8DFE802F0070A0A0A150A0A0A20
:10A61000190A0A0A11002068FFF7F4FA0123002042
:10A6200084F8393084F8380010BD2068FFF750FBFB
:10A63000F4E72068FFF7A4FFF0E72068FFF714FBBA
:10A64000ECE70220704700BF38B590F83830012B96
:10A6500074D00D4602230121044680F8381080F89A
:10A6600039300C2A19D8DFE802F007181818381802
:10A670001818511818181F0029460068FFF7C2FA69
:10A6800023682869996941F008019961996921F065
:10A69000040199619A6902439A610123002084F8B8
:10A6A000393084F8380038BD29460068FFF710FBC0
:10A6B00023682869D96941F40061D961D96921F415
:10A6C0008061D961DA6942EA0022DA61002001235F
:10A6D00084F8393084F83800E5E729460068FFF748
:10A6E0004FFF23682869996941F40061996199696C
:10A6F00021F4806199619A6942EA00229A610020FE
:10A70000012384F8393084F83800CCE72946006802
:10A71000FFF7AAFA23682869D96941F00801D961CD
:10A72000D96921F00401D961DA690243DA610020B4
:10A73000012384F8393084F83800B4E7022038BDAA
:10A74000002800F08E80F8B5036C0446002B7ED004
:10A75000236CDB0604D50023012084F83C30F8BDCF
:10A76000226C4C4923684C4D22F4885222F002029C
:10A7700042F0020222644A6822F440324A604A6887
:10A78000606802434A6058682169A768E66820F457
:10A79000807058605A6842EA01225A60586820F076
:10A7A000407058605968A06A39435960996821F42B
:10A7B000006199609A68A84242EA06029A6052D003
:10A7C0009968E56A21F0706199609A681043986011
:10A7D000996821F0405199609A682A439A60996873
:10A7E000A569206A21F0020199609A6842EA45024F
:10A7F0009A605A6800283FD122F400625A60DA6AEF
:10A80000E569276B666922F47002DA62D86A013D55
:10A8100040EA0550D862986820F400709860996802
:10A8200041EA47219960996821F4806199609A68AA
:10A83000002042EA86229A606064236C23F00303BE
:10A8400043F001032364002384F83C30F8BD4364E3
:10A8500080F83C30FBF78AFC236CDB063FF57BAFCE
:10A860007EE7012070479A6822F070629A609A68C9
:10A8700022F040529A60B2E742F40062616A5A6084
:10A880005A6822F460425A605A68013942EA4132F9
:10A890005A60B4E7002301400100000FF0B590F8C2
:10A8A0003C3083B00024012B019469D00568AB686B
:10A8B0000124DE0780F83C4014D4334B334E1C682F
:10A8C000AB68A6FB0464A40C43F0010304EB44044E
:10A8D000AB600194019B2BB1019C013C0194019C54
:10A8E000002CF9D1AB68DC073DD5046C24F4E0649E
:10A8F00024F0010444F4807404646B685B0505D59E
:10A90000036C23F4405343F480530364036C204EE0
:10A9100013F480531CBF436C23F0060343640446C6
:10A92000806B134600271B4A84F83C70C6630264A0
:10A93000194EC6646FF022022A606E6846F0806687
:10A940006E60AE6846F480760A46AE6005F14C0152
:10A95000FAF776FB114B5B6813F01F0F236805D0E5
:10A960000F4A934202D0002003B0F0BD986810F067
:10A970004050F8D19A6842F080429A6003B0F0BD2E
:10A98000022003B0F0BD00BFF401002083DE1B43B2
:10A99000B1A9000811AA000821AA0008002301405B
:10A9A000002001400368D86C704700BF704700BFAB
:10A9B000836B1A6C12F0500F02D09B6BDB6C184744
:10A9C0001A6C196842F4007210B51A648A6812F0A1
:10A9D000405F17D19A69AAB9CA6A12F4700F02D0FF
:10A9E0008A6850050ED44A6822F020024A601A6C28
:10A9F00022F480721A641A6CD20403D41A6C42F0E6
:10AA000001021A641846FFF7D1FF10BD704700BF5E
:10AA100008B5806BFFF7FAFF08BD00BF704700BFA5
:10AA2000806B08B540230364436C43F00403436424
:10AA3000FFF7F4FF08BD00BFF0B490F83C3082B0DF
:10AA40000022012B019200F095800D688A6803684E
:10AA50000124092DAFB280F83C4029D81C6905EBD0
:10AA600045064FF0070C0CFA06FC24EA0C041C61A6
:10AA70001C6902FA06F626431E614E68062E06EB96
:10AA800086022AD8596B053A1F24944021EA040112
:10AA90005963596B07FA02F20A435A63374A9342E1
:10AAA0002DD0002380F83C30184602B0F0BC70472F
:10AAB00007EB4706DC681E3E4FF0070C0CFA06FC5D
:10AAC00024EA0C04DC60DC6802FA06F62643DE6049
:10AAD0004E68062E06EB8602D4D90C2E35D8A2F18C
:10AAE00023041F211A6BA14022EA01021A63196B89
:10AAF00007FA04F20A431A63204A9342D1D1122D75
:10AB000031D0A5F11003012BCBD81D4A5368102D6D
:10AB100043F400035360C4D11A4B02F1467202F5AC
:10AB20002E321B6802F28332A2FB03239B0C03EB41
:10AB300083035B000193019B002BB2D0019B013B7F
:10AB40000193019B002BF9D1ABE7A2F141011F2436
:10AB5000DA6A8C4022EA0402DA62DC6A07FA01F25D
:10AB60002243DA629AE7D2F8043343F48003C2F84E
:10AB7000043396E7022002B0F0BC70470020014089
:10AB800000230140F40100202DE9F04FDFF830C22E
:10AB9000DFF83082D1F800E083B0002503E0013512
:10ABA000102D00F09A800123AB400EEA0304A3426B
:10ABB000F5D14E6826F0100ABAF1020F00F090802D
:10ABC0004FEA45090322D0F800B002FA09F2D24355
:10ABD00006F0030702EA0B0B07FA09F70AF1FF3A3E
:10ABE00047EA0B07BAF1010F076040F29F80C76880
:10ABF0008B683A4003FA09F31343C360F300CED5E0
:10AC000000230193D8F8443043F48043C8F844301B
:10AC1000D8F8443025F0030202F1804203F4804367
:10AC200002F59C32019305F00307019BD2F80890CE
:10AC3000BF000F23BB4029EA030A5B4B984224D094
:10AC400003F58063984200F08480584B984200F0EE
:10AC50008780574B984200F08A80564B984200F00C
:10AC60008D80554B984200F09080544B984200F0F4
:10AC70009380DFF8549148450CBF4FF007094FF01F
:10AC8000080909FA07F74AEA070AC2F808A0DCF837
:10AC90000030E243F70354BF13402343CCF80030A5
:10ACA000DCF80430B70354BF13402343CCF804301E
:10ACB000DCF80830F70254BF13402343CCF80830C7
:10ACC000DCF80C30B60205F1010554BF13402343F4
:10ACD000102DCCF80C307FF466AF03B0BDE8F08FD8
:10ACE0004FEAD50900EB890905F00707D9F82020BC
:10ACF000BF004FF00F0B0BFA07FB22EA0B0A0A69A1
:10AD0000BA4042EA0A02C9F820204FEA4509032264
:10AD1000D0F800A002FA09F2D24306F0030702EAD3
:10AD20000A0A07FA09F747EA0A070760876807EA85
:10AD3000020ACF6807FA09F747EA0A078760D0F8DE
:10AD400004A0C6F300172AEA0303AF401F4347607D
:10AD50004DE74FF0010909FA07F74AEA070A94E7B5
:10AD60004FF0020909FA07F74AEA070A8DE74FF0A0
:10AD7000030909FA07F74AEA070A86E74FF00409C8
:10AD800009FA07F74AEA070A7FE74FF0050909FAC7
:10AD900007F74AEA070A78E74FF0060909FA07F7C2
:10ADA0004AEA070A71E700BF0000024000080240BB
:10ADB000000C024000100240001402400018024043
:10ADC000003C014000380240001C02402DE9F04FD9
:10ADD000DFF84091DFF84081DFF840A1002402E075
:10ADE0000134102C6DD0012707FA04F333EA010275
:10ADF000F6D14FF0030E04FA07F205680EFA02F2DC
:10AE0000D24324FA0EF6154000EB8606056004F0E6
:10AE10000705D6F820B04FF00F0CAD000CFA05F581
:10AE20002BEA050535628568154085604568DB437A
:10AE30001D404560C66824F0030505F18045324099
:10AE400005F59C35C26004EA0E02AE6892000CFA69
:10AE500002FC48450CEA060635D0504538D0274F4D
:10AE6000B84238D0264FB84239D0264FB84239D0F0
:10AE7000254FB8423AD0254FB8423BD0244FB84274
:10AE800025D0082707FA02F29642A9D1AA6822EA39
:10AE90000C02AA60D8F800201A40C8F80020D8F8A0
:10AEA00004201A40C8F80420D8F808201A40C8F82E
:10AEB0000820D8F80C2001341340102CC8F80C30AE
:10AEC00091D1BDE8F08F0022964289D1DEE70727B5
:10AED00007FA02F2F8E7022707FA02F2F4E70EFA9D
:10AEE00002F2F1E7042707FA02F2EDE7052707FA75
:10AEF00002F2E9E7062707FA02F2E5E70008024056
:10AF0000000C0240001002400014024000180240F1
:10AF1000001C024000000240003C014000040240CE
:10AF20000369194214BF01200020704702B90904C7
:10AF300081617047044A5169014200D1704708B5E8
:10AF40005061FDF75FFF08BD003C014000285CD068
:10AF500090F83D3070B503F0FF020446002B4FD04F
:10AF60002268324D242384F83D30136823F0010316
:10AF70001360FCF723FAD4E900312D4AA2FB0062EA
:10AF8000920CA9425A6025D84900B0FBF1F0C0F3F9
:10AF90000B01013203291A6298BF0420D4E9072566
:10AFA000D4E90361D86142EA0500D4E905253143BB
:10AFB0002A4318609960DA601968002241F00101A3
:10AFC000202519601046226484F83D50226384F8DD
:10AFD0003E2070BD4FF49675164E05FB02F2A6FB9F
:10AFE00002529209A56801321A6285B901EB41014A
:10AFF000B0FBF1F0C0F30B02AAB140F40040CDE782
:10B0000080F83C2000F02CFEAAE70120704701EBFD
:10B01000810101EB8101B0FBF1F0C0F30B0212B131
:10B0200040F44040BAE70120B8E700BFA086010025
:10B0300083DE1B43D34D6210F0B490F83D40282CC2
:10B0400082B032D1002934D0002A32D090F83C406E
:10B05000012C2AD005682C680126E40780F83C60A2
:10B0600002D42C6834432C602C6824F400642C60D7
:10B0700029270024202680F83D7080F83E60046473
:10B080004285C362428D01946B690193AB69019360
:10B09000019B6B684162028580F83C4043F4E063A9
:10B0A00020466B6002B0F0BC7047022002B0F0BCDA
:10B0B0007047012002B0F0BC704700BFF0B490F8B8
:10B0C0003D40282C82B032D1002934D0002A32D021
:10B0D00090F83C40012C2AD005682C680126E40732
:10B0E00080F83C6002D42C6834432C602C6824F433
:10B0F00000642C602A270024202680F83D7080F808
:10B100003E6004644285C362428D01946B69019381
:10B11000AB690193019B6B684162028580F83C40FA
:10B1200043F4E06320466B6002B0F0BC704702203D
:10B1300002B0F0BC7047012002B0F0BC704700BF05
:10B1400090F83D30202B14D12822036880F83D2050
:10B150001A68D20703D41A6842F001021A601A680A
:10B1600042F480621A605A6842F440725A600020C9
:10B1700070470220704700BF704700BF704700BF94
:10B18000704700BF704700BF704700BF704700BFE7
:10B19000704700BF90F83D20293A012A38B504468F
:10B1A000036856D990F83D20602A05D05A681505E5
:10B1B0005CBF202280F83D200022226384F83E20DC
:10B1C0001A6822F400621A605A6812F400621DD0F4
:10B1D0005A68606B22F400625A6090F83530012B97
:10B1E00052D0374B0365F9F7B5FF50B12268606B59
:10B1F0001368016D23F001032025136084F83D508E
:10B20000884794F83D30282B13D038BD94F83D1072
:10B21000602924D05A69520604D5626A1B69511C00
:10B2200061621370204612F093F994F83D30282B98
:10B23000EBD1236C5B07E8D5224BE362202200238D
:10B240002363204684F83D2084F83E3012F056F9FE
:10B2500038BD00212822016380F83D20B0E720217D
:10B2600084F83D1022645A69510605D5626A1B694B
:10B27000511C6162137023681A6822F001021A607F
:10B280002046FFF785FFBCE7A06B0D4B0365F9F780
:10B2900061FF0028B5D023685A69500605D5626A57
:10B2A0001B69511C6162137023681A68A06B22F03D
:10B2B000010220211A60036D84F83D109847A0E731
:10B2C000CDBB00080000FFFFF0B5036804469E698F
:10B2D0005A69586894F83E10C9B210298DB03DD013
:10B2E00040293BD099491140002900F0CB808705C7
:10B2F00000F183819649974D31401540002900F0B7
:10B30000338195491140002900F08581460540F1BF
:10B310008281002D40F0828194F83D10628D92B2BE
:10B32000C9B2CAB1626A501C606212781A61628D39
:10B33000013A92B26285628D92B26AB929290BD123
:10B340005A68212522F4806228215A60204625630C
:10B3500084F83D10FFF714FF0DB0F0BD12F0011F8F
:10B3600041D0850500F12F817C491140002943D04F
:10B37000774D784935401140002D5AD0764D154013
:10B38000002D52D0470550D5002900F06E8186056A
:10B39000E2D5E16A94F83D20212ADDD1628D92B296
:10B3A000002A40F04381042905D0082903D011F573
:10B3B000803F40F0D5825A6822F4E0625A601A68F1
:10B3C0000021202042F400721A60216384F83D00BD
:10B3D00094F83E3084F83E10402B204600F08582E1
:10B3E000FFF7CAFEB8E75D49114029B18105BFD515
:10B3F000616CC9B21961BBE7544911400029B7D04B
:10B400008705B5D594F83E10E76AD4F830C094F8B3
:10B410003D50222DC9B200F07F8100210A91596967
:10B420000A9199690A910A99A2E70029AFD10DB052
:10B43000F0BD4B4D15400DB345051FD5002900F05B
:10B440004181820588D5E56A628D616A92B2042ADB
:10B4500001F1010000F0AA81628D92B2032A00F08E
:10B46000AE81628D92B2022A00F0B6811B696062E1
:10B470000B70638D013B9BB263856DE70029E0D1C2
:10B480000DB0F0BD374F1740002F3FF433AF8505A7
:10B490007FF530AF94F83D005A6822F4E0625A60BC
:10B4A0000B915A690B921A6842F001021A600B9ACA
:10B4B0001A6822F480621A605A6811051D46C0B2EB
:10B4C0000ED594F83D20222A00F06A8194F83D20A0
:10B4D0002A2A00F06581626B1268526892B2628516
:10B4E000628D92B2C2B15A69520709D5626A1B696C
:10B4F000511C61621370638D2568013B9BB26385AB
:10B500006B695F0608D5636A2A69591C61621A7003
:10B51000638D013B9BB26385236C002B40F0198146
:10B52000A0F12802022A40F22181236B222B02D0B3
:10B5300022287FF411AF002320222363204684F8C1
:10B540003D2084F83E30FFF71DFE05E702000100B4
:10B550000400100004000100800001000800010048
:10B56000400001001000010099491140002967D0F6
:10B57000410565D5002D66D194F83D10628D92B2DB
:10B58000C9B2002A3FF4E8AE626A1B69501C6062CF
:10B590001370638D013B9BB26385638D9BB2002B5F
:10B5A0007FF4DAAE2A297FF4D7AE226853682225C9
:10B5B00023F48063282153602046256384F83D10DE
:10B5C000FFF7E0FDC8E694F83E10402900F0C78080
:10B5D0002169B1F5804F00F09380216D002900F0C2
:10B5E000D180216D01297FF4C3AE616CC91101F0D6
:10B5F000060141F0F1011961BAE699699B6981F090
:10B6000004011E06C1F3800154BFA289228B20468B
:10B6100011F07EFFA0E6002D3FF49EAE80057FF581
:10B620009BAE628D92B2002A3FF496AE626A511CC4
:10B63000616212781A61638D013B9BB263858BE670
:10B64000002D3FF489AE82057FF586AE628D92B201
:10B65000002A3FF481AE626A1B69511C616213705B
:10B66000638D013B9BB2638576E694F83D20258D82
:10B6700094F83E10E06AD2B2C9B2002D40F09B802F
:10B68000212A00F0148140297FF466AE222A7FF43B
:10B6900063AE628D92B2002A00F0228194F83E20BF
:10B6A000402AC3D1226D002A40F0A581E26C012A14
:10B6B000A26C00F0C081C2F307221A61236D01332E
:10B6C000236549E694F83D20222A7FF445AE628D39
:10B6D00092B2032A40F2C980626A1B69511C6162FE
:10B6E0001370638D013B9BB26385638D9BB2032B0B
:10B6F0007FF432AE2268536823F4806353602BE6F4
:10B7000094F83D102129616C16BF41F0010101F050
:10B71000FE01C9B219612BE6256D15B9402900F06B
:10B72000E780256D25B92169B1F5404F00F0EF8024
:10B73000618D89B200297CD103915969039199697E
:10B7400003910399196841F4007119600021216582
:10B750000EE620460DB0BDE8F040FFF71BBD216DA1
:10B76000C1B9616C01F0FE01196101E6194AE2629A
:10B7700020222363204684F83D2084F83E3011F0D7
:10B78000BDFEE9E5616CC91101F0060141F0F0016F
:10B790001961EDE5616C41F00101C9B21961E7E59C
:10B7A000A26B1268526892B2628599E65A6822F4D6
:10B7B00080625A605AE6212A3FF46BAF63E75A6809
:10B7C00022F480625A601A6822F480621A604DE6A0
:10B7D000400001000000FFFF013D012D1A6840F20A
:10B7E0008E8042F400721A601B6960620B70638D78
:10B7F000626A2168013B9BB263850B69511C6162DF
:10B800001370638D2168013B9BB263854B682020D8
:10B8100023F4407300224B6084F83D00226394F8C7
:10B820003E3084F83E20402B20463DD0FFF7A6FC5A
:10B8300092E5618D89B2012977D0618D89B20229A3
:10B8400000F09B80196841F480611960596809050E
:10B8500003D5596841F48051596000210991596913
:10B86000099199690991099970E7012A3FF674AD28
:10B870001A68606A22F480621A605A6822F4E062F0
:10B880005A601B69421C62620370638D013B9BB26C
:10B890002022638584F83D20216394F83E3084F8AB
:10B8A0003E10402B2046C1D1FFF770FC54E5042820
:10B8B0003FF481AD08283FF47EAD10F5803F3FF4A2
:10B8C0007AAD5A68112622F4E06220215A6020469F
:10B8D000266384F83E5084F83D10FFF74DFC3BE5AD
:10B8E0005A6822F480625A6036E5FFF74DFC33E572
:10B8F00001955969019199690191019938E522F4FD
:10B9000080621A601A6842F480721A606CE70295CD
:10B9100059690291996902910299196841F48071FB
:10B920001960216D0131216522E517F5803F4ED068
:10B93000042F3CD0082F3AD0BCF1120F37D0E16A67
:10B940000229196814BF21F4806141F480611960F3
:10B950000021069159690691996906910699F5E6C3
:10B960005968112621F4E06120255960204626639C
:10B9700084F83E2084F83D5032E5E16A02291968D6
:10B980004AD021F480611960196841F4006119609E
:10B9900059680D0503D5596841F48051596000215B
:10B9A000089159690891996908910899CEE6196832
:10B9B000002521F4806119600795596907919969FB
:10B9C00007910799196841F400711960BEE619687A
:10B9D00021F480611960596811F4006120D0196860
:10B9E000002521F4806119600495596904919969D1
:10B9F00004910499AAE6226D012A22D0226D022A1E
:10BA00007FF4AAAC94F83D20222A21D094F83D205E
:10BA1000212A7FF4A1AC09E641F480611960B7E7FF
:10BA2000059159690591996905910599196841F43C
:10BA3000007119608AE6D2B21A61236D0233236560
:10BA40008AE4A26CD2B21A61236D0133236583E4C8
:10BA50001A6842F480721A607EE400BF70B5044632
:10BA60005848226853695168034203F4813023D057
:10BA7000CD0521D5256C6FF4807645F00105256450
:10BA80005661002848D0206C6FF4007540F0020029
:10BA900013F4823F2064556103F4843523D145B10A
:10BAA000CB0506D5236C6FF4006143F008032364D3
:10BAB0005161236C5BB970BD70B1C805E3D413F458
:10BAC000823F03F48435EAD0236C002BF3D0204668
:10BAD000BDE87040FFF75EBB13F4823F03F484358A
:10BAE000DDD0C905E5D594F83E00638D94F83D108E
:10BAF000266B20289BB2C9B214D0236C43F00403F8
:10BB0000236494F83E30102B39D06FF48063536176
:10BB1000002DCED02268C5E713F4823F03F48435AC
:10BB2000E1D1BCE7002BE8D101F0F703212B03D0D2
:10BB30002829E2D1212EE0D194F83D30E16A042990
:10BB4000DBB221D008291FD0212BDED11E49E162B2
:10BB500020200021236384F83D0084F83E105368C0
:10BB60006FF4806123F4E0635360516113680B400C
:10BB700013602046FFF704FB002D9AD0CAE7136834
:10BB800043F400731360C0E7282BDDD10E4BE36252
:10BB900053686FF4806123F4E0635360516113686C
:10BBA000002123F48063202613602046216384F85B
:10BBB0003D6084F83E1011F0A1FC002D3FF479AFF8
:10BBC000A8E700BF000101000000FFFF806B0268D2
:10BBD000116838B521F480610023456B846B1160D6
:10BBE000438590F83D102B6560294FF020012365B7
:10BBF00080F83D1080F83E3006D0136823F0010332
:10BC0000136011F0A5FC38BD0364136823F0010331
:10BC10001360FFF7BDFA38BD38B50D4B0D4A0E4C19
:10BC20001A60450000224FF480411846DD605C60D8
:10BC300019619A60C3E90522C3E90722FFF786F973
:10BC400000B938BD4F210548BDE83840F8F7B0BB12
:10BC50003848002000540040A0860100B43D02088E
:10BC6000374B02689A4200D0704770B586B0042303
:10BC70004FF44071064612200322012401910290E4
:10BC80000DEB03012F480593CDE90342FEF77CFF3E
:10BC900000232D4A0093116C2C4D2D48AB6041F4CC
:10BCA00000111164126CEB6002F4001200924FF06C
:10BCB00000714FF48062C5E90533C5E90833286097
:10BCC0004FF480732846009C69602A61EB61F9F7A4
:10BCD0001DF958BB1F4C2048B5634FF0007340213D
:10BCE0004FF480622060636020460023AE63A16051
:10BCF000C4E90332C4E90533C4E907336362F9F7E1
:10BD000005F9C0B97463002205211F20A663F6F768
:10BD10003BF91F20F6F76EF9002205212020F6F7E7
:10BD200033F92020F6F766F906B070BD7A210B488A
:10BD3000F8F73EFBCEE78C210848F8F739FBE1E73E
:10BD40000054004000040240003802408C480020AB
:10BD500010600240D8470020A0600240B43D0208B5
:10BD6000DFF838D0002103E00D4B5B58435004311D
:10BD70000C480D4B42189A42F6D30C4A02E00023BD
:10BD800042F8043B0A4B9A42F9D3FCF7B7FEF8F7A6
:10BD900007FA12F093FFF8F799FA704700000220B3
:10BDA000A0750208000000208C06002090060020EC
:10BDB000FC480020FEE7000010B50446FDF760FADD
:10BDC000094A136863B1094909681819884296BF7E
:10BDD0001C464FF0FF341060FDF70EFB204610BDEF
:10BDE000034B1B681360EEE7A0080020FC01002055
:10BDF000F801002070B5044684B00D460022218A67
:10BE0000C068FFF793F8012000F01EFB6FEA454180
:10BE10006FEA51414FF47A73ADF80C1000264BF6DF
:10BE2000EF65012203A92068ADF80A60ADF80E5055
:10BE3000F7F7E0FF218AE0680122FFF777F8012099
:10BE400000F002FB3246218AE068FFF76FF801201C
:10BE500000F0FAFA4FF47A730DF10E020DF10A01B7
:10BE6000206800930123F8F779F8012000F0ECFA3C
:10BE7000218AE0680122FFF759F8012000F0E4FA76
:10BE8000BDF80E00A84203D0C0F30A0004B070BD94
:10BE9000034B044A044840F2871112F0D9FE00BF58
:10BEA000C83D0208F83D0208DC3D020810B50189D2
:10BEB000044601224068FFF739F80A20FCF7B4FA7B
:10BEC00000212046FFF796FF4305F9D40120BDE885
:10BED0001040FCF7A9BA00BF10B500210446FFF7D7
:10BEE00089FF420503D5C0F30A0010B110BD002040
:10BEF00010BD20464FF40061FFF77CFF0306F6D526
:10BF00004FF4806010BD00BF70B5044682B00E468D
:10BF10001546018AC0680022FFF708F8012000F0EA
:10BF200093FAC5F30A0502A935434FF47A7321F851
:10BF3000025D01222068F7F75DFF012000F084FA1E
:10BF4000218AE0680122FEF7F1FF012000F07CFA6F
:10BF500002B070BD38B591F8223003B938BD0C4637
:10BF60000B7C497CA27C0B43E17C1343A28A0B43EC
:10BF70001A434FF480510546FFF7C6FFE07DA37DCD
:10BF8000217E627E03430B431A4328464FF4C0517F
:10BF9000FFF7BAFF002384F8223038BD91F8233030
:10BFA00003B9704770B50C4600210546FFF722FF24
:10BFB000C0F38023C0F34021C0F300222370C0F3FC
:10BFC000C0136170A270C0F38011C0F34012E3701F
:10BFD000C0F30013C0F3C00621716271C0F3800189
:10BFE000C0F34002A37100F001036083E671217287
:10BFF0006272A3724FF400612846FFF7FBFEC0F3A4
:10C00000C01200F00F03A0832273E3814FF480512C
:10C010002846FFF7EFFEC3B200F4F86203F0030610
:10C0200003F00401A28203F0080203F03003E0836E
:10C03000267428466174A274E3744FF4C051FFF76C
:10C04000D9FEC3B203F0030603F00C0503F0300180
:10C05000002203F040032084A675E57521766376FF
:10C0600084F8232070BD00BF70B50026054681F816
:10C07000226081F8236001200C46FCF7D5F9314697
:10C080002846FFF7B7FEC0F38023C0F34021C0F37A
:10C0900000222370C0F3C0136170A270C0F380113E
:10C0A000C0F34012E370C0F3001321716271C0F35A
:10C0B000C001C0F38002A371C0F3400300F001008F
:10C0C0002272E1716372A0724FF400612846FFF79B
:10C0D00091FEC0F3C01300F00F002373E0814FF412
:10C0E00080512846FFF786FEC3B200F4F86203F0E1
:10C0F000040103F00306A28203F0080203F03003F8
:10C100006174A274E3744FF4C05128462674FFF79B
:10C1100071FEC0B200F0030100F00C0200F0300329
:10C1200000F04000A175E2752376607670BD00BF17
:10C13000F5EEC00ADFED817AF1EE10FA60EEA77A33
:10C14000B5EEC00AC0F29280F1EE10FA4DDBB4EE0B
:10C15000E70AF1EE10FA6ED4DFED796AB7EE007AF5
:10C16000A0EEE67A70EE677AB6EE006A37EE677A8E
:10C1700027EE067A77EE277A80ED007AB0EE677ABE
:10C18000A0EEA67AC1ED007A82ED007AD0ED007AB9
:10C19000F5EEC07AF1EE10FAC0F2B280B7EE007A96
:10C1A000F4EEC77AF1EE10FA00F2AA80D1ED007A2F
:10C1B000F5EEC07AF1EE10FAC0F2A280F4EEC77A82
:10C1C000F1EE10FA00F29C80D2ED007AF5EEC07A22
:10C1D000F1EE10FAC0F29480F4EE477AF1EE10FA24
:10C1E0008CBF4FF0FF3000207047DFED566A60EEE5
:10C1F000A66A30EE277AF4EEC06AF1EE10FA1CDD82
:10C20000DFED4F6AF0EE477AE0EEE67AB7EE006ACD
:10C2100077EE867AB6EE006A67EE867AB0EE676AE7
:10C22000A0EEA66AC1ED007A76EE477A82ED006A4A
:10C23000C0ED007AACE730EE277A77EEC07AF7EE01
:10C24000006A76EEE76AB6EE006A76EEC76A66EED8
:10C25000866A76EEA77AC1ED006A37EE877AC0ED7E
:10C26000007A82ED007AD0ED007A91E7F1EE10FAD3
:10C270003EDBDFED346A60EEA66A30EE277AF4EE3C
:10C28000C06AF1EE10FA18DD70EE677AF7EE006A18
:10C2900077EEC75AB6EE006A76EEE56A66EE866A13
:10C2A00036EEC77AC2ED006A77EE277A80ED007A23
:10C2B000C1ED007AD0ED007A6AE7DFED236AF7EE90
:10C2C000007AE0EEE67AB6EE006A77EEC77A67EEBD
:10C2D000867A37EE277AC0ED007AF0EE477AE0EE04
:10C2E000A67A82ED007AC1ED007AD0ED007A4FE7B0
:10C2F000B4EEE70AF1EE10FA05D430EE277AC3E780
:10C300004FF0FF307047DFED106AB7EE007AA0EE15
:10C31000E67A77EEC07AB6EE006A37EE677A27EEF5
:10C32000067AB0EE476AA0EEA66A82ED007A76EE53
:10C33000277A81ED006AC0ED007A29E73ACD133FF4
:10C340003ACD933F3ACD13BF3ACD93BFB0EEE07AEA
:10C35000F0EEC06AF4EEC76ADFED1F7A9FED1F4A68
:10C36000DFED1F4A9FED1F5AF1EE10FA4CBF77EE3A
:10C37000277A76EEA77AD4BFF0EE665AF0EE475AE7
:10C3800085EEA76AF7EE007A66EE065AF4EEC76A03
:10C39000E5EE844AF1EE10FAA4EEA55AC8BF9FED6F
:10C3A000127AE5EE257AF5EEC00A67EE867AC8BF06
:10C3B00077EE677AF1EE10FA48BF9FED0C7AB5EE92
:10C3C000C00A48BF77EE677AF1EE10FA48BFF1EE87
:10C3D000677AB0EE670A70470000800016733EBDB2
:10C3E0004423233E2CBEA7BEDB0FC93FDB0F4940D1
:10C3F000DFED077A49B100EB8101B0EC017AA0EEE4
:10C40000277A8842F0EE477AF7D1B0EE670A704794
:10C410000000000090FBF1F303FB11000028B8BFFF
:10C420004018704770B5074EFAF720FA756A04464F
:10C43000FAF71CFAA042F7D14FF47A7303FB0050CD
:10C4400070BD00BF0020004038B50546FFF7EAFF89
:10C45000044600E000BFFFF7E5FF001BA842F9D348
:10C4600038BD00BFDFED207AB5EEC00A60EE277A56
:10C47000F1EE10FABDEEE77A04D517EE103A013B63
:10C4800007EE103AB8EEC77ADFED186A77EEC77A92
:10C4900067EEA67ABCEEE77A17EE103A9BB2B3F5D8
:10C4A000007F19D377EEE67A9FED117A0122002101
:10C4B000104B03EB820277EEC77A92ED000A03EB92
:10C4C0008103B7EE007A27EE800A77EE677A93ED64
:10C4D000007AA7EE870A704707EE103A19465A1CF1
:10C4E000B8EE477AE4E700BF83F9223E000000443B
:10C4F0000000000020610208DFED237A20EE270A09
:10C50000FDEE006AF5EE007A70EE277AB4EEE60AE8
:10C51000F1EE10FABDEEE77A04D517EE103A013BC2
:10C5200007EE103AB8EEC77ADFED186A77EEC77AF1
:10C5300067EEA67ABCEEE77A17EE103A9BB2B3F537
:10C54000007F19D377EEE67A9FED117A0122002160
:10C55000104B03EB820277EEC77A92ED000A03EBF1
:10C560008103B7EE007A27EE800A77EE677A93EDC3
:10C57000007AA7EE870A704707EE103A19465A1C50
:10C58000B8EE477AE4E700BF83F9223E000000449A
:10C59000000000002061020810B51A4B421E03EB98
:10C5A00000102DED028B03EB02130C4603C8D3EDF4
:10C5B000068A93ED078A11F04BFAF8B1124A134933
:10C5C000DFED137A0368944228BF14468C4238BFCB
:10C5D0000C4638EE688AA4F5A431203928EE278A63
:10C5E00007EE901AF8EEE77AB0EE680AA7EE880A2E
:10C5F000BDEC028BDB68BDE810401847BDEC028B38
:10C6000010BD00BF3402002040900200204801000D
:10C6100090BA4737EFF3108372B6044A127812B11A
:10C62000012280F8602083F3108870470009002001
:10C6300030B4EFF3108472B6026890F8603012687C
:10C6400011684A6C002522F400425B1B80F86050A0
:10C6500018BF01234A6484F31088184630BC704721
:10C6600070B4EFF3108272B6224B1B78CBB1036823
:10C6700090F860401B680E881B684D8889885E634F
:10C68000012C9D63D9632AD0022C2FD1596C03242D
:10C6900041F4004180F86040596482F3108870BC16
:10C6A0007047046880F8603023680D881B684C88E8
:10C6B00089885D639C63D963EFF3108472B6036865
:10C6C0001B6819684B6C002523F4004380F8605008
:10C6D0004B6484F3108882F3108870BC7047022387
:10C6E00080F8603082F3108870BC7047032CD4D07F
:10C6F000E2E700BF0009002070B4EFF3108472B6C7
:10C70000164B17491A68174E0868002341F20105B5
:10C71000D363337015648269EFF3108572B61068C5
:10C7200082F8603002681068426C22F40042426471
:10C7300085F310884A689269EFF3108172B6106829
:10C7400082F8603003681A68536C23F40043536422
:10C7500081F3108884F3108870BC7047D03A0020B1
:10C760000C09002000090020114B70B403F10806E9
:10C7700000251A689269EFF3108472B6116882F886
:10C7800060500A6811684A6C22F400424A6484F3DB
:10C79000108853F8042B9169B1F85E20B34242EA45
:10C7A0000002A1F85E20E4D170BCFFF7A5BF00BF76
:10C7B0000C09002038B50B1A272B05460C4611D959
:10C7C000EFF3108272B60A4B1B7843B1094B1B681A
:10C7D000002041F20101D8631964DD631C6482F317
:10C7E000108838BD4FF48070FFF7BEFFE8E700BF48
:10C7F00000090020D03A0020036840F2D66210B54C
:10C8000000215A6304469A63DA63FDF7FDFA204675
:10C810000021F7F7A9F820460421FDF7F5FA204694
:10C820000421F7F7A1F820460821FDF7EDFA20468C
:10C830000821F7F799F82368012220461A640C2191
:10C84000BDE81040FDF7E2BA096800682DE9F04143
:10C85000456C4C6CD0F804C08F68466CDDF818E06D
:10C8600026F4004646644E6C26F400464E64066884
:10C8700026F0010606600E6826F001060E60466886
:10C8800026F070064660466846F0100646608E68E0
:10C8900026F070068E608E6832438A608A6822F0C5
:10C8A00007028A608A6842F006028A6006680A689F
:10C8B000D0F8008028F06008C0F80080D1F800802F
:10C8C00028F06008C1F80080D0F8008028F0100837
:10C8D000C0F80080D1F8008028F01008C1F800806E
:10C8E000D0F8008006F0600646EA080606600E688A
:10C8F00002F06002324300260A6005F400454362FC
:10C9000004F400444E62BEF1000F06D0DEF80020B1
:10C910005362136843F00103136002681FFA8CF33B
:10C92000BFB242F00102026043608F60436C1D435E
:10C9300045644B6C1C434C64BDE8F0812DE9F04329
:10C94000DFF85C91DFF85C81D9F80000D8F80010BE
:10C9500083684B4F4B4E3A684B4C4C4D43F00103B0
:10C9600083608B6843F001038B60936843F001039D
:10C9700083B093600220FBF757FDD9F800C0D8F8C8
:10C980000010DCF804003A68414B40F08000CCF81D
:10C990000400486840F080004860506840F0800023
:10C9A0005060486840F020004860516841F0200124
:10C9B0005160DA6842F00102DA60DA6842F002029D
:10C9C000DA603046FFF718FF2046FFF715FF314BBE
:10C9D00000932146304640F256630022FFF734FFB1
:10C9E00032682368516C2E6821F400415164596CFF
:10C9F00021F400415964D16841F00101D160DA6845
:10CA0000002442F0010241F20107DA602846F46393
:10CA100008213764FDF7F8F928460C21FDF7F4F9F1
:10CA20001D4A13689B69EFF3108072B6196883F88A
:10CA300060400B6819684B6C23F400434B6480F32F
:10CA4000108853689B69EFF3108172B61A6883F8F7
:10CA5000604013681A68536C23F40043536481F3F5
:10CA60001088EFF3108272B60C492B680120DC634A
:10CA700008701F6482F3108803B0BDE8F08300BF24
:10CA8000C0420020943A002068390020D03A0020AB
:10CA9000002004E0583A00200C0900200009002082
:10CAA000784200203042002070B51F4B1F4A1A60A8
:10CAB0004FF48032002184B01D4D5A6010240122B1
:10CAC00018469D62DC6199601962D962C3E903125C
:10CAD0009A611A635A61FDF733FEF0B9012302939C
:10CAE0000024114D134E01E0102C0FD00094694624
:10CAF000013428460194FDF79FFF0028F4D040F24E
:10CB000061113046F7F754FC102CEFD122460A4948
:10CB10000548FDF7C3FE04B070BD4FF4AC71054885
:10CB2000F7F746FCDAE700BF78420020002001401A
:10CB30000100000F183E0208E00800202B4B98422D
:10CB400019D02B4B984205D02A4B984229D09FED03
:10CB50002A0A7047012922D00229F8D10922274B3D
:10CB6000DFED277A33F8123000EE103AB8EE400AC3
:10CB700020EE270A704701290FD002291FD004296F
:10CB800025D0082927D010291FD0202927D04029B7
:10CB900029D08029DBD10722E1E70022DFE7082244
:10CBA000DDE701290DD0022913D004290BD0082973
:10CBB00013D0102915D02029C9D10F22CFE7012287
:10CBC000CDE70A22CBE70C22C9E70422C7E70222FD
:10CBD000C5E70B22C3E70322C1E70D22BFE7052209
:10CBE000BDE70E22BBE70622B9E700BF0000024006
:10CBF00000040240000802400000C07FE00800205E
:10CC00003333533AF8B52DED028BDFED1C8A1C4C03
:10CC1000002503E0082D04F110042AD094E8030055
:10CC200010F0FAFE01350028F4D0AEB23046FCF721
:10CC30000BF907463046FCF715F901463846FFF771
:10CC40007DFF94ED027AD4ED037A77EEC77A94E80B
:10CC5000030067EEA87A1034A0EE277AB0EE478A78
:10CC600010F0F6FE0368B0EE480ADB689847082D1E
:10CC7000D4D10A20FBF7D8FBC9E700BFCA269B3EE8
:10CC8000C402002008B50121FBF73AFE07EE900A26
:10CC90009FED107A104A11491368F8EE677A67EE33
:10CCA000877AC1ED007A9BB1DB8C8BB953687BB17D
:10CCB000DB8C6BB90A490A687F2A88BF1A46094B80
:10CCC00094BF501C012003EB82030860C3ED007A7F
:10CCD00008BD00BF3333113C0C09002000020020C6
:10CCE000641200206410002038B503681B6813F03C
:10CCF000100319D1124A90421DD0124B984214D100
:10CD0000114B5B680124D86802F06AFB630023447E
:10CD10000E490F4C0F48104A2569046910695B00E1
:10CD2000CA18CD525480908038BD4FF40070BDE8D1
:10CD30003840FFF719BD044A1C461368E3E700BFFB
:10CD4000943A0020683900200C090020A408002033
:10CD5000000002400004024000080240254BD3E9D5
:10CD6000002392699B6992F8600093F86010032891
:10CD70003AD003292AD0DFED207A204A204B92EDC9
:10CD8000017AD3ED006A67EE877A87EEA67AB5EE70
:10CD9000C07AF1EE10FA16DBDFED1A7AB4EEE77A1C
:10CDA000F1EE10FA0FD8F7EE007A37EEC77AF0EE10
:10CDB000477AFEEECA7A17EE901AA1F1280020EA0F
:10CDC000E070FFF7F7BC4020FFF7CEBCDFED0A7A3A
:10CDD00093ED227A77EE877AF5EEC07AF1EE10FACB
:10CDE000C9DCF1EE677AC8E70329D2ED227AF3D1E4
:10CDF000EEE700BF0C090020000000003402002014
:10CE0000000200206666663F2DE9F04FDFF8E481FE
:10CE1000404587B002D0724B98426BD1714FD7E931
:10CE200000B600296CD14FF001090546B0690368CE
:10CE30001B681B681C6814F010048A460CBF012193
:10CE4000022101F021FC454575D0BAF1000F6DD0EB
:10CE500001212846FBF754FD0146B06901F022FC90
:10CE6000002C53D14545B76900F08F80D6F80CC02F
:10CE7000D7ED1C7ADCF800505B4BE968EA69686919
:10CE8000B5F81880B5F810E005914FEA490B298CE8
:10CE9000564D0490D94430EE670A03EB4909AA4283
:10CEA000ADF80680ADF808E087ED1A0A0392DFF8C6
:10CEB00048A1ADF8041009F1040809F1020E234657
:10CEC00003AF01A814D0524514BF424672461288DF
:10CED0006400114203F1010318BF44F00104032B65
:10CEE000E4B25BD057F8232030F81310AA42EAD1FD
:10CEF0004A46ECE7042007B0BDE8F04FFFF734BC2A
:10CF00005B464FF00009B3461E468EE74545B369C0
:10CF10004CD0D3ED1C7A9FED367A30EE670AE0EE06
:10CF2000077AC3ED1C7A07B0BDE8F08F2846FDF7FD
:10CF300039FD014691E77B68B34242D03B68B3427A
:10CF400083D1002C81D1DBF8180090F84230002BFF
:10CF50003ED1EFF3108772B6026890F86010126845
:10CF600080F860301268536C23F40043536487F3F5
:10CF7000108839B1DBF81820B2F85E3043F01003A6
:10CF8000A2F85E30FFF7EAFE5FE7D7ED1B7A30EEDE
:10CF9000670A87ED190A07B0BDE8F08F30468CF8B4
:10CFA0003A4007B0BDE8F04F00F0BCBBD3ED1B7AB0
:10CFB0009FED0F7A30EE670AE0EE077AC3ED1B7A39
:10CFC000B1E7002CBFD13B68B3427FF43EAFBAE774
:10CFD000002380F8423000F13C01FFF741FBD1E72C
:10CFE000C04200200C090020A408002000000240DC
:10CFF0000BD7233A30420020000402402DE9F047CD
:10D0000002238AB0CDE9063300240A2001210F2231
:10D01000204FDFF88480DFF884900993089403940C
:10D02000019002910492661C07EB061393E803003B
:10D0300010F0F2FC28B9042E3446F4D10AB0BDE851
:10D04000F087B5B22846FBF70DFF05902846FBF7A1
:10D05000FBFE82462846FBF705FF01465046FDF7DA
:10D06000B5FE2846FBF7F0FE05A9FDF78DFD631E12
:10D07000022B96BF09EB8404002454F8044C01A948
:10D0800022464046FDF7F2F921464046FCF7C0FE35
:10D09000D1E700BF34020020E0390020083E02083A
:10D0A0002DE9F043441E032C83B023D886B20546F5
:10D0B00030460F46FBF7C8FE81463046FBF7D2FEEE
:10D0C000DFF8688001464846FDF72AFF18F804306B
:10D0D000064623B1134B1A5D7AB9134A01E0114B8E
:10D0E000114A42F82470003618BF012601211E554E
:10D0F00008F8041003B0BDE8F0830B4A0028F0D113
:10D1000052F82410DFF828C0791AA1F5244010380D
:10D110006045E6D82846CDE90032FFF73DFADDE963
:10D120000032DEE7B0080020B8080020D808002050
:10D130004090020030B5064D0FCD87B001AC0FC452
:10D140002B682360002101A8FBF756F907B030BD1A
:10D15000783B020830B587B0426803920023012172
:10D160000222CDE90412CDE901330546FAF748FD64
:10D170000A4BF322DA60694601A8F9F74BFC28B1A3
:10D18000FAF752FDFAF75AFD07B030BDEB682B6095
:10D190000446FAF749FD204607B030BD003C024086
:10D1A0002DE9F041C4688C424FD884688D18A5429F
:10D1B0004BD21E0146EA83064C001E4346EA831604
:10D1C000074601F0030304F00600FF2403EB020806
:10D1D000844021F00305FAF713FD1D4BE443F322CD
:10D1E000F6B2E4B2DA600DE0396946EA040201EB16
:10D1F000950100230020FAF751FDA8F10408043539
:10D200000446B8B9B8F1030FEED8B8F1000F17D043
:10D21000C8F104035B00FF221A4164EA0202396983
:10D2200052B2324301EB9501D2B200230020FAF74B
:10D2300035FD28B1FAF7F8FCBDE8F041FAF7FEBC7D
:10D24000FAF7F2FC0020BDE8F0814FF0FF30FAE77A
:10D25000003C0240F0B4150145EA8204C568074667
:10D26000C81C20F0030014432E1D44EA8214B0426F
:10D27000E4B2A0EB010137D3421E3F699208BA5CC9
:10D28000D2B281B14FEA410CFF2141FA0CF1C943FE
:10D29000C9B222EA010221400A4304E0B4451DD389
:10D2A0007A5C6046D2B2411FA2424FEA9101A0F1DE
:10D2B000040CF3D004F003049609A64210D1A8424E
:10D2C00002D80DE0A84206D09200D2B291098E4257
:10D2D00000F1FF30F6D01970F0BC70476046E9E706
:10D2E00031461970F0BC70472246E3E730B5194C5F
:10D2F00083B00DF10503A16803222046FFF7AAFFC2
:10D300000DF1060320600322216A04F11800FFF7E3
:10D31000A1FF114B9DF80620A06100251D70AAB940
:10D32000012501461D7004F118000DF107030022CC
:10D33000FFF790FF6B001D44084954F83530084A48
:10D340001B1A00200B60106003B030BD216820461E
:10D35000EBE700BF04020020EC480020F448002066
:10D36000F048002038B5094C094BE268616A226038
:10D3700020460022A1611A70FFF7ECFE054604F179
:10D380001800FFF7E7FE284338BD00BF0402002065
:10D39000EC480020014B1868C0007047F44800209A
:10D3A000064B074A1B78C3F1010303EB430302EB6F
:10D3B000C303D3E90203C01AC0007047EC48002041
:10D3C0000402002070B50E4C26688418B4EBC60F1A
:10D3D00013D803461C460B4B0B4D1B7803EB430342
:10D3E000DB000846E918EB5849699B1B04EBC303B3
:10D3F000194411F097FC002070BD4FF0FF3070BD54
:10D40000F4480020EC48002004020020F8B5124B3C
:10D41000124F1C78C4F1010404EB4404E4003E19EB
:10D42000D6E902320730C5089A1AAA4211D33959EF
:10D430005B1AAB4204D23046FFF78CFE40B9395933
:10D44000304601232A46FFF7ABFE08B9044B1D60A6
:10D45000F8BD4FF0FF30F8BDEC480020040200207A
:10D46000F04800202DE9F843404B15461A6843194F
:10D47000B3EBC20F53D83E4B04461F788946FAF7E8
:10D48000BFFB3C4BF322DA60A207C7F1010725D0AE
:10D49000FDB1394B07EB4706C84603EBC60602E071
:10D4A000A3071BD0ADB13368716918F8012B01EBEC
:10D4B000C301214400230020FAF7F0FB0134013DB1
:10D4C000C1460028ECD0FAF7AFFBBDE8F843FAF705
:10D4D000B5BBFAF7A9FB0020BDE8F883032D21D9DD
:10D4E000254B07EB4706C84603EBC60601E0032DB4
:10D4F00018D93368716958F8042B01EBC301214432
:10D5000000230220FAF7CAFB043DC1460434002878
:10D51000EDD0FAF789FBBDE8F843FAF78FBB4FF07F
:10D52000FF30D9E7002DD4D0134B07EB4707C8468F
:10D530004D44A4EB090403EBC70701E0A845C8D09C
:10D540003A687B6904EB080103EBC203194418F83D
:10D55000012B00230020FAF7A1FB0028EED0FAF7F8
:10D5600063FBBDE8F843FAF769BB00BFF048002051
:10D57000EC480020003C0240040200202DE9F0416C
:10D580001C4F1D4D3E78DFF87480C6F1010404EB9A
:10D590004404E40028192959D8F800200023FFF793
:10D5A000FFFD28BB03462A59D8F80000C8F8003010
:10D5B00006EB46030244DB002A51EC183A78E9589E
:10D5C000DFF83CC0A468CCF80000C2F1010306EB10
:10D5D0004600A14205EBC0003B7003D3BDE8F0411B
:10D5E000FFF7B8BD01231A46BDE8F041FFF7D8BDEB
:10D5F000BDE8F081EC48002004020020F048002043
:10D60000F448002010B5018F0446406BFDF788FCFC
:10D610006369A268D3ED087AD2ED026A0128B7EEF9
:10D62000007ABFEE006A18BFB0EE467AE6EE877A5F
:10D63000C3ED087A10BD00BF90F8283003B97047D9
:10D64000FFF7E0BFC36D2BB9C28C42F40062C28405
:10D6500018467047013BC36501231846704700BF59
:10D66000F0B4094D094F06460FCD34460FC495E876
:10D6700007000123002584E80700304677613576EE
:10D680007376B376F0BC70478C3B020863141D447C
:10D69000F0B40B4D0B4FDFF830C006460FCD3446CB
:10D6A0000FC495E807000023012584E80700C6F8A9
:10D6B0000CC03046376135767376B376F0BC704770
:10D6C0008C3B02080000C8430000484310B50446E4
:10D6D000C06801F037FBA069BDE8104000F0A0BEB3
:10D6E00070B543680D4E9B880D4D86B00446ADF86D
:10D6F0000C30014600234FF4006201A8ADF812304F
:10D70000CDF80E30CDE901650592FAF775FE0123DB
:10D71000206284F8243006B070BD00BFBC5E0208F1
:10D72000EDE2000890F8243003B97047006A012147
:10D73000FAF782BE00B585B001A802220121FAF7EE
:10D74000A5FE0198A0F10800B0FA80F0400905B0EC
:10D750005DF804FB028843884B820A82704700BF51
:10D76000036881F868307047836810B50446188AEA
:10D77000FBF76AFBA368E062188AFBF773FBA368F8
:10D780002086588AFBF760FBA3686063588AFBF722
:10D7900069FB208710BD00BF2DE9F041DDE9068E51
:10D7A000DDE908C701600A9942600025044600F1DE
:10D7B0003B060222836080F83A20C0E9038EC0E96C
:10D7C00005C7C16180F82450C58480F82850C0F88E
:10D7D0003B50C0F83F50A0F84350C0E9126580F8B4
:10D7E0005050C0E91555C565C8F80800CEF80000CE
:10D7F000CCF8040078620860FFF7B6FFA368D3EDA9
:10D80000037AF5EEC07AF1EE10FA0ED99FED0D7A9B
:10D81000F4EEC77AF1EE10FA0CDA9FED0B7A67EEB0
:10D82000877AFCEEE77A17EE905AA565E565204603
:10D83000BDE8F0814FF0FF35A565E5652046BDE800
:10D84000F08100BF300E03490000FA458368D3ED34
:10D85000037AF5EEC07AF1EE10FA17D99FED0D7A42
:10D86000F4EEC77AF1EE10FA0BDA9FED0B7A67EE61
:10D87000877AFCEEE77A17EE903AC0ED167AC36528
:10D8800070474FF0FF338365C3657047002383659E
:10D89000C3657047300E03490000FA4510B50446D1
:10D8A00088B039B980F82810018EC06AFBF750FAA9
:10D8B00008B010BD038F039303A90023406BCDE98B
:10D8C0000433FDF761F9218EE06A054B00940222D2
:10D8D000FBF7C4F9012384F8283008B010BD00BF5D
:10D8E00039D600081C4B1B7810B504461BB9C38CF5
:10D8F00043F01003C384A36CA0691B78012B02D0F2
:10D9000090F860301BB3154A154BD2ED007A93EDB9
:10D91000027AB4EE677AF1EE10FA03D9E28C42F0A3
:10D920000202E28493ED037AF4EE477AF1EE10FA04
:10D9300003D9E38C43F00403E38400F063FEE06862
:10D9400001F0DEF9E08CB0FA80F0400910BDE38C04
:10D9500043F02003E384D6E7000900200002002002
:10D960003402002038B50546C06801F07BFD286907
:10D9700002F054F9EC8C054BB4FA84F4186864098D
:10D9800029460FF03BFD204638BD00BFF4090020BA
:10D99000836DC365704700BF836D0BB1FFF752BE47
:10D9A0000120704770B52DED088BDFEDB99ADFEDE2
:10D9B000BA8A9FEDBB8A9FEDB99ADFEDB6AA012323
:10D9C00084B00446B0EE69AA0D4680F8503094F851
:10D9D0003A30002B63D12046FFF784FF06462046ED
:10D9E000FFF7C0FFA36D0146002B40F0338106B165
:10D9F00018B9A36C1B78012B3DD1D5ED020A69EE55
:10DA0000A00AF4EE680AF1EE10FA0DDB70EEC80A17
:10DA1000F4EE680AF1EE10FAF8DAF4EE490AF1EEE3
:10DA200010FA06D570EE880AF4EE490AF1EE10FA03
:10DA3000F8D495ED017A95ED000AA069CAEE877ACF
:10DA400029EE800AB0EE4A1A79EEA79A01F02AF977
:10DA5000E36C0133E3640222012178B101A8FAF7F3
:10DA600015FD019B082B0FD1F7EE007AF4EEE79A33
:10DA7000F1EE10FAABD494F83A3010E001A8FAF7BE
:10DA800005FD019B082BF6D0A069FEF7D1FDFFF73D
:10DA900065F9E28C94F83A3042F00802E284D5ED60
:10DAA00002AADFED7D7AF4EE67AAF1EE10FAB0EE8D
:10DAB0006A8A08DB9FED7A7A38EE478AB4EE678A85
:10DAC000F1EE10FAF8DADFED757AB4EE678AF1EE6E
:10DAD00010FA08D59FED727A38EE078AB4EE678A9D
:10DAE000F1EE10FAF8D4D5ED017A9FED6ABA9FED08
:10DAF0006A9ADFED6B8ADFED699A8AEEA7AA0222A5
:10DB000084F85020002B68D12046FFF7EBFE064634
:10DB10002046FFF727FFA36D0146002B40F08D80C4
:10DB200006B118B9A36C1B78012B56D1D5ED037A39
:10DB3000A7EE8BAAAAEE0B8AEAEE0BAAB4EE498AEC
:10DB4000F1EE10FA0DDB38EE688AB4EE498AF1EE98
:10DB500010FAF8DAB4EE698AF1EE10FA06D538EE6A
:10DB6000288AB4EE698AF1EE10FAF8D4B0EE4A1AB7
:10DB7000F0EE480A95ED000AA06901F093F8C0B1F3
:10DB8000D5ED047AB0EECA7AF0EEE77AB4EEE77A31
:10DB9000F1EE10FA0DDA6B7E002B3ED0D5ED057A52
:10DBA000B0EEEA7AF0EEE77AB4EEE77AF1EE10FA48
:10DBB00033DBE36C0133E3640222012101A8FAF7AD
:10DBC00065FC019B082B08D0A069FEF731FDFFF72B
:10DBD000C5F8E38C43F00803E384E068437B002B43
:10DBE00000F013812B7E6A7E002B5BD095ED04BA8A
:10DBF000B0EECAAAF0EECB7AB4EEE7AAF1EE10FAD4
:10DC0000C0F2D080E08CB0FA80F04009002384F8A4
:10DC1000503004B0BDEC088B70BDAB7E3BBBE36CF9
:10DC20000133E3640222012101A8FAF72FFC019BD2
:10DC3000082BC9D194F83A3064E72046FFF702FD7B
:10DC4000002E3FF46FAF00293FF46CAF00283FF483
:10DC500069AF6BE72046FFF7F5FC002E3FF4C9AE35
:10DC600000293FF4C6AE00283FF4C3AEC5E6E36C1E
:10DC7000E2680133567BE3640222012101A8FAF72E
:10DC800005FC019B082B9FD1002ED3D0A5E700BF38
:10DC9000000000006F120339DB0F4940DB0F49C061
:10DCA000DB0FC940002A7FD1AB7E1BB1E3685B7BF1
:10DCB000002BA7D195ED04BA1FED0AAA1FED0A9A11
:10DCC0005FED098A5FED0B9A03232BEE0AAA84F815
:10DCD000503094F83A30002B94D12046FFF702FEE2
:10DCE00006462046FFF73EFEA36D0146002B7FD17E
:10DCF00006B118B9A36C1B78012B83D138EE0A8AC0
:10DD0000B4EE498AF1EE10FA0DDB38EE688AB4EE13
:10DD1000498AF1EE10FAF8DAB4EE698AF1EE10FAF7
:10DD200006D538EE288AB4EE698AF1EE10FAF8D4F6
:10DD3000B0EE4B1AF0EE480A95ED000AA06900F02B
:10DD4000B1FF00283DD02B7E7AEE8AAA53B1D5EDE3
:10DD5000047AB0EECB7AF0EEE77AB4EEE77AF1EE41
:10DD600010FA2EDA6B7E53B1D5ED057AB0EEEA7A71
:10DD7000F0EEE77AB4EEE77AF1EE10FA21DAAB7E54
:10DD8000002B46D0E36CE2680133567BE364022249
:10DD9000012101A8FAF77AFB019B082B1DD1002E67
:10DDA00097D02FE7002A41D0D5ED057AB0EEEA7A78
:10DDB000F0EEE77AB4EEE77AF1EE10FABFF622AFB2
:10DDC00072E7E36C0133E3640222012101A8FAF750
:10DDD0005DFB019B082B3FF415AFA069FEF728FC03
:10DDE000FEF7BCFFE38C43F00803E38400200DE75B
:10DDF0002046FFF727FC002E3FF47CAF00293FF4BC
:10DE000079AF00283FF476AF78E7012100F07EFF7C
:10DE1000E8E6E36C0133E3640222012101A8FAF78A
:10DE200035FB019B082B3FF454AFD6E7AB7E002BAC
:10DE30007FF43CAF40E700BF30B5C3684269196A60
:10DE400083682DED028B116285B059799FED3E8A72
:10DE50000446FFF723FD94F83A30002B32D12046D8
:10DE6000FFF740FD05462046FFF77CFDA36D014608
:10DE7000002B5ED105B118B9A36C1B78012B21D101
:10DE8000E3686069D3ED0A0A93ED080A01A901F07D
:10DE900021FD30BBE38C43F40073E384E36C013376
:10DEA000E36401A802220121FAF7F0FA019B082B92
:10DEB00008D0A069FEF7BCFBFEF750FFE38C43F0EF
:10DEC0000803E3840023E06A84F82830218EFAF7FF
:10DED0003FFFE08CB0FA80F0400905B0BDEC028B4A
:10DEE00030BDE368A0695A68D3ED0A6A92ED017A01
:10DEF000026AD3ED070AD2ED017A9DED010AB8EE70
:10DF0000C77A66EE886AF8EEE77A86EE871A21EE1F
:10DF1000271A00F0C7FE0028C0D0E36C0133E36489
:10DF20000222012101A8FAF7B1FA019B082B92D035
:10DF3000BFE72046FFF786FB002D9DD000299BD030
:10DF4000002899D09CE700BFDB0FC940C3682DE9CA
:10DF5000F0435B6847695E68B50085B004462846B3
:10DF600010F0D0FEF86040B1002E06DD034600221E
:10DF7000054443F8042BAB42FBD1A06900F01EFA24
:10DF8000A069A26C04F13B0804F13C0700260125BE
:10DF900094F83A309BB1022B00F0FD80032B00F087
:10DFA000278184F83B3084F83C500221E38C2144E3
:10DFB00023F0010381F83B6084F83A60E38413782E
:10DFC000013B092B10D8DFE813F04C000F000F00C5
:10DFD000D0008300D3004400270015000A0090F809
:10DFE0006130002B40F03E81E38C43F00103E38479
:10DFF0001570CDE790F86130002BF5D0036A9B696E
:10E00000002BF1D0A16820464C31FFF7CBFCA0B922
:10E01000A26CA0691570BBE790F86130002BE3D0CB
:10E02000036A9B69002BDFD0E3689B7B002BDBD06E
:10E030002046FFF701FF0028EAD03B687A68C8F85D
:10E040000420C8F800303B7A88F80830A069A26C38
:10E050009EE790F86130002BC6D0E06800F078FFB2
:10E06000D5E7FEF7E5FA13E0B9F1000F00D018B9D3
:10E07000A36C1B78012B27D1E36C0133E3640222EC
:10E08000012101A8FAF702FA019B082B40F0DD807C
:10E0900094F83A302046BBB9FFF724FC814620466D
:10E0A000FFF760FCA36D0146002BDDD02046FFF793
:10E0B000C9FAB9F1000FDBD00029D9D00028DBD193
:10E0C000A36C1B78012BD7D0A06900F077F99EE7ED
:10E0D00090F86130002B87D0036A9B69002B83D0B6
:10E0E000A16820463031FFF75DFC002890D0A2687F
:10E0F0006369126C5A6294F83A30002B40F0D68073
:10E100002046FFF7EFFB81462046FFF72BFCA36D6F
:10E110000146002B40F0B880B9F1000F00D020B9C3
:10E12000A36C1B78012B40F0C180606903681B78E9
:10E13000022B40F29B80E38C43F48063E384E36C26
:10E140000133E3640222012101A8FAF79FF9019B40
:10E15000082B00F0AB80A069FEF76AFAFEF7FEFD1F
:10E16000E38C43F00803E38452E700F041FC4EE700
:10E1700090F86130002B3FF437AFE1684B6893F8BB
:10E18000253023B1036A9B69002B3FF42DAF08466D
:10E1900000F09CFE3BE7D4F808E09EF80010002950
:10E1A0003FD0042184F83B104FF0010C9EF8011081
:10E1B00049B1E1684968497829B1A44406218CF83D
:10E1C0003B109C4601339EF8021029B1A44407215C
:10E1D0008CF83B109C4601339EF8031021B3A444F5
:10E1E00008218CF83B10591C234483F83B50DDE692
:10E1F000E168496891F801C0042184F83B10BCF142
:10E20000000F1AD04FF0060C84F83CC04FF0020CFF
:10E21000A44423444FF0070E8CF83BE083F83B50B6
:10E22000C4E68C460123C1E79EF8041051B1A44412
:10E2300005218CF83B10591CD6E719464FF0010C0C
:10E240000223E5E719466346CEE7A069FEF7F0F939
:10E25000FEF784FDE38CA06943F00803E38400F03B
:10E26000ADF8D4E6E06800F04DFED0E6236901A9E0
:10E27000D3ED050A93ED040A01F02CFBD8B9E38C29
:10E2800043F40073E3845AE72046FFF7DBF9B9F162
:10E29000000F3FF445AF00293FF442AF00287FF460
:10E2A00044AFA36C1B78012B3FF43FAFE08CB0FA76
:10E2B00080F04009ABE62369A06993ED051AD3ED20
:10E2C000030A9DED010A00F0EDFC00283FF437AF92
:10E2D000E36C0133E3640222012101A8FAF7D6F8C6
:10E2E000019B082B3FF407AF35E700BF08B5FFF7E8
:10E2F0002DFE00BFF8B505461646044645F8041B3A
:10E300001F460FCE0FC596E807002A4BB4F80CE065
:10E31000D4E901C685E8070093E803000025C4F8A6
:10E3200028C0E662B4F814C0266925630023A563FB
:10E33000A4F830E06663A4F838C0C4E90875E06367
:10E340003E78A4F840106366A366E36623676367BC
:10E3500084F84250A4F84450C4E912552946C4E94F
:10E360001455A565A4F85C5004F1780084F8616048
:10E37000A4F85E5084F86050342210F0DEFCD7ED33
:10E38000047A97ED056AD7ED0B6A0B4BA4F8AC50F5
:10E3900086EE277A4FF07E522046C4F8A020C4F8BB
:10E3A000D43067EEA67A27EE277AC4ED1E7A84ED84
:10E3B0001F7AF8BDA83B02080000204138B5436A27
:10E3C0000446586901F0E6F90023606AC4F8803019
:10E3D000C4F88430FFF7AEF9054630B9626AD38CD1
:10E3E00043F00803D384284638BD0023204684F830
:10E3F0004230FEF70FF9284638BD00BF036AD3ED5F
:10E40000047A93ED056AD3ED0B6A86EE277A67EE00
:10E41000A67A27EE277AC0ED1E7A80ED1F7A704724
:10E420000268036AD2ED027ADFED396A93ED0A6A77
:10E4300067EEA66A2DE9F04186EE867A354E0546EE
:10E440000FCE88B06F463C460FC496E80F0084E8B4
:10E450000F00042008AC4310A4EBC30151ED027A75
:10E46000B4EEE77AF1EE10FA08D548E051ED027A01
:10E47000B4EEE77AF1EE10FA43D413465A10A4EB47
:10E48000C201002BF2D1BC4208BF02AC54ED027AAB
:10E490009FED217AF7EE005A85EEA76A05F128066E
:10E4A00005F1AE0730464FF0010866EE267A85ED9D
:10E4B0001D6A27EE877AC5ED297A85ED2A7AFDF760
:10E4C000F5FC39463046FDF7CFFD14F8043C85F8DD
:10E4D000C530102385F8C1304FF4A8633946304663
:10E4E000A5F8C23085F8D080FDF734FD39463046B6
:10E4F00085F8D18008B0BDE8F041FDF74FBD1A4660
:10E5000003469B1A581E0028A1F10804A3DCBAE7B1
:10E510001F859B3FB03B0208E4388E3F38B5818BA6
:10E5200005468069FCF7FCFC10B10124204638BD8B
:10E53000044605F12800FDF7CFFCA5F8AC00204605
:10E5400038BD00BFB0F85E2010B51143446AA0F892
:10E550005E10E38C43F04003E384FEF769F8BDE806
:10E560001040FEF7FBBB00BF0368094AD968094B9E
:10E5700032F81120D3ED007A074B0848196800EEF5
:10E58000102AB8EE400A80EE270AFDF731BF00BF1F
:10E59000E0080020143E0208E43E0208E83E0208BB
:10E5A00010B50446FFF7E0FF236AD3ED0D7AD3EDF3
:10E5B0000C6A93ED086A77EEC05A77EEE66A85EE4C
:10E5C000A67A27EE067AB5EE407AF1EE10FAA8BFE9
:10E5D00084ED357AB1EE047A77EE877AB8BF0022FF
:10E5E000F4EEC07AB8BFC4F8D420F1EE10FA01D42A
:10E5F000012010BD20464FF40061FFF7A3FF00206B
:10E6000010BD00BF38B50546FFF788FF20B128468A
:10E61000BDE83840FFF7C4BF044608212846FFF78D
:10E6200091FF204638BD00BFD0E908239B69D2ED99
:10E63000087A1A6A127F022A12D093ED297AF4EE30
:10E64000477AF1EE10FAC8BFF0EE477A90ED350A3E
:10E65000B4EE670AF1EE10FA58BFB0EE670A7047E1
:10E66000074BDFED086A93ED007A27EE267AF4EE89
:10E67000477AF1EE10FAC8BFF0EE477AE6E700BF3E
:10E68000000200207CD8103F054B1B6808295B6AFC
:10E6900004D800EB41005B00A0F84C30704700BF8D
:10E6A000583A0020D0ED1D7A03689FED080A93EDDB
:10E6B000027A67EE807AA1F5006167EE877A07EE4D
:10E6C000101AB8EEC70A27EE800A70473333533A60
:10E6D00010B584B0044603AA02A901A8FDF728FDDD
:10E6E00010BB9FED156ADDED016A9DED027ADDED4F
:10E6F000037A66EE866A27EE067AFCEEE66A67EE35
:10E70000867A16EE903ABCEEC77AFCEEE77AA387DB
:10E7100017EE103AE38717EE903A0120A4F8403044
:10E7200084F8420004B010BD20468021FFF70AFFA4
:10E73000002004B010BD00BF00C05A450B4B93ED44
:10E74000007AF7EE086AC6EE877A10B5044667EEDF
:10E75000A00A27EE800AFFF7BBFF28B1044B1B6815
:10E760005B6A5B00A4F85A3010BD00BF00020020B5
:10E77000583A00202DE9F8432DED068B9FED3E8A97
:10E78000446ADFED3E9ADFF8F8800546B0EE409A25
:10E79000F0EE608AB0EE48AA45F6BF5694F83A30DB
:10E7A0002046002B3CD1FFF79DF807462046FFF797
:10E7B000D9F881462046FFF7EFF8F1EE686A1FB1FD
:10E7C000B9F1000F00D018B9A36C1B78012B27D129
:10E7D000D5ED197A95ED1A7A77EE877A77EE897A00
:10E7E000A7EEA98AF4EEC88AF1EE10FA04D4B4EECA
:10E7F000E68AF1EE10FA20D501212846FFF7A2FEA5
:10E80000E36C0133E3642046FEF794FF40B9A0694E
:10E81000FDF70EFFFEF7A2FAE38C43F00803E38452
:10E820006B6ADB8C1BBBC8EE097ABDEC068B2B6ACE
:10E830000120C3ED057ABDE8F883F0EE4A0AB0EE98
:10E84000480A2846FFF77AFF0028D9D0D8F80020D8
:10E85000E36C526A01335200A5F852202046E3646B
:10E86000FEF768FF0028D2D0013E97D1D8E7BDEC73
:10E87000068B0020BDE8F883000000000BD7A33A08
:10E88000583A00202DE9F0472DED048B002584B087
:10E890000646B0EE409AF0EE608A446A9FED4F8AD9
:10E8A000DFF848818DED000ACDED010ACDE9025572
:10E8B00042F210770FE0D8F80020E36C526A01337F
:10E8C0005200A6F854202046E364FEF733FF0028E8
:10E8D0003ED0BD4245D094F83A302046002B40D17E
:10E8E000FFF700F882462046FFF73CF881462046B5
:10E8F000FFF752F805F0010304A9024601EB830378
:10E90000F0EE480A30460135BAF1000F03D0B9F1F4
:10E91000000F00D01AB9A26C1278012A21D196ED0D
:10E92000197AD6ED1A6A53ED027A13ED040A37EE1E
:10E93000267A77EEC77A43ED027AFFF7FFFE0028CA
:10E94000B9D1E36C0133E3642046FEF7F3FE40B92E
:10E95000A069FDF76DFEFEF701FAE38C43F00803B2
:10E96000E384736ADB8C63BB9DED026ADDED037AA1
:10E970009FED1B7ADFED1B6A336A77EEC67A78EE7D
:10E98000C98AB6EE006A68EE868A67EE877A88EEF4
:10E99000A77AB4EEE67AF1EE10FA83ED047A06D4A3
:10E9A000DFED117AB4EEE77AF1EE10FA0FDD3046C2
:10E9B0000221FFF7C7FD002004B0BDEC048BBDE8C9
:10E9C000F087002004B0BDEC048BBDE8F087012087
:10E9D00004B0BDEC048BBDE8F08700BF0000000070
:10E9E000CDCCCC3FBD3706366F12833B583A002062
:10E9F00010B5036A1A7F2DED028B04462AB1022A54
:10EA000017D0BDEC028B002010BD93ED038A93ED6F
:10EA1000020AF0EE480AFFF7ADFE0028F1D0F0EE52
:10EA2000480AB1EE480A2046FFF72CFF0028E8D03C
:10EA3000236AD3ED047A93ED056AD3ED0B6A86EE73
:10EA4000277ABDEC028B012084F8610067EEA67A7C
:10EA500027EE277AC4ED1E7A84ED1F7A10BD00BF21
:10EA600010B52DED048BB0EE408AB0EE410AB0EE49
:10EA7000609AF0EE419A0446FDF73EFDF0EE408AC2
:10EA8000B0EE690AFDF7EEFC60EE080A29EE400AD6
:10EA9000E8EE890A2046A8EE880ABDEC048BBDE8A2
:10EAA0001040FFF74BBE00BF10B5D0ED197A90EDC6
:10EAB0002A7AF0EEE76AF4EEC76AF1EE10FA2DED6D
:10EAC000088B0446C0ED250A08DC90ED1A8AF0EEAA
:10EAD000C86AB4EEE67AF1EE10FA08D520464FF493
:10EAE0008061FFF72FFD0020BDEC088B10BD37EED5
:10EAF000889A77EEC87A9FED648AB0EE40AAB0EEAD
:10EB0000410A27EE888AF0EE418AF0EE609AF0EE34
:10EB100061AAFDF7F1FCB0EE40BAB0EE680AFDF76D
:10EB2000A1FCB1EE499A68EE005A20EE496AE9EE7E
:10EB30000B5A2046A8EE0B6A94ED267AD4ED277A7C
:10EB4000D4ED286A76EE474A35EEE75AA6EEA47A67
:10EB5000E6EE857A84ED267AC4ED277AFFF764FD28
:10EB6000236A26EE067AD3ED097AA5EEA57A20EE81
:10EB7000270A20EE000AB4EEC07AF1EE10FA6EDC3D
:10EB8000424BD4ED217A93ED009A94ED1E5A94ED08
:10EB9000207ADFED3F4A9FED3F4AF7EE083AC3EE99
:10EBA000896A79EEC60AB0EE678AA5EE208A3AEE47
:10EBB000650AF0EE478AE5EE008A28EE268A68EEBE
:10EBC000A68A68EE086A29EE249AE8EEA86AB7EEEB
:10EBD000005AF1EEE64AC4EE246AF4EEC56AF1EE9C
:10EBE00010FA42D4D4ED1F6A9FED2B5A66EE856A67
:10EBF000A0EE267AE0EEA67A84ED207AC4ED217AA2
:10EC000026EE086AB0EE6A0AA5EEA86A84ED226ACA
:10EC1000FDF772FCF0EE409AB0EE6A0AFDF722FCB6
:10EC200060EE487A68EE800AE8EEA97A2046E8EEBF
:10EC3000290AB0EE670A69EE277A29EE209AC4ED18
:10EC4000237A84ED249AFFF743FD00283FF44CAF6C
:10EC5000124B1B685B6A5B00A4F85C3044E74FF41E
:10EC60008051FFF76FFC00203EE79FED0D5A27EE25
:10EC7000057A67EE857A68EEA68A28EE268A84ED04
:10EC8000207AC4ED217ABBE73ACD133F0002002081
:10EC9000ABAA2A3FAC5C313F6F120339583A0020CF
:10ECA000A4707D3F08B5036A9FED137AD3ED067A11
:10ECB0001B7FF8EEE77A21EE077A27EEA01A67EEBF
:10ECC000800AF0EE411AE7EE871A73B1022B04D0E6
:10ECD0002021FFF737FC002008BDB0EE611A9FED40
:10ECE000070ABDE80840FFF7BBBE9FED040ABDE878
:10ECF0000840FFF7D9BE00BFA69B443900000000C2
:10ED0000007BB0FA80F04009704700BF43685A7832
:10ED10001AB139B993F8243023B1036819895868B6
:10ED2000FAF716B800B5024683B00068044B0189B3
:10ED3000406800920222F9F791FF03B05DF804FBEE
:10ED4000C9EE000810B50368044618211868FBF7DF
:10ED50008FF820460021BDE81040FFF7D7BF00BF65
:10ED600043689FED117AD3ED087A77EEA77AB5EE76
:10ED7000006A67EEA76A27EE877A66EE866AB7EEC4
:10ED8000006AB4EE467AF1EE10FAC0ED0B7AC0EDEF
:10ED90000C6A08D4037B826843F001030373D38CAD
:10EDA00043F48073D38470476F12033938B500235E
:10EDB0000160154600218361C3610362436283627F
:10EDC000C36203634363C36303644260816001738E
:10EDD00041738173C0E90411018780F83A10044639
:10EDE000FFF7BEFFAB782BB12B78013B012B9CBF0B
:10EDF00001238373204638BD827B436802B99A7031
:10EE00001A7812B9427B02B99A707047EFF31083F7
:10EE100072B6026801611268018707EE901A1268E3
:10EE2000F8EEE77AC0ED087A516283F310887047F4
:10EE3000F8B504460D46EFF3108672B64AB147683E
:10EE40004069D7E90113281A1844B860FDF7E2FABF
:10EE5000B860636828465968FDF7DCFA07EE900A47
:10EE6000F8EEE77A6061C4ED097A86F31088F8BDA0
:10EE700043685B7810B5044633B92368BDE8104099
:10EE800019895868F9F764BF00221146FFF7D0FFCF
:10EE90006368DA7872B1EFF3108272B623681B6888
:10EEA0000021216219680023236123874B6282F3CA
:10EEB000108863689B781BB9A37301236373DCE735
:10EEC0000123A373F9E700BFFFF7D2BF4368012214
:10EED00093F8251010B55A7000230446437329B9DE
:10EEE00083689B691B6A996901B99A612046002170
:10EEF000FFF70CFFA0688168BDE810401431FEF7F1
:10EF000051BD00BFF8B504468068266983698168F1
:10EF10001B6A91F82D70012581F82D509D611431E7
:10EF2000FEF740FDA3689A6882F82D7068B19A696F
:10EF30002369116A06F10802934207DC083EB342D6
:10EF4000B4BF4FF0FF3300238B61F8BD8D61F8BD76
:10EF50002DE9F84F2DED068BBF4C2378BFF35B8F67
:10EF6000DB07054640F13881D5E901345B781BB1F8
:10EF7000687B002800F00A81A3696A691B6A2A611C
:10EF80001A7F002A40F0FB8093ED02AAD3ED057AA8
:10EF90002AEE27AADFEDB18A9FEDB19A002794F8F7
:10EFA0003A3020466BBBFEF79DFC06462046FEF736
:10EFB000D9FC80462046FEF7EFFCF0EE680AB0EE82
:10EFC0004A0A1EB1B8F1000F00D018B9A36C1B7823
:10EFD000012B16D1AB689869FFF7B0FB002840F011
:10EFE000E180E36C0133E3642046FEF7A3FB40B904
:10EFF000A069FDF71DFBFDF7B1FEE38C43F00803AC
:10F00000E384AC68E68C002E40F0BB80D5F810A0FD
:10F01000DFED949ADFED958A9FED959A4FF0000809
:10F020004FF0000994F83A30002B64D12046FEF7E7
:10F0300059FC07462046FEF795FC83462046FEF71E
:10F04000ABFC1FB1BBF1000F00D018B9A36C1B784B
:10F05000012B50D1844F6B68D7ED007AD3ED066A4F
:10F06000B8EEE77A07EE906AF8EEE77AB6EE006A55
:10F0700067EEA67A87EE878AA6EEC68AB4EE698A1C
:10F08000F1EE10FA0DDB38EE688AB4EE698AF1EE23
:10F0900010FAF8DAB4EE498AF1EE10FA06D538EE35
:10F0A000288AB4EE498AF1EE10FAF8D4B0EE480A94
:10F0B000FDF722FA6AEE00AAB0EE480AFDF7D2F98F
:10F0C000AB686AEE000A9869B0EE6A0AFFF736FB91
:10F0D000002840F09B80E36C0133E3642046FEF798
:10F0E00029FB40B9A069FDF7A3FAFDF737FEE38CD1
:10F0F00043F00803E384AC68E08C002841D12B691D
:10F100000AF10802934240F39D80A269126A01212C
:10F11000916169689FED539AD1ED017A5268D1ED02
:10F12000065A91ED056AF8EEE77A5200C9EE276AB1
:10F13000A3EB0A0307EE102AB8EEC77A07EE903A5F
:10F1400027EE267AF8EEE77AC5EE876AF0EEE77AE0
:10F15000C5ED0D7A77EEE67AF0EEE77A87EEA67ADD
:10F16000B4EEC67AF1EE10FA40F38D802B7B43F0BB
:10F1700002032B73E38C43F48073E38401E0022ADF
:10F180005DD00020BDEC068BBDE8F88F2B7B43F0F3
:10F1900020032B73BDEC068BE38C43F48073E38474
:10F1A000BDE8F88FAB6805219869FFF76DFAE36C4D
:10F1B0000137013307EE907AE3642046B8EEE78A20
:10F1C000FEF7B8FA00283FF413AFB4EEC98AF1EEA7
:10F1D00010FA3FF5E4AE14E720460EF0B3FF002826
:10F1E0003FF4C2AE6B689FED1E7A93ED066AD3EDD5
:10F1F000076A1D4BC6EE267A204667EE877AFDEE3B
:10F20000E77AC3ED007A0EF0A9FFADE6AB68052101
:10F210009869FFF739FAE36C2A693F68013318EB04
:10F220000208E364204649EBE2790136FEF782FAF0
:10F2300000283FF457AFBE42FFF6F4AE5BE793ED14
:10F2400002AAA7E6AAF10802934213DAA269126A97
:10F250004FF0FF3191615CE70409002000000000DD
:10F260000000FA45DB0F494008090020DB0FC940C8
:10F27000DB0F49C02B7B43F004032B73E38C43F477
:10F280008073E3847EE75FED078A5FED079A0026CF
:10F2900094F83A30002B63D12046FEF723FB074653
:10F2A0002046FEF75FFB82462046FEF775FB1FB146
:10F2B000BAF1000F00D018B9A36C1B78012B4FD105
:10F2C000464F6B68D7ED007AD3ED066AB8EEE77A61
:10F2D00007EE906AF8EEE77AB6EE006A66EEE77A35
:10F2E00087EE878AA6EE868AB4EE498AF1EE10FA96
:10F2F0000DDB38EE688AB4EE498AF1EE10FAF8DADE
:10F30000B4EE698AF1EE10FA06D538EE288AB4EE2A
:10F31000698AF1EE10FAF8D4B0EE480AFDF7ECF87D
:10F320006AEE00AAB0EE480AFDF79CF8AB686AEEF8
:10F33000000A9869B0EE6A0AFFF700FA002835D192
:10F34000E36C0133E3642046FEF7F4F940B9A069A9
:10F35000FDF76EF9FDF702FDE38C43F00803E3844B
:10F36000AB68DB8C002B7FF40CAF1C4B1C6864007B
:10F370002246E31740464946F1F796FC04FB108805
:10F3800007EE908AF8EEE76A07EE904AF8EEE77A21
:10F39000B6EE006A86EEA77A6A6801239060184686
:10F3A00077EE067AC2ED037AAB73EBE6AB68052124
:10F3B0009869FFF769F9E36C2A693F68013318EB34
:10F3C0000208E364204649EBE2790136FEF7B2F920
:10F3D0000028BCD0BE42FFF65BAFC1E708090020A1
:10F3E00043681B78012B25D02FD3022B23D110B5D6
:10F3F00004212DED048B04461748DFED188A9FED9C
:10F40000189AFDF79BFBBFEE008A30EE680AF0EE1B
:10F41000487AE0EE097A08210F48C4ED0F7AFDF72B
:10F420008DFB30EE680AA0EE098A84ED108ABDECEF
:10F43000048B10BD7047037B826843F0080303739D
:10F44000D38C43F48073D384704703681B681B68B4
:10F450005B6A0387704700BF00000240CDCC4C3F81
:10F46000DA388E3FF8B543681A78012A2DED068BFD
:10F47000044600F00C81C0F00581022A40F0F280C1
:10F48000D0ED100A90ED0F0AFCF760FFDFEDAC7ACB
:10F49000636920EE270A41F68B01FDEEC07A17EE74
:10F4A000900AC01AFCF7B6FF40F64543984206465C
:10F4B000C4BFA0F5C4560B3E2269636860695968F1
:10F4C00032443044C4E90420FCF7A4FFDFED9D7A08
:10F4D000D4ED0A8A94ED089AD4ED09AA6061A8EEE9
:10F4E000A79A0546E8EEA7AAB0EE490A0FF03AFA45
:10F4F000BDEEC0AA23691AEE102A9B1A07EE903AB5
:10F50000B0EE6A0AB8EEE7AA0FF02CFABDEEC00A18
:10F51000676810EE103AD7ED017AEB1AF8EEE79A29
:10F5200008EE103AF6EE007AB8EEC88A69EEA77ACD
:10F53000F4EE487AF1EE10FA08D837EEA77A38EEF2
:10F54000478AF4EE487AF1EE10FAF8D9B1EE677A0C
:10F55000B4EE487AF1EE10FA08DD77EEA77A38EECD
:10F56000278AB4EE487AF1EE10FAF8DC9FED757A4E
:10F57000D4ED0B7A67EE877AB0EE6A0AAAEE279A84
:10F58000A7EE880AF0EE690A84ED089A0FF060FA97
:10F59000D4ED0C7ADFED6B6A9FED6B6AB86827EEED
:10F5A000A67AB5EEC00AE7EE088A2B1A67EE867ACD
:10F5B000F1EE10FAB0EEE86A48BF30EE290AB4EE78
:10F5C000E76AF1EE10FA84ED090A07EE103AC4ED8D
:10F5D0000A8A54D43B7C002B63D1F6EE007AC4ED4A
:10F5E000067AB0EE676ADFED596AA36897ED035AB1
:10F5F0009B69C6EEA95A1B6A5B685B0007EE903AEE
:10F60000B8EEC77AF8EEE77A37EE457A67EEA57A74
:10F6100037EE067A67EE877AF4EE667AF1EE10FA44
:10F620000ADBB0EE667ADFED4A6A77EEE67AF4EE50
:10F63000477AF1EE10FAF8DA9FED467AF4EE477A5F
:10F64000F1EE10FA08D5DFED426A77EEA67AF4EE15
:10F65000477AF1EE10FAF8D4BDEC068B0120C4ED28
:10F66000077AF8BD037B826843F008030373D38CE9
:10F6700043F48073D3840020BDEC068BF8BD0023D7
:10F68000A362AAE70269068FB61A36B216E790F8A7
:10F690003A20013A052A42D8DFE802F03B37393DEB
:10F6A000293F002E06DDDFED2C7AC4ED067AB0EEA0
:10F6B000676A98E714D1D4ED067AE8EEA67AB0EE40
:10F6C000676AF7EE007AB4EEE76AF1EE10FA84EDBD
:10F6D000066A05DCB5EEC06AF1EE10FAE3D482E703
:10F6E000F7EE007AC4ED067AB0EE676A7BE7052094
:10F6F00063690621C01AFCF78DFE032806467FF7D2
:10F70000DBAE861F22696368D8E60220F0E701209D
:10F71000EEE70020ECE70420EAE70320E8E793F8AF
:10F72000260010B122690026C8E6237BA26843F0B8
:10F7300010032373D38C43F48073D3849CE700BFFE
:10F7400000007A446F1203396F128338DB0F49408F
:10F75000DB0FC940DB0F49C000000000F0B40C4EC5
:10F76000016004460FCE002704F1080567600FC54D
:10F77000002332682A602046277784F83470A76314
:10F7800023626362A362E3622363E363F0BC7047B6
:10F79000D03B02080023036243628362C362704766
:10F7A000036880ED080A0322C0ED090A80ED0B1AF8
:10F7B0001A707047036880ED090A0222C0ED0B0A37
:10F7C0001A707047036880ED0B0A01221A707047A7
:10F7D000436890ED091AD0ED080A10B50446D869BF
:10F7E00043682DED028BD3ED022A93ED012AD3ED70
:10F7F000001AB0EE408A00F027FBD4E90032D26C48
:10F80000A26304221A7084ED0F8ABDEC028B10BD36
:10F8100029B9D0ED087A30EE270AFFF7D9BFD0ED2D
:10F820000F7A30EE270AFFF7D3BF00BFC36823B1BA
:10F830004368DB8C0BB90123437470470346407C5B
:10F8400038B3D968002935D09A6893ED057A07EE68
:10F85000902AF8EEE77A30B437EEC00AB0EEC00A6C
:10F86000B4EEC70AF1EE10FA14D9D3E90014E46833
:10F8700064686468A2421FDB0022002403251A6228
:10F880005A62DA6201229C600D705C741A7430BC9A
:10F8900070477047D3ED067AF0EEE00AF4EEE70A1F
:10F8A000F1EE10FAE1D501EB82019C6A01329A6017
:10F8B0000C60DAE70846704707EE902AF8EEE77A20
:10F8C00000220324C3ED087A5A62DA6200200C7029
:10F8D00030BC70472DE9F0432DED048B044685B014
:10F8E0008846F0EE408AB0EE609AFFF7A7FF2568E1
:10F8F00067682E78042E00F0EF8094ED098AF0EE10
:10F90000689A022E00F0A88044D92B7F94ED080A53
:10F91000002B00F00481D7F80C90D9F80430D3ED17
:10F92000018AF8EEE88AF0EE680A0FF091F8B5EE79
:10F93000C00AF1EE10FA48BF30EE280AD9ED097A74
:10F9400084ED080AF6EE000A30EE670A68EEA00AB7
:10F95000F4EE400AF1EE10FA08D870EEA07A30EE1C
:10F96000670AF4EE400AF1EE10FAF8D9F1EE607A87
:10F97000B4EE670AF1EE10FA08D570EEA00A30EE88
:10F98000200AB4EE670AF1EE10FAF8D4D5ED017A48
:10F99000A7EE808AD5ED047A95ED057AB4EE678AF4
:10F9A000F1EE10FAC8BFB0EE678AF1EE678AF4EEA6
:10F9B000C88AF1EE10FAB5EEC07AD8BFF0EE488AE8
:10F9C000F1EE10FA09DD67EE277AB0EEC97AB4EEEF
:10F9D000E77AF1EE10FA00F3A580237C94ED0B8A10
:10F9E000002B40F0D180012E78EEC98AD4ED0A7A3E
:10F9F00040F2AB8038EE278AD5ED027AA7EEA88ACE
:10FA0000B869FEF711FEB4EEC08AF1EE10FAC8BF75
:10FA1000B0EE408AB1EE400A2368B4EEC80AD4BF03
:10FA200000210121F1EE10FA1A7839DD012A40F2A5
:10FA30008980D4ED0A7A9FED6E7A67EE877AC4EDFD
:10FA40000A7AB8F1000F41D0012088ED000A05B014
:10FA5000BDEC048BBDE8F08394F83430002B99D0D2
:10FA6000D4ED0C7ADFED636A95ED067A77EEC87A0D
:10FA700027EE267AF0EEE76AF4EEC76AF1EE10FAA6
:10FA800009DD17EE903AB0EEC77A002BB8BFB1EEA1
:10FA9000477AF0EE477A38EE278A84ED098A79E7CB
:10FAA000012A4DD9D4ED0A7A002940F09D8093EDCA
:10FAB000037ADFED506A27EE267AB0EE480AE8EEC8
:10FAC000877AC4ED0A7AB8F1000FBDD1012005B0E4
:10FAD000BDEC048BBDE8F083A26BFB6C9FED457A17
:10FAE000F8699B1A00EE103AB8EE400AD0ED0B7A96
:10FAF00020EE070AF4EEC07AF1EE10FA58D59FED29
:10FB00003E8A94ED080A2B7F03262E70F0EE409A71
:10FB100084ED098A84ED0B8A002B7FF4FCAE30EE75
:10FB2000680A33E7237F43F001032377FB8C00202F
:10FB300043F40073FB8405B0BDEC048BBDE8F08397
:10FB4000B0EE480A0023A3627BE795ED047AB5EE98
:10FB5000C07AF1EE10FA38EE278A7FF751AFB0EE97
:10FB6000C99A39EE479AD5ED027AB5EEC09AF1EE10
:10FB700010FA7FF745AFF0EE476AE7EE896AC7EE05
:10FB8000267A28EE278A3BE7FB68E5685B68FDEE8E
:10FB9000E97A596817EE900AFCF73CFC05EB800007
:10FBA000D4E90057D0ED007A2E7838EE278A1AE78C
:10FBB00000F000FAD4E90057FB698DED031A5B6889
:10FBC0002E78D3ED037A8DED010A27EE811ACDED63
:10FBD000020AF0EE409AB0EE608A84ED080AC4EDA5
:10FBE000090A84ED0B1A8CE6B0EE480A23E700BF41
:10FBF000A4707D3F6F1203390000000000224160B5
:10FC000000210160017280F82810C2600261426127
:10FC10008261C26102624262704700BFD0E9003275
:10FC20009B69DFED811A196A93ED1A2A93ED197A0F
:10FC300091ED064AD1ED054A90ED095AD2ED027ACE
:10FC400092ED003AD0ED085A9FED786A90ED070AE0
:10FC5000D1ED042AD0ED060AD3ED243AD3F88C3046
:10FC600077EE426AB8EEC44A37EE027A66EE846AEC
:10FC7000B6EE002A66EEA16A67EEA77AA6EEE45A0F
:10FC800010B523EE023AB1EE477AE7EE645AC3EEBE
:10FC9000274AA5EE060AE5EE860A66EEA26A27EE78
:10FCA000227A30EE665A70EEC75A25EE053A2DEDEF
:10FCB000028BA5EEA53A92ED018A036277EEC37A34
:10FCC00025EE065A64EEA77A65EE865A38EE088A63
:10FCD000A7EE850AE7EEA50A68EE068AF7EE007A37
:10FCE00023EE844AF4EE678AF1EE10FA80ED070AFB
:10FCF000C0ED060A80ED094A40F18D8090ED055A6D
:10FD0000D0ED047ADFED4A5AE5EE067AF4EE657A34
:10FD1000F1EE10FA0ADBB0EE656ADFED465A77EED7
:10FD2000E57AF4EE467AF1EE10FAF8DA9FED426ADF
:10FD3000F4EE467AF1EE10FA08D5DFED3E5A77EE92
:10FD4000A57AF4EE467AF1EE10FAF8D4C0ED047A12
:10FD500070EEC70A30EE660A0446FCF7F7FAD4EDF7
:10FD6000047A9FED337A84ED030A30EE670AB4EE2D
:10FD7000470AF1EE10FA08DBDFED2E6A30EE660A74
:10FD8000B4EE470AF1EE10FAF8DA9FED2B7AB4EEF2
:10FD9000470AF1EE10FA08D5DFED266A30EE260AA2
:10FDA000B4EE470AF1EE10FAF8D4E8EE807A9FED4F
:10FDB000207AF4EE477AF1EE10FA08DBDFED1D6AE7
:10FDC00077EEE67AF4EE477AF1EE10FAF8DA9FED84
:10FDD0001A7AF4EE477AF1EE10FA08D5DFED156ADB
:10FDE00077EEA67AF4EE477AF1EE10FAF8D428EE20
:10FDF000088ADFED126A94ED057AC4ED047A28EEE4
:10FE0000268AF0EE477AE0EE087ABDEC028B0120FC
:10FE1000C4ED057A10BD037A43F001030372BDEC13
:10FE2000028B002010BD00BF3ACD133F6F12033983
:10FE3000DB0F4940DB0FC940DB0F49C06F120338AD
:10FE40000022C0E90021704761EE014A32EEA27A39
:10FE500011EE102AC4EE877A002A034630EE606A5B
:10FE6000F0EEE77AB8BFF1EE677A76EE677AF5EEF4
:10FE7000C07AF1EE10FA00F18D80B0EE463AB0EEA5
:10FE8000417AF0EE616AF0EE427AF1EE622AFFEE1C
:10FE9000005AF7EE003AF4EEC71AF1EE10FAB1EE9E
:10FEA000667A87EE225AC3ED057A36EEC14A48BF1C
:10FEB00062EE257A65EE265A84EE277A31EE264ADE
:10FEC000B6EE002AE7EE045A48BFC3ED057A65EEA8
:10FED000825AC3ED072A25EEA34AC3ED066AB4EEA3
:10FEE000C34AF1EE10FA83ED0A5A83ED087A46DD33
:10FEF00036EE066A32EEE77AE6EE274A00225A62CA
:10FF000064EEA24A84EE876AF1EEC66A66EEA36AE0
:10FF100036EEC16AC3ED066A86EE277AF1EE666AAE
:10FF200086EEA26AB5EEC07AF1EE10FAB5EEC06ABE
:10FF3000D8BF9FED1F7AF1EE10FAD8BF9FED1C6A73
:10FF400083ED087ACCBF37EE065AB0EE475A83ED00
:10FF50000A6AF6EE006A67EEA67AF0EE416AE7EE0C
:10FF6000876A0120C3ED020AE6EE870A83ED0B5A89
:10FF700083ED030A83ED041AC3ED0C0A704736EED5
:10FF8000656A37EE055AC6EE265A35EE255AC3ED98
:10FF9000095ADEE7F1EE427AF1EE616AB1EE417A9A
:10FFA000B1EE463AF7EE005AFFEE003A73E700BFB3
:10FFB00000000000B5EEC00AF1EE10FA88B034D4AB
:10FFC000D0ED087AF4EEC07AF1EE10FA17DCD0ED3D
:10FFD000096A77EEA66AF4EEC06AF1EE10FA2EDC3A
:10FFE000D0ED0B7AF4EEC07AF1EE10FA35DC18D8C9
:10FFF0009FED221A90ED037AF0EE410A11E0D0ED68
:020000040801F1
:10000000040A90ED051A90ED027AF6EE007A60EEA1
:10001000277AF0EE606AE1EE276AE1EE000AA0EED0
:10002000267AB0EE470A08B0704790ED027AD0ED1C
:10003000040A9FED121AB0EE470A08B0704770EE3E
:10004000677AD0ED060A90ED0C7A9FED0C1AA0EEBF
:10005000A77AB0EE470A08B0704790ED071A90ED06
:10006000037AF6EE006A70EE677A61EE266A67EE52
:10007000810A66EEA76AA7EEA67AD2E70000000022
:1000800030B583B0FDF78CF940F23133984240F23D
:100090003C8140F23230FDF7B9F9002840F035815B
:1000A0004AF6CC334FF488729949ADF80630FDF723
:1000B000D9F9002840F029819548BDF8063000F5AF
:1000C000887543F6655410F8011B082283EA012362
:1000D00019B25B00002902F1FF329BB2B8BF634046
:1000E00012F0FF02F4D1A842EDD108228949ADF8FF
:1000F00006304FF48870FDF7B5F9002840F005810F
:10010000844CBDF8063004F1080543F6655014F838
:10011000011B082283EA012319B25B00002902F1C6
:10012000FF329BB2B8BF434012F0FF02F4D1AC42A1
:10013000EDD150227849ADF806304FF48C70FDF7C0
:1001400091F9002840F0E1807348BDF8063000F1D5
:10015000500543F6655410F8011B082283EA012379
:1001600019B25B00002902F1FF329BB2B8BF6340B5
:1001700012F0FF02F4D1A842EDD118226749ADF880
:1001800006304FF4B470FDF76DF9002840F0BD80E3
:100190006248BDF8063000F1180543F6655410F8C2
:1001A000011B082283EA012319B25B00002902F136
:1001B000FF329BB2B8BF634012F0FF02F4D1A842F5
:1001C000EDD140225649ADF806304FF4C070FDF72E
:1001D00049F9002840F099805148BDF8063000F1F7
:1001E000400543F6655410F8011B082283EA0123F9
:1001F00019B25B00002902F1FF329BB2B8BF634025
:1002000012F0FF02F4D1A842EDD170224549ADF8B9
:1002100006304FF4E070FDF725F9002875D141480C
:10022000BDF8063000F1700543F6655410F8011B67
:10023000082283EA012319B25B00002902F1FF3290
:100240009BB2B8BF634012F0FF02F4D1A842EDD1D7
:1002500020223549ADF806304FF40C70FDF702F955
:10026000002852D13048BDF8063000F1200543F691
:10027000655410F8011B082283EA012319B25B00C0
:10028000002902F1FF329BB2B8BF634012F0FF02B7
:10029000F4D1A842EDD1E0222449ADF806304FF464
:1002A0001470FDF7DFF880BB2048BDF8063000F180
:1002B000E00543F6655410F8011B082283EA012388
:1002C00019B25B00002902F1FF329BB2B8BF634054
:1002D00012F0FF02F4D1A842EDD102AC01220DF1DF
:1002E00007014FF44C7024F8023DFDF7BBF860B9EC
:1002F0002146012240F23130FDF7B4F828B9FDF76C
:100300003DF910B90A4B01221A7003B030BD00BF8D
:1003100034020020440300208C0300204C04002001
:100320004C030020DC03002064040020140900209A
:10033000240A00202DE9F04F2DED0A8BC9B0FCF7FF
:10034000D5FF002840F05E810546FDF723F840F216
:100350003133984204AC40F2738228464FF48872DD
:100360004AF6CC359E492580FDF72CF8002840F050
:1003700067829B4943F6655001F5887611F8012B99
:10038000082385EA02252AB26D00002A03F1FF3313
:10039000ADB2B8BF454013F0FF03F4D1B142EDD187
:1003A000DFF858922580494608224FF48870FDF7FF
:1003B00009F8002840F03C82484609F1080643F657
:1003C000655110F8012B082385EA02252AB26D0039
:1003D000002A03F1FF33ADB2B8BF4D4013F0FF0365
:1003E000F4D1B042EDD1DFF8188225804146502289
:1003F0004FF48C70FCF7E6FF002840F01E82414667
:1004000008F1500643F6655011F8012B082385EAE0
:1004100002252AB26D00002A03F1FF33ADB2B8BF46
:10042000454013F0FF03F4D1B142EDD118226D49DC
:1004300025804FF4B470FCF7C5FF002840F0FD8123
:10044000684943F6655001F1180611F8012B08239D
:1004500085EA02252AB26D00002A03F1FF33ADB20E
:10046000B8BF454013F0FF03F4D1B142EDD15E4F68
:100470002580394640224FF4C070FCF7A3FF0028C6
:1004800040F0D481394607F1400643F6655011F833
:10049000012B082385EA02252AB26D00002A03F108
:1004A000FF33ADB2B8BF454013F0FF03F4D1B14202
:1004B000EDD14E4E2580314670224FF4E070FCF7AE
:1004C00081FF002840F0A580314606F1700C43F60C
:1004D000655011F8012B082385EA02252AB26D0028
:1004E000002A03F1FF33ADB2B8BF454013F0FF035C
:1004F000F4D16145EDD120223D4925804FF40C70A7
:10050000FCF760FF002840F08480394943F66550CD
:1005100001F1200C11F8012B082385EA02252AB2EB
:100520006D00002A03F1FF33ADB2B8BF454013F0B0
:10053000FF03F4D16145EDD1E0222E4925804FF42F
:100540001470FCF73FFF002863D12A4943F6655039
:1005500001F1E00C11F8012B082385EA02252AB2EB
:100560006D00002A03F1FF33ADB2B8BF454013F070
:10057000FF03F4D16145EDD1022221464FF44C70C6
:100580002580FCF71FFF002843D12378082285EA45
:10059000032343F6655019B200294FEA43039BB287
:1005A00000DA4340013A12F0FF02F4D161780822E8
:1005B00083EA012343F6655019B200294FEA430349
:1005C0009BB200DA4340013A12F0FF02F4D103BBC0
:1005D000094B0120187049B0BDEC0A8BBDE8F08FC3
:1005E000340200204C0400204C030020DC030020D7
:1005F0006404002014090020240A00204403002081
:100600008C030020DFF8A492DFF8A482904F914E73
:1006100004AC4FF48872002120460EF08EFB80223D
:10062000002108A80EF089FB8022002128A80EF0E6
:1006300084FB894BDFF87CC263604FF08245012365
:10064000864823704FF488722146A370A560C4F8D1
:100650000CC000250EF066FB814BC9F80030CDE9D7
:10066000027689F804507F4BDFF84CA2DFF84C92F9
:10067000DFF84CB2DFED7CCA9FED7CCADFED7CBABF
:100680009FED7C8A9FED7CBA0193282200212046B1
:100690000EF053FB01264FF4005384ED088AC4ED9D
:1006A00005CA84ED06CAC4ED07BA2674E670636015
:1006B000A646BEE80F004FEA850CAC4408EBCC0C14
:1006C000ACE80F00BEE80F00ACE80F009EE80300A6
:1006D00020228CE80300002120468AED008A8AED62
:1006E000018A8AED02BADFED65AA9FED659A0EF0E8
:1006F00024FB644BA36064486449654AC4ED04AAC2
:100700000323F3EE049A6161A261E0602370C4EDFB
:10071000019AA646BEE80F00029F07EB451CACE815
:100720000F009EE80F008CE80F00202200212046D9
:100730000EF003FBF2EE048A56485749574B84EDFE
:100740000B8A0722B0EE00AAA06284ED0C9A6163C6
:10075000C4ED088A63626260C4ED028A84ED03AA74
:10076000A646BEE80F00039F4FEAC50CACEB050C94
:1007700007EBCC0CACE80F00BEE80F00ACE80F00B4
:10078000BEE80F00ACE80F009EE80300444BC9F838
:1007900004304FF0000E8CE80300C9F80830C9F8A7
:1007A0000CE06C220021C9ED00AA20460EF0C5FA2B
:1007B00009A8FCF755FF10A8FCF76AFFDFED397AAE
:1007C000DFF800E1DFF800C1C4ED147A6423702281
:1007D00021465846E366C4F854E0C4F85CC084ED92
:1007E00002AAC4ED138AC4ED169A84ED189A0EF08D
:1007F00099FA019F59463846FCF7ACFF3B465946EB
:10080000583320460AF10C0A09F1100925600193BA
:100810000BF1700BFCF7A4FF35B1234B187849B0EE
:10082000BDEC0A8BBDE8F08F35462EE7094EF0E6A9
:10083000DFF87C80064F074EEBE6054F054EE8E6F5
:10084000DFF86890DFF86880014F024EE1E600BFF4
:100850004C030020DC030020D7A3F03E340200202C
:1008600090D00300343E02080AD7A33CDB0F494274
:10087000DB0F494100007A440118CF3A00409C4602
:100880000000C8426F12033A6F12833A9A99993F57
:1008900000401C46000070420000F0420000A03FF3
:1008A00000409C45CDCCCC3E240A002044030020CF
:1008B0008C030020A470CD414C040020640400206F
:1008C00014090020DB0F494000002042FCF74ABD1C
:1008D0000C4B1B78032B00D070470B4B1B78042B61
:1008E000FAD972B6094B0A4A1A60BFF34F8F094909
:1008F000094BCA6802F4E0621343CB60BFF34F8F29
:1009000000BFFDE761100020621000208C0600206F
:10091000EFBEADDE00ED00E00400FA05FEE700BF2B
:1009200038B51E4C237803B938BDF8F7B1FC6060C8
:10093000F4F7EAFD1A4BA0601A4D1868F8F752FF59
:100940002A688300106A6361F8F74CFF6A688300C5
:10095000106AE360F8F746FF134A830010682361CA
:10096000F8F740FF114A83001068A361F8F73AFFD7
:100970000F4A83001068E361F8F734FF0D4A8300E3
:1009800010682362F8F72EFF0B4B1A68830010687B
:100990006362F8F727FF8000A06238BDF8090020E5
:1009A0005C1000200C090020C43700206C370020A8
:1009B000203B00200C3B0020F40900202DE9F04FE3
:1009C000DFF8D8A29AF801308DB0002B00F0018139
:1009D0000CAC4FF0040844F8148D00230125214687
:1009E0009448CDE908350827FAF7CEF82146914812
:1009F00007971026FAF7C8F821468F480796FAF7A6
:100A0000C3F828468D4DF7F70FFD68234146894806
:100A10002B70FAF785FA2B783946002818BF43F077
:100A2000010384482B70FAF77BFA2A7800280CBF60
:100A300000230223134331467F482B70FAF770FAE4
:100A40002A7800280CBF00234346134318462B7016
:100A5000FBF7E2F8032000220123214608907548A5
:100A600009920793FAF790F80223214671480793F9
:100A7000FAF78AF8042321466E480793FAF784F8B8
:100A8000082321466B4807931025FAF77DF8214685
:100A900069480795FAF778F828460DF090FD684AFE
:100AA000684904460CF066FB674B44201C600DF05F
:100AB00086FD664A66498346FEF778F92C200DF0DC
:100AC0007EFD64498146FFF799F840200DF077FDDF
:100AD00061498046FEF742FED8200DF070FD5F4A66
:100AE0005F4BA2F110010746FDF704FC34200DF026
:100AF00066FD5C490646FFF7A3F960200DF05FFD37
:100B0000CDE90376CDE90198CDF800B0564B574AB0
:100B100000210546FCF740FE554C442025600DF0B1
:100B20004EFD544A54498346FEF740F92C200DF0FF
:100B300046FD52498146FFF761F840200DF03FFD28
:100B40004F498046FEF70AFED8200DF038FD4D4A89
:100B50004D4BA2F110010746FDF7CCFB34200DF000
:100B60002EFD4A490646FFF76BF960200DF027FD80
:100B7000CDE90376CDE90198CDF800B0444B454A64
:100B800001210546FCF708FE6560FBF78DFF9AF82A
:100B9000003013BB02F0F0F9FCF730FA2068FCF7E4
:100BA00095FD6068FCF792FDFBF7C8FE40F2DC5053
:100BB000F7F73AFC2068FCF793FD6068FCF790FDBE
:100BC000FCF7B8FA344B012200201A700DB0BDE8D2
:100BD000F08FF6F7F1F807AC3CE7F8F7EDF8D9E756
:100BE000284660210CF054FF0DF0F4F93046342112
:100BF0000CF04EFF0DF0EEF93846D8210CF048FF0E
:100C00000DF0E8F9404640210CF042FF0DF0E2F90A
:100C100048462C210CF03CFF0DF0DCF958464421ED
:100C20000CF036FF0DF0D6F9204610210CF030FF05
:100C30000DF0D0F90000024000080240F438002016
:100C40004403002090470020F40900208C0300207A
:100C50003C3E02084C0400204C030020703E020879
:100C6000DC0300206404002014090020343E020844
:100C70000C090020B4030020943E02085804002010
:100C80006C030020C83E02081404002074040020F5
:100C9000840900208C3E0208F8090020340200205C
:100CA0002DE9F0471A4CDFF878A0DFF87890DFF8EC
:100CB0007880184F04F1E0060025702200212046BC
:100CC0000EF03BF84FF0804304F11400A360FCF7F2
:100CD000C7FC04F13000FCF7DBFC0F490F4AC4F8F5
:100CE00050A06423C4F85490C4F85C80276684F84C
:100CF000645084F8655084F8665084F86850E16464
:100D0000A265E3667034B442D7D1BDE8F08700BF76
:100D1000140900200000C842000020410000A0414A
:100D2000CDCCCC3EDB0F49400000204210B583689B
:100D3000816993F86830B1F85E400B4A84B05B017A
:100D40002112106803330022CDE9012200938DF8AF
:100D50000810082369468DF8074003928DF8063085
:100D60000CF012FA04B010BDF409002000B5D0E96F
:100D7000023085B0002293F868300A490392CDE929
:100D800001225B010433027B009308688DF8072081
:100D9000082369468DF806300CF0F6F905B05DF8C9
:100DA00004FB00BFF409002000B583680C4993F8E8
:100DB0006830006985B00022CDE901225B01039211
:100DC0000533027A009308688DF8072008236946E6
:100DD0008DF806300CF0D8F905B05DF804FB00BFC3
:100DE000F409002030B5D0E9022392F86820196A8E
:100DF000134C9B6A206885B0520109320C0A00929C
:100E00000A0C8DF808408DF809200C0E0022039280
:100E100001928DF80B308DF80A401D0A1C0C082237
:100E20001B0E8DF8071069468DF80C508DF80D409B
:100E30008DF80E308DF806200CF0A6F905B030BD07
:100E4000F4090020F0B5002485B0CDE902448268A1
:100E5000036992F86820196912485B69019452018C
:100E60000C0A15320F0C00920E0E8DF807101D0A99
:100E70008DF80B308DF8084008221C0C69461B0EBB
:100E800000688DF809708DF80A608DF80C508DF8A7
:100E90000D408DF80E308DF806200CF075F905B078
:100EA000F0BD00BFF4090020F0B5002485B0CDE905
:100EB0000244D0E90223D3E9041392F868201248CF
:100EC000019452010C120A320F1400920E168DF882
:100ED00007101D128DF80B308DF8084008221C14E5
:100EE00069461B1600688DF809708DF80A608DF848
:100EF0000C508DF80D408DF80E308DF806200CF05A
:100F000043F905B0F0BD00BFF409002030B5826898
:100F1000836992F86820D3F89410144CD3F8983071
:100F2000206885B0520114320C0A00920A0C8DF828
:100F300008408DF809200C0E0022039201928DF8D2
:100F40000B308DF80A401D0A1C0C08221B0E8DF870
:100F5000071069468DF80C508DF80D408DF80E3055
:100F60008DF806200CF010F905B030BDF409002012
:100F700030B58368104A93F8683012680F4885B01E
:100F80005B011733110A00930023CDE90133150CDF
:100F90008DF80810140E8DF80720694608220068A5
:100FA00003938DF809508DF80A408DF806200CF057
:100FB000EBF805B030BD00BF00020020F4090020AE
:100FC00010B404460FC987B00DF1180C0CE90F00DE
:100FD00062466B4652F8090D84F83A00516803C323
:100FE00007B05DF8044B704710B444690FC987B06F
:100FF0000DF1180C0CE90F0062466B4652F8090D12
:10100000516803C3DDED007AB8EEE70A204607B069
:101010005DF8044BFEF7DCBB70B40C4646699FEDEF
:101020001F7ADFED1F7A0FC98FB00EAD05E90F00F3
:101030002B4606AD53F8090D59682B4603C394E8B7
:101040000F009DED060A85E80F000EAB02AD53F8C8
:10105000190D59682B4603C394E80F00BDF90C40E5
:1010600085E80F000EAA6B4652F8290D516803C39C
:10107000BDF9063000EE904A01EE103AF8EEE00AB3
:10108000B8EEC11A60EE870A21EE271AB8EEC00A40
:1010900030460FB070BCFEF783BB00BFCDCCCC3D5B
:1010A0000AD7233C70B40C464669DFED157A0FC9A8
:1010B0008BB00AAD05E90F002B4602AD53F8090DC0
:1010C00059682B4603C394E80F009DED020A85E89A
:1010D0000F000AAA6B4652F8190D516803C3BDF9F7
:1010E000043000EE903AB8EEC00AF8EEE00A20EEC6
:1010F000270A60EEA70A30460BB070BCFEF75ABB59
:101100000AD7233C10B444699FED0C0A0FC987B07D
:101110000DF1180C0CE90F0062466B4652F8090DF0
:1011200007EE900A5168F8EEE77A03C327EE800ACB
:10113000204607B05DF8044BFEF744BB0AD7233CBA
:1011400010B444690FC987B00DF1180C0CE90F00F9
:1011500062466B4652F8090D2468516803C3009B30
:10116000236107B05DF8044B704700BF10B4C46939
:101170000FC987B00DF1180C0CE90F0062466B46E1
:1011800052F8090D6468516803C3009B236007B0DF
:101190005DF8044B704700BF70B4C6690C460FC9B8
:1011A0008BB00AAD05E90F002B4602AD53F8090DCF
:1011B000766859682B4603C3029B736094E80F005E
:1011C00085E80F000AAA6B4652F8190D516803C34F
:1011D000019BB3600BB070BC704700BF10B4C46912
:1011E0000FC987B00DF1180C0CE90F0062466B4671
:1011F00052F8090D6468516803C3009BE36007B0AF
:101200005DF8044B704700BF70B446690C460FC9C7
:101210008BB00AAD05E90F002B4602AD53F8090D5E
:10122000366859682B4603C3029BB36094E80F00ED
:1012300085E80F000AAA6B4652F8190D516803C3DE
:10124000019BF3600BB070BC704700BF794B70B569
:10125000D3E900168A68B368046892F8682093F8A6
:101260006850C4F345139A4202D09D4204D070BD29
:10127000954200F0CB800E4604F01F040546023C68
:101280003046FCF785FB162CF1D801A353F824F067
:10129000091301081313010823130108331301086C
:1012A00043130108511301086F1201085D1301086F
:1012B0006D1301087F1301088B13010897130108B0
:1012C000A3130108AF130108BB130108C5130108DC
:1012D000D1130108DD130108E9130108ED1201081B
:1012E0001B140108FB130108FD1201086B79002B88
:1012F000BDD03046BDE87040FFF7A4BD294630465A
:10130000BDE87040FFF780BFF38C43F48053F38453
:1013100070BD6B79002BAAD03046BDE87040FFF756
:1013200005BD6B79002BA2D03046BDE87040FFF7B9
:101330001DBD6B79002B9AD03046BDE87040FFF799
:1013400033BDEB79B26803F03F0382F8683070BDBB
:1013500029463046BDE87040FFF732BE6B79002B5E
:1013600085D03046BDE87040FFF73CBD6B79002B5F
:101370003FF47DAF3046BDE87040FFF795BD29468C
:101380003046BDE87040FFF72FBE29463046BDE825
:101390007040FFF741BE29463046BDE87040FFF778
:1013A00081BE29463046BDE87040FFF7ABBE2946F6
:1013B0003046BDE87040FFF7C3BE7069BDE87040BD
:1013C000FEF734BA29463046BDE87040FFF7CEBE7E
:1013D00029463046BDE87040FFF7DEBE294630465C
:1013E000BDE87040FFF7FABE6B79002B3FF43FAFCA
:1013F0003046BDE87040FFF789BD6B79002B3FF4A4
:1014000036AF3046BDE87040FFF7B2BD0A4B012150
:101410001868BDE870400BF0EDBFBFF34F8F074970
:10142000074BCA6802F4E0621343CB60BFF34F8FEF
:1014300000BFFDE70C090020F409002000ED00E0EA
:101440000400FA0510B58368C28C93F86830806C8C
:101450000C4984B05B01013300930023CDE90133D3
:1014600014128DF8084008248DF8072003938DF896
:101470000640037808688DF80B3069460BF084FE4F
:1014800004B010BDF409002001EB020C6145F0B47A
:10149000848843F6655711D011F8016B082584EA5A
:1014A000062426B26400002E05F1FF35A4B2B8BFB1
:1014B0007C4015F0FF05F4D16145EDD1848013B176
:1014C0001968114419600020F0BC70474FF0FF30DC
:1014D000704700BF00207047002070470020704711
:1014E000BFF34F8F0549064BCA6802F4E06213430D
:1014F000CB60BFF34F8F00BFFDE700BF00ED00E002
:101500000400FA05024B03EB810191ED000A7047DC
:1015100064100020024B186808441860704700BF30
:101520005410002040F28710704700BF026910B4C9
:10153000D0E902435110D20748BF625804EB0100C2
:1015400048BFD3585DF8044B184700BF00207047D0
:10155000002070470020704700207047002070472F
:101560000269C368C16930B454108568D20748BFA6
:101570002A5905EB040048BFD35830BC184700BFB8
:10158000026910B4D0E902435110D20748BF625833
:1015900004EB010048BFD3585DF8044B184700BF67
:1015A00000207047002070470020704700207047DF
:1015B000026938B5D0E902535110D20748BF6A58C2
:1015C000044648BFD3586818984784ED080A38BDC8
:1015D00083681B78002B14BF3122302200230A704D
:1015E0004B700120704700BF0020704700207047FB
:1015F000026910B4D0E902435110D20748BF6258C3
:1016000004EB010048BFD3585DF8044B184700BFF6
:10161000026990ED070A10B4D0E902435110D207D5
:1016200048BF625804EB010048BFD3585DF8044B33
:10163000184700BF0269C368C16930B45410856897
:10164000D20748BF2A5905EB040048BFD35830BC25
:10165000184700BF002070470020704700207047E7
:10166000002070478368012083ED000A704700BFA7
:1016700083681B78002B14BF3122302200230A70AC
:101680004B700120704700BFB5EEC00AF1EE10FAB2
:101690008368ACBF012200221A700120704700BF8E
:1016A0000269C368C16970B555108668D20748BF22
:1016B0007259044648BFD3587019984784ED080AF8
:1016C00070BD00BF0269C368C16970B555108668F6
:1016D000D20748BF7259044648BFD358701998477B
:1016E000206270BD026990ED090A90F8201030B4B4
:1016F000D0E902535410D20748BF2A5905EB040021
:1017000048BFD35830BC18470269C368D0ED080AF7
:1017100090ED090A511010B48468D20748BF62588E
:1017200004EB010048BFD3585DF8044B184700BFD5
:101730000269C36890ED091AD0ED0A0A90ED0B0A10
:10174000511010B48468D20748BF625804EB0100FE
:1017500048BFD3585DF8044B184700BF08B50B4687
:101760008268054918460EF029FCA0F10100B0FA84
:1017700080F0400908BD00BF585C020810B50B4658
:1017800082B084680849184601AA0EF017FC0128A7
:1017900002D0002002B010BD019B003318BF01230E
:1017A000237002B010BD00BF105E020808B50B46E2
:1017B0008268054918460EF001FCA0F10100B0FA5C
:1017C00080F0400908BD00BFAC53020808B50B46C5
:1017D0008268054918460EF0F1FBA0F10100B0FA4D
:1017E00080F0400908BD00BF5C53020808B50B46F5
:1017F0008268054918460EF0E1FBA0F10100B0FA3D
:1018000080F0400908BD00BFA853020808B50B4688
:101810008268054918460EF0D1FBA0F10100B0FA2C
:1018200080F0400908BD00BF8453020830B58368CA
:1018300083B0186815460C46EEF796FE044ACDE9CB
:101840000001294620460EF065FB012003B030BDA3
:10185000585C020830B5836883B0186815460C469A
:10186000EEF782FE044ACDE90001294620460EF03B
:1018700051FB012003B030BD585C020830B58368CD
:10188000D3E9004583B00846CDE900451146034A37
:101890000EF040FB012003B030BD00BF185302081A
:1018A00008B5836808461B781146024A0EF032FBE1
:1018B000012008BDB852020808B5836808461B78A5
:1018C0001146024A0EF026FB012008BDB85202085C
:1018D00008B5836808461B681146024A0EF01AFBD9
:1018E000012008BDA853020808B5836808461B6894
:1018F0001146024A0EF00EFB012008BDA853020853
:1019000008B5836808461B881146024A0EF002FBA0
:10191000012008BDAC53020808B5836808461B883F
:101920001146024A0EF0F6FA012008BDAC53020837
:1019300008B5836808461B681146024A0EF0EAFAA9
:10194000012008BD84530208FEF7C2BFFEF7BEBFE8
:10195000FEF796BB38B58CB22046F7F775FA054608
:101960002046F7F77FFA01462846BDE83840FBF7E6
:10197000E5B800BFFBF7F8BEFBF7F6BEFBF766BFA6
:1019800010B504460DF034F8A368BCEEC00A01207F
:1019900083ED000A10BD00BF10B504460DF028F815
:1019A000BCEEC00AA36810EE102A01201A8010BDF8
:1019B00010B504460DF01CF8A368BDEEC00A012066
:1019C00083ED000A10BD00BF10B584680DF010F85B
:1019D000FCEEC07A012017EE903A237010BD00BFD4
:1019E000FCF70CBDFDF7BCB9FDF706BA0021FDF709
:1019F0008DB900BF0021FDF789B900BF70B50C4655
:101A00000546EEF7EFFB236829461D680246AC4603
:101A100020460023BDE87040604700BF70B5064611
:101A200084B014460D4612481146FFF7E7FF2146E1
:101A30003068FFF7E3FF21460E48FFF7DFFF2B4634
:101A40000D4A01A80A210EF065FA214601A8FFF708
:101A5000D5FF21460948FFF7D1FF21460848FFF787
:101A6000CDFF21460748FFF7C9FF04B070BD00BF96
:101A7000805202088C520208B8520208945202089E
:101A800098520208B45202082DE9F041064682B08D
:101A90000F469046856863B11C46AB88ADF80430AC
:101AA00023682A88ADF806205B68204698470328FB
:101AB0000DD8B8F1030F07D93B88AB807B882B800A
:101AC000F3680BB13069984702B0BDE8F081236834
:101AD000042220460DEB02011C680023A047E8E722
:101AE00010B50B6802685B6882B0084601920C462C
:101AF0009847032807D92368042220460DEB0201EA
:101B00001C680023A04702B010BD00BF1BB11946DE
:101B10008068FFF7E5BF70472DE9F04104460F46A6
:101B2000164685681BB119462846FFF7D9FF032ED4
:101B300007D93B682B60E3681BB12069BDE8F04121
:101B40001847BDE8F08100BF10B50B6802885B68DC
:101B500082B00846ADF804200C469847012806D903
:101B60002368204602221C6801A90023A04702B076
:101B700010BD00BF2DE9F04104460F4616468568AA
:101B80001BB119462846FFF7DFFF012E07D93B8816
:101B90002B80E3681BB12069BDE8F0411847BDE820
:101BA000F08100BF1BB119468068FFF7CDBF7047B9
:101BB00010B50B6802685B6882B0084601920C465B
:101BC0009847032807D92368042220460DEB020119
:101BD0001C680023A04702B010BD00BF2DE9F041F2
:101BE00004460F46164685681BB119462846FFF77E
:101BF000DFFF032E07D93B682B60E3681BB1206928
:101C0000BDE8F0411847BDE8F08100BF1BB119469F
:101C10008068FFF7CDBF7047F3B130B51C468368CD
:101C20002268D3E9000185B0CDE900016B4693E855
:101C3000030002AD85E80300204653689847072853
:101C400001D805B030BD2368294620461D6808220A
:101C50000023A84705B030BD704700BF10B50B6822
:101C600002785B6882B008468DF804200C469847DD
:101C700030B12368204601221C6801A90023A04737
:101C800002B010BD1BB119468068FFF7E7BF70476F
:101C90002DE9F04104460F46164685681BB11946EA
:101CA0002846FFF7DBFF3EB13B782B70E3681BB1A2
:101CB0002069BDE8F0411847BDE8F08110B50B6818
:101CC00002785B6882B008468DF804200C4698477D
:101CD00030B12368204601221C6801A90023A047D7
:101CE00002B010BD1BB119468068FFF7E7BF70470F
:101CF0002DE9F04104460F46164685681BB119468A
:101D00002846FFF7DBFF3EB13B782B70E3681BB141
:101D10002069BDE8F0411847BDE8F08170B506467E
:101D200084B014460D4612481146FFF767FE21465F
:101D30003068FFF763FE21460E48FFF75FFE2B4633
:101D40000D4A01A80A210EF0E5F8214601A8FFF787
:101D500055FE21460948FFF751FE21460848FFF786
:101D60004DFE21460748FFF749FE04B070BD00BF95
:101D7000805202088C520208B8520208945202089B
:101D8000BC520208B45202082DE9F041054682B067
:101D900088461746866843B11C461B6832685B68F4
:101DA00001922046984703280BD8032F06D9D8F86C
:101DB00000303360EB680BB12869984702B0BDE88A
:101DC000F0812368042220460DEB02011C680023E9
:101DD000A047EAE770B5064684B014460D4612489F
:101DE0001146FFF70BFE21463068FFF707FE21463C
:101DF0000E48FFF703FE2B460D4A01A80A210EF0FC
:101E000089F8214601A8FFF7F9FD21460948FFF7A7
:101E1000F5FD21460848FFF7F1FD21460748FFF789
:101E2000EDFD04B070BD00BF805202088C52020864
:101E3000B852020894520208D8520208B45202085A
:101E400070B5064684B014460D4612481146FFF799
:101E5000D5FD21463068FFF7D1FD21460E48FFF73A
:101E6000CDFD2B460D4A01A80A210EF053F821465C
:101E700001A8FFF7C3FD21460948FFF7BFFD214632
:101E80000848FFF7BBFD21460748FFF7B7FD04B040
:101E900070BD00BF805202088C520208B85202087E
:101EA000945202083C530208B452020870B5064628
:101EB00084B014460D4612481146FFF79FFD214697
:101EC0003068FFF79BFD21460E48FFF797FD2B4634
:101ED0000D4A01A80A210EF01DF8214601A8FFF7BE
:101EE0008DFD21460948FFF789FD21460848FFF787
:101EF00085FD21460748FFF781FD04B070BD00BF96
:101F0000805202088C520208B85202089452020809
:101F100020530208B452020870B5064684B0144635
:101F20000D4612481146FFF769FD21463068FFF75C
:101F300065FD21460E48FFF761FD2B460D4A01A8BD
:101F40000A210DF0E7FF214601A8FFF757FD2146C2
:101F50000948FFF753FD21460848FFF74FFD21468A
:101F60000748FFF74BFD04B070BD00BF8052020868
:101F70008C520208B85202089452020864530208B4
:101F8000B452020870B5064684B014460D46124895
:101F90001146FFF733FD21463068FFF72FFD21463C
:101FA0000E48FFF72BFD2B460D4A01A80A210DF024
:101FB000B1FF214601A8FFF721FD21460948FFF79F
:101FC0001DFD21460848FFF719FD21460748FFF788
:101FD00015FD04B070BD00BF805202088C5202088B
:101FE000B85202089452020888530208B4520208F8
:101FF00070B5064684B014460D4612481146FFF7E8
:10200000FDFC21463068FFF7F9FC21460E48FFF73A
:10201000F5FC2B460D4A01A80A210DF07BFF214655
:1020200001A8FFF7EBFC21460948FFF7E7FC214632
:102030000848FFF7E3FC21460748FFF7DFFC04B040
:1020400070BD00BF805202088C520208B8520208CC
:1020500094520208F8520208B452020808460021BD
:10206000FCF754BE08460021FCF750BE0846FCF7BA
:10207000C3BE00BF0846FCF773BE00BF2DE9F041A8
:1020800003460C46C04E4D685E6004F10C069E602F
:10209000DFF844E3BD49C3F818E004F10E0690B040
:1020A00004F10D0EDE61D96204F1100604F1140191
:1020B000B74AB84FDFF824C3B748C3F830E01A6412
:1020C00004F1180E00225E645F65B44EB44F99654A
:1020D000C3F868C0B349DFF808C3C3F86CE0186000
:1020E0005E619E625966DFF8FCE2DA6004921A6172
:1020F000C3E90822C3E90D22C3E91222C3E917226A
:102100001A67DF631F65CDF80CC004F11C0CC3F81F
:10211000F400A548C3F87CE0C3F880C004F1200EA9
:10212000C3F89000DFF8C0C2C3F894E004F12400C3
:10213000C3F8A4C0C3F8A800DFF8B0E2DFF8B0C26B
:10214000C3F8B4E004F13A00C3F8B8C0C3F8BC0067
:1021500004F1280CDFF89CE29448C3F8CCE0C3F803
:10216000D0C004F1340EC3F8E000DFF88CC2904810
:10217000C3F88C10C3F8A010C3F8C810C3F8E4E08B
:10218000C3F8F0C0986705F1010C5A67C3E9212232
:10219000C3E92622C3E92B22C3E93022C3E9352251
:1021A000C3E93A22DFF854E2C3F8DC008148C3F8FF
:1021B0000CE1C3F810C1C3F8140105F1240CDFF8D9
:1021C00040E27D48C3F820E1C3F824C1C3F82801E8
:1021D00005F1020CDFF82CE27848C3F834E1C3F8CB
:1021E00038C1C3F83C0105F1030CDFF81CE2744868
:1021F000C3F848E1C3F84CC105F1040EC3F85C0113
:10220000DFF80882DFF808C2C3F8F88005F108009B
:10221000C3F8FC50C3F80861C3F81841C3F81C6147
:10222000C3F82C41C3F83061C3F84041C3F844619E
:10223000C3F860E1C3F870C1C3F8002105F10C0CCC
:10224000C3F80421C3F85021C3F85421C3F85871CE
:10225000C3F86421C3F86821C3F86C71C3F878210E
:10226000DFF8B0E1C3F87401C3F88011C3F8A81116
:10227000C3F8BC11C3F8D011C3F8E4115148C3F836
:1022800084E105F11001C3F888C1C3F8980105F194
:10229000200CC3F89C11DFF880E14B484B49C3F890
:1022A000ACE1C3F8B0C105F1140EC3F8B401C3F832
:1022B000C01105F11800DFF864C14549C3F8C4E155
:1022C000C3F8D4C105F11C0EC3F8D801C3F8E81156
:1022D00005F12500DFF848C1C3F8946103A9C3F8EC
:1022E000B841C3F8F861C3F8ECE1C3F87C21C3F846
:1022F0008C21C3F89021C3F8A021C3F8A421C3F80E
:10230000C821C3F8CC21C3F8DC21C3F8E021C3F80D
:10231000F021C3F8F421C3F8FCC1C3F8000203C9DB
:102320002635C3F81452C3F82C42DFF8F880294C44
:10233000DFF8F4E0DFF8F4C0C3F80C6203F50C75C5
:10234000C3F80422C3F80822C3F81822C3F81C22D9
:1023500003F51076C3F81082C3F824E2C3F828C24C
:1023600085E803001846C3F84872C3F84022C3F852
:102370005422C3F85822C3F85062C3F83842C3F855
:102380004C4210B0BDE8F0812C5A0208405A0208B5
:102390004C5A02085C5A0208F0490208084A02082E
:1023A000204A0208384A0208845A0208B85A020829
:1023B000504A0208ED190108F5190108E919010848
:1023C000985A0208385B0208E5190108545B0208B4
:1023D000745B0208245A0208345A02086C5A020834
:1023E0000DEE00087C5A0208945A0208684A020856
:1023F0009C5A0208A85A0208CC5A0208D45A020869
:10240000E05A0208F85A0208085B02081451020850
:10241000205B0208285B020854560208605B020831
:10242000885B0208A45B0208804A0208105A02086E
:102430002DE9F04F0E46E64C51F81C2BDFF8D4A3E3
:10244000DFF8D493DFF8D4E3DFF8B083E14FE24D57
:10245000DFF8CCC3DFF8CCB30346EDB0C3E90141EC
:1024600006F120010024D96106F12401DB4819633B
:10247000CDE923A4CDF89480C3F82C8026975597F6
:10248000CDE90394CDE913E406F12807DFF898A31A
:10249000D349DFF87083DFF894E3DFF89493186092
:1024A0005D619D62CDF844B1CDF850A13A91CDF86F
:1024B000F080DC6006F1300852943B941C61C3E963
:1024C00008445C63C3F818C0CDF84CC1C549CDF8C9
:1024D000F4E0C3F840905F64DFF858E3DFF8589306
:1024E000C14FC3F8900006F12C0B06F1340A99662F
:1024F000C3F86C80111DDFF84483C3F87CE0C3F897
:102500008C90DFF83CE3C3F8947002F10809B748F7
:10251000B74FC3F89820DD631D655D66C3F8A4500E
:10252000C3F8B850C3F858B0C3F880A0C3F8A800E7
:10253000C3F8AC1002F10C00C3F8548002F1100192
:102540009C63C3E91244C3E91744C3E91C44C3E9CB
:102550002144C3E92744C3E92C44DFF8E8A2C3F8C7
:1025600078E0DFF8E4B2C3F8C090C3F8D070DFF8C9
:10257000DC92C3F8BCA002F11407C3F8D400C3F87E
:10258000E4B002F11800C3F8E810C3F8F890C3F8FB
:10259000FC70DFF8BCA2DFF8BCB2DFF8BC92954F4C
:1025A000C3F8CC501C3251A9C3F8E050C3F8F45022
:1025B000C3F80851C3F80CA1C3F82421C3F820B113
:1025C000C3F83491C3F83871C3E93144C3E93644E0
:1025D000C3E93B44C3F80041C3F80441C3F81441C4
:1025E000C3F81841C3F81CE1C3F82841C3F82C41D3
:1025F000C3F83C61C3F8100103C903F5A07753AADF
:1026000087E8030007CA03F5A47787E80700C3F843
:102610006C0103F5B070C3F8700103F5AE71D3F827
:102620004C01D3F85021C3F880014FF0000903F5A5
:10263000AC70C3F88411DFF824A26F4FC3F868515F
:1026400023A9C3F87C51C3F89051C3F89421C3F86F
:102650009801C3F8ACA1C3F8B071C3F85891C3F89E
:102660005C91C3F86091C3F87441C3F87841C3F832
:102670008841C3F88C41C3F89C41C3F8A041C3F81A
:10268000B46103C903F5DC7725AA87E8030092E863
:10269000030003F5E07282E80300584FC3F8DC71D1
:1026A00003AA92E8030003F5E877D3F8C421C3F83E
:1026B000E07103F5E677C3F8F021C3F8F47103F590
:1026C000057B4F4ADFF898A1C3F8CC9113AFC3F84C
:1026D000D091C3F8D851C3F8EC51C3F80CA2C3F899
:1026E0000822C3F8E441C3F8E841C3F8F841C3F84D
:1026F000FC41C3F810628BE80300C3F81C82C3F8E6
:102700002492C3F82C52C3F8308297E8030003F5F3
:10271000097AC3F8482203F515773AAADFF844810D
:10272000C3F834A2C3F84C82C3F83842C3F83C4221
:10273000C3F8506287E8030092E8030003F52577A9
:102740003CAA03F5197BDFF820A1DFF82081C3F84C
:102750006492C3F86C52C3F888A2C3F85CC2C3F891
:1027600070C2C3F87842C3F87C42C3F89062C3F8E1
:1027700074B2C3F88C8287E8030092E8030003F583
:10278000277282E80300C3F8B4521E4DC3F8AC921E
:102790001D491E4A1E4F83F8A842C3F8B852D3F809
:1027A000A052C3F8CC5203F52B7A03F52A791846C8
:1027B000C3F8C042C3F8C442C3F8C8E2C3F8D44265
:1027C000C3F8D842C3F8EC62C3F8F44250E000BF4B
:1027D0002C5A020850500208384A0208F0490208F0
:1027E00011F80008EC5002080C5102081C510208B4
:1027F0003451020828500208685002086C50020840
:10280000C84A0208B4500208F84A02088C5102086B
:102810002DF80008B5F70008C5F70008D1F7000843
:102820002C500208A1F700083C500208C4500208CE
:10283000D4500208FC500208CC5A0208805002080A
:10284000084A020828510208485102085451020857
:102850006851020878510208984A0208B04A0208F2
:102860007C50020894500208E04A0208A050020876
:10287000C3F8BCA2C3F8D092C3F8E412C3F8E822AC
:10288000C3F8F0726DB0BDE8F08F00BF0846FBF7EB
:10289000B5BD00BF2DE9F04303460C46E44ADFF81E
:1028A000F8E3266AE3491A60C3F828E004F15E02FF
:1028B000E14DE248DFF8E4C3DFF8E4E3596091B0AA
:1028C00004F160019A605D6104F1610204F1640544
:1028D0009861C3F82CC0DA4FDA48D96104F16C0C66
:1028E000C3E91AEC04F168011A631F640022D64F91
:1028F0005D645865D54DD648DFF8A8C39965DA60A0
:1029000004921A61C3E90822C3E90D22C3E9122225
:10291000C3E917221A67DF631F655D660390C3F87A
:102920007CC004F1700CC3F880C0DFF87CC3C3F82E
:1029300090C004F1740CC3F894C0DFF870C3C3F8FE
:10294000A4C003A904F1D40C03C9C3F8A8C0DFF8DC
:1029500060C3C3F8B4C0DFF85CC3C3F8B8C003F108
:10296000C00C5A67C3E92122C3E92622C3F8A0702C
:10297000C3E92B229D67C3F88C50C3F8BC408CE898
:10298000030003F1D40104F17800C3F8E4104FF020
:102990000008B049DFF820E3DFF820C3C3F8D48093
:1029A000C3E93A22C3F8F4E0C3F8FCC004F17C0E9A
:1029B000C3F8CC10C3F8DC50C3F8F850DFF800C3FC
:1029C000C3F8E010C3F80001A349C3F814E104F10F
:1029D000800004F1840EC3F824C1C3F82801C3F8B1
:1029E000381104F18800DFF8DCC29C49C3F83CE1EF
:1029F000C3F84CC104F18C0EC3F85001C3F8601148
:102A000004F19000DFF8C082DFF8C0C29449C3F837
:102A10000421C3F80821C3F81821C3F81C21C3F806
:102A20002C21C3F83021C3F84021C3F84421C3F856
:102A30005421C3F85821C3F86821C3F86C21C3F8A6
:102A40007C21C3F88021C3F81081C3F864E1C3F886
:102A500074C104F1940EC3F80C51C3F82051C3F8AB
:102A60003451C3F84851C3F85C51C3F87051DFF8D2
:102A700060C2C3F87801C3F888117A48C3F8D471EA
:102A800004F19C01C3F8E871C3F88CE1C3F89CC160
:102A9000C3F8B00104F1A00C04F1A400C3F8B41110
:102AA000DFF830E2704F7149C3F8C4E104F19808CF
:102AB00004F1A80EC3F8C8C1C3F8D871C3F8DC018B
:102AC000C3F8EC1104F1AC006949DFF80CC2694F9E
:102AD000C3F89021C3F89421C3F8A421C3F8A82116
:102AE000C3F8B821C3F8BC21C3F8CC21C3F8D02166
:102AF000C3F8E021C3F8E421C3F8F421C3F8F821B6
:102B0000C3F8A081C3F8F0E1C3F800C2C3F80872AB
:102B1000C3F8845104F14C07C3F89851C3F8AC5181
:102B2000C3F8C051DFF8B4E1C3F80412DFF8B0C154
:102B3000C3F80C025048C3F81CE2C3F824C204F1E5
:102B40004E0EC3F82872C3F8380204F15007DFF8BC
:102B500094C14A48C3F83CE2C3F84CC204F1520E97
:102B6000C3F85072C3F8600204F15407DFF878C16B
:102B70004348C3F864E2C3F874C204F1560EC3F8C4
:102B80007872C3F8880204F15807DFF860C13D4845
:102B9000C3F81022C3F81422C3F82012C3F82C2261
:102BA000C3F83022C3F83412C3F84022C3F84422D9
:102BB000C3F84812C3F85422C3F85822C3F85C1271
:102BC000C3F86822C3F86C22C3F87012C3F87C22E1
:102BD000C3F88022C3F88412C3F89022C3F88CE2B1
:102BE000C3F89CC2C3F8A07204F15C0CC3F8B00235
:102BF000DFF8FCE0244F2548C3F89812C3F8AC1264
:102C0000C3F8C012C3F8C4E2C3F8C8C2C3F8D8728C
:102C100006F1040CC3F8DC021D49DFF8D8E01D4FB3
:102C2000C3F8E01206F1080004F15A0864E000BF9E
:102C3000104B02082C5A0208684A02089C560208E7
:102C4000B8560208CC560208504A0208384A020810
:102C500069E50008945602086C5702089457020868
:102C6000B4570208CC570208F45702080858020863
:102C7000584B02082C580208585802088458020879
:102C8000AC580208DC580208CC5A0208084A02086C
:102C9000F85A020818590208284B0208A8560208D8
:102CA000E0560208F05602080057020818570208BA
:102CB000404B0208805602082C5702083C57020875
:102CC0004C5702088C57020844570208A4570208C0
:102CD000C0570208D857020820580208385802087E
:102CE000445802086C58020898580208C458020850
:102CF000F45802080C5902086249C3F8F4E2C3F818
:102D0000F8C2C3F8087306F10C0CC3F80C03DFF823
:102D100094E15D4FC3F8942206F11000C3F8E46219
:102D2000C3F8A422C3F8A822C3F8B822C3F8BC226F
:102D3000C3F8CC22C3F8D022C3F8E822C3F8EC22AF
:102D4000C3F8FC22C3F80023C3F81023C3F81423EC
:102D5000C3F8B482C3F80453C3F81853C3F8F0128D
:102D6000C3F81CE3C3F8541306F1140EC3F820C3D0
:102D7000C3F83073C3F8340306F11807DFF828C12D
:102D800042484349C3F848E3C3F858C306F11C0E50
:102D9000C3F85C73C3F8680306F12007C3F86C132B
:102DA000DFF80881DFF808C13A48C3F8242306F1A8
:102DB0002401C3F82823C3F83823C3F83C23C3F8FD
:102DC0004C23C3F85023C3F86023C3F86423C3F82B
:102DD0007423C3F87823C3F88823C3F88C23C3F87B
:102DE0009C23C3F84483C3F870E3C3F880C3C3F8DB
:102DF0008473C3F89403C3F82C5306F12800C3F876
:102E00004053C3F87C53C3F89053DFF8A890C3F83D
:102E10009813DFF8A4E0204FC3F8A023C3F8B02331
:102E2000C3F8B423C3F8C423C3F8C823C3F8D82312
:102E3000C3F8DC2319491A4AC3F8D40306F1300851
:102E400006F1340C18462C36C3F8A453C3F8B85313
:102E5000C3F8CC53C3F8E053C3F8F043C3F8A893C6
:102E6000C3F8AC83C3F8BCE3C3F8C0C3C3F8D073E2
:102E7000C3F8E863C3F8E413C3F8EC2311B0BDE86A
:102E8000F08300BF204A02084C590208F0490208AA
:102E9000805902088C590208DC590208F4590208CA
:102EA000E11901082C5902087459020860590208F6
:102EB00020570208A4590208C05902080846FAF728
:102EC000C5BC00BF0846FAF74FBC00BF0846FAF77A
:102ED0004BBC00BFF0B40C4690B0E5681B4B0393AD
:102EE000002203460562049203A9043503C99D63C9
:102EF000DC64174E174D5E6004349C609D61164E75
:102F0000164C174DDE615C635D64164F164D174E0F
:102F10009E6403F150041D601D635F61C3E90322D9
:102F2000C3E90922C3E90F22114E84E803001149C5
:102F30001A6603F1600518465A679E661D67996513
:102F4000D9669A6710B0F0BC704700BF05D301087E
:102F50002C5A0208704B0208E05B0208CC5B0208A6
:102F6000B84B0208CC5A0208F0490208DC5B0208A0
:102F7000884B0208C05B020870B50D4D0D480E4E1F
:102F800086B00CF065FF0FCD01AC0FC42B68236039
:102F9000002101A8F5F730FA084A337810602BB900
:102FA0000120F5F741FA3378002BF9D006B070BD57
:102FB000E43B0208EC5B0208601000205C1000207B
:102FC0001046704730B4D1E90142C0E90142CA68F5
:102FD000C260D1E906420D690561C0E906420A6A8C
:102FE0000262D1E90B424D6A4562C0E90B424A6B6D
:102FF0004263D1E910548A6B8263064A0260C0E9D9
:10300000105442618262C263D1E91242C0E91242A5
:1030100030BC7047384A02082DE9F04F2DED028B85
:10302000D1F80880E34BE44DE44ADFF8C0C3DFF891
:10303000C0B3DFF8C0A3DFF8C093E14F9FEDE18A92
:10304000ADF5B85D85B0044608F11800409008F170
:103050001C00459008F120004A9008F124004F9090
:10306000D9483990002608F1140E3E9043904890BC
:103070004D903F930493D548D54B0191CDF8E0C0D6
:10308000CDF8ECE03A95CDE93C66419642964696FD
:1030900047964B964C96509651964492039249907F
:1030A0004E93CDF83086019BCDF82CB6CDF824A6F2
:1030B000DFF848B39A6CCDF840B608F1010ACDF8B4
:1030C00044A6DFF83CB3029208F1020ABE4ACDF8EA
:1030D00054B6CDF858A6DFF82CB3CDF8A02608F1E9
:1030E000030ACDF8B426CDF82896CDF83466CDF88D
:1030F0003866CDF83C96CDF84866CDF84C66CDF8EC
:103100005096CDF85C66CDF86066CDF86496CDF843
:103110007066CDF87466CDF87896CDF88466CDF8F3
:103120008866CDF88C96CDF89866CDF89C66CDF87B
:10313000AC66CDF8B066CDF868B6CDF86CA6DFF811
:10314000C8B2CDF87CB608F1040ACDF880A6DFF845
:10315000BCB2CDF890B608F1050ACDF894A6DFF818
:10316000B0B2CDF8A4B608F1080ACDF8A8A6DFF8E9
:10317000A4B2CDF8B8B608F10C0ACDF8FCE6CDF84B
:10318000F0C6CDF8BCA608F1100CDFF88CB2DFF861
:103190008CE2DFF88CA2CDF8C0B63EA9CDF8CCE623
:1031A000CDF8D0C608F1120EDFF878C2CDF8D4A65B
:1031B0000DF5E160DFF870A2DFF870B2CDF8C4362B
:1031C000CDF8D836CDF8EC36CDF8F426CDF8F85653
:1031D000CDF80067CDF80467CDF8E0B6CDF8E4E6A9
:1031E000CDF8E8C6CDF8C8A6CDF8DCA6FFF7EAFE14
:1031F000DFF83CC2CDF85CC708F1300C7248CDF85E
:1032000068C708F1340CCDF86007CDF87407CDF825
:103210008807CDF89C07CDF87CC76C48CDF8A0078F
:1032200008F1380CCDF890C76748CDF8B00708F121
:103230003C0CCDF8A4C76648049B039ACDF8B407AC
:1032400008F1400C6048CDF8B8C708F1440CCDF83F
:103250006457CDF86C67CDF87067CDF87837CDF846
:103260008067CDF88467CDF88C27CDF89467CDF8CA
:103270009867CDF8A867CDF8AC67CDF8BC67CDF8F6
:10328000C067CDF8C407CDF8D067CDF8D467CDF8C6
:10329000D897CDF8CCC708F1480CCDF81C08CDF86C
:1032A0003008CDF84408CDF858084848CDF8E0C7B4
:1032B00008F14A0E08F1490CCDF83438CDF8482809
:1032C000CDF85C0808F14C0208F15003414842492E
:1032D000CDF82058CDF8F4C708F15405CDF808E82A
:1032E000CDF8180808F1580E08F15C0CCDF8242828
:1032F000CDF83838394A3A4BCDF8C87708F1640030
:10330000CDF8DC17CDF8E467CDF8E867CDF8EC9799
:10331000CDF8F867CDF8FC67CDF80098CDF80C68CB
:10332000CDF81068CDF82868CDF82C68CDF83C6849
:10333000CDF84068CDF85068CDF85468CDF84C58B9
:10334000CDF860E808F16005CDF8F02708F1650ECA
:10335000CDF80438CDF874C8CDF8847808F1660C3F
:10336000CDF89818CDF8AC2808F16801CDF8C03830
:103370001C4A154FCDF89C08154B1B48CDF88858B2
:10338000CDF8B0E8CDF8C4C8CDF86468CDF894980D
:10339000CDF8A898CDF8BC98CDF87038CDF868680D
:1033A000CDF86C78CDF87868CDF87C68CDF8807869
:1033B00040E000BFE453020800580208F05302083E
:1033C0000855020800000000384A020800540208AC
:1033D00008540208505502081855020828550208DA
:1033E0003C550208884B020860550208D053020879
:1033F0000C540208CC5A0208084A02082854020851
:10340000485402086C54020888540208A454020864
:10341000B4540208C45402087D190108D8540208A3
:103420007519010879190108104B0208E8540208BF
:10343000F8540208CDF88C68CDF89068CDF8A068F3
:10344000CDF8A468CDF8B468CDF8B868CDF8C868F0
:10345000CDF8CC68CDF8E068CDF8E468CDF8D808B0
:10346000CDF8DC18CDF8E8280199DFF8A4B3E14BDA
:103470008969CDF8D4B80DF57165284608F16C0856
:10348000CDF8EC38CDF8F088CDF8F468CDF8F868D0
:10349000FFF700FA0DF59853D74A69686F6A5961CA
:1034A0000C33C3E9002AAA68DA60D449EA681A61D1
:1034B000D3482A69DFF85CA3C3E90A71EF6A1F6386
:1034C000C3E905202F6BAA69A86BDA615F63EA691B
:1034D0006F6B1A622A6A5A62C3E90E70C94A286C75
:1034E000C3E91020686C9864EF6C1F656F6D9F6571
:1034F000AF6DDF65EF6DA86C1F662F6ED8645F66D9
:10350000E86EAF6E5A65C3E91B70286F5867686F25
:103510009867E86FC3F88000D5F88000C3F884008E
:10352000D5F88400B84FC3F88800D5F888009F66A6
:10353000DF67C3F89070C3F88C00D5F89000D5F819
:103540009470C3F89870D5F89870C3F89C70D5F84B
:103550009C70C3F8A070D5F8A470C3F8A870D5F813
:10356000A870C3F8AC70D5F8AC70C3F8B0700DF5A6
:103570007D61D5F8B070C3F89400C3F8B47003C986
:10358000D5F8B870C3F8BC700DF59F58D5F8BC706D
:10359000D5F8CCE0C3F8C0700DF59E5C0CF1100CB2
:1035A00008F10408984FC3F8B8A08CE80300C3F8EA
:1035B000A420C3F8E880C3F8E070C3F8D0E0C3F8F3
:1035C000E4E083ED368AC3F8EC60D5F80071D5F8F5
:1035D000F400C3F80471D5F80471C3F8F800C3F817
:1035E0000871D5F81C01D5F80871C3F80C71C3F83F
:1035F0002001D5F81071D5F82801C3F81471C3F86B
:103600002C01D5F81471D5F82C01D5F8FC10C3F8AD
:103610001871C3F83001D5F81871D5F83001C3F826
:103620000011C3F81C71D5F82411774FC3F8340189
:10363000D5F83801C3F82811C3F8F060C3F8FC705E
:10364000C3F81071C3F82471C3F83871C3F83C0192
:10365000D5F83C01D5F84471C3F84001C3F848716E
:10366000D5F86401D5F84C71C3F85071C3F86801FE
:10367000D5F85071D5F86C01C3F85471C3F87001D6
:10368000D5F85471D5F87401C3F85871C3F87801AE
:10369000D5F85871D5F87801D5F84011C3F85C71A8
:1036A000C3F87C01D5F86071D5F87C01C3F84411EA
:1036B000C3F86471D5F86811534FC3F88001D5F889
:1036C0008001C3F86C11C3F84C71C3F86071C3F882
:1036D0007471C3F88401D5F89071D5F88801C3F8E6
:1036E0009471D5F89471C3F88C01C3F89871D5F82A
:1036F000B001D5F89C71C3F8A071C3F8B401D5F836
:10370000A071D5F8B801C3F8A471C3F8BC01D5F80D
:10371000A471D5F8BC01D5F88C11C3F8A871C3F811
:10372000C001D5F8A871D5F8C401C3F89011C3F849
:10373000AC71D5F8B411344FC3F8C801D5F8C8013D
:10374000C3F8B811C3F88871C3F89C71C3F8B0719D
:10375000C3F8C471C3F8CC01D5F8CC01C3F8D001CB
:10376000D5F8F001D5F8D071C3F8F401D5F8F80117
:10377000C3F8D471C3F8FC01D5F8D871D5F80002AC
:10378000C3F8DC71C3F80402D5F8DC71D5F808027F
:10379000C3F8E071C3F80C02D5F8E071D5F80C025B
:1037A000C3F8E471C3F81002D5F8E471D5F810023B
:1037B0001649C3F8D821C3F8EC21C3F8E871D5F84D
:1037C000F421D5F8EC71C3F81402D5F81402C3F84B
:1037D000F071C3F8F821C3F80812C3F81802D5F83D
:1037E0002472C3F82872D5F82C72D5F82802C3F8D1
:1037F000307211E06C55020884550208284B02080B
:10380000684A0208504A0208384A0208584B02081F
:10381000F0490208404B0208D5F83072C3F82C0278
:10382000C3F83472D5F85002D5F83872C3F83C7238
:10383000C3F85402D5F83C72D5F85402D5F81C22CE
:10384000C3F84072C3F85802D5F84072D5F8580250
:10385000C3F82022C3F84472D5F84422D5F84C723C
:10386000C3F85C02D5F86002C3F82412C3F838121A
:10387000C3F84C12C3F86012C3F85072C3F8640264
:10388000C3F84822D5F86422D5F86872C3F86C7280
:10389000D5F87472C3F87872D5F87872D5F86C02DE
:1038A000C3F87C72D5F87C72C3F87002C3F88072DA
:1038B000D5F89402D5F88072C3F88472C3F89802E0
:1038C000D5F88872D5F89C02C3F88C72C3F8A002B0
:1038D000D5F89072D5F8A002C3F86822C3F89472A4
:1038E000D5F88C22C3F8A402D5F8A872D5F8A402A2
:1038F000C3F87412C3F88812C3F89C12C3F890225C
:10390000C3F8A802C3F8AC72D5F8B472C3F8B872A1
:10391000D5F8B872C3F8BC72D5F8BC72C3F8C072DF
:10392000D5F8C472C3F8C872D5F8C872C3F8CC729F
:10393000D5F8CC72C3F8D072D5F8D072C3F8D4726F
:10394000D5F8E472C3F8E872D5F8E872D5F8B02279
:10395000C3F8EC72D5F8EC72EA48C3F8B012C3F8B9
:10396000C412C3F8B422D5F8E012D5F8D822C3F8AF
:10397000F072D5F8F472C3F8E092C3F8E412C3F819
:10398000F872C3F8F402C3F8DC22D5F8F822D5F8AF
:103990000073C3F80473D5F80873C3F80C73D5F833
:1039A0000C73C3F81073D5F81073C3F81473D5F8FB
:1039B0001473C3F81873D5F81C73C3F82073D5F8C3
:1039C0002873C3F82C73D5F83073C3F83473D5F863
:1039D0003473C3F83873D5F83873D5F8FC12C3F8CC
:1039E0003C73C94FC3F8FC22C3F80013D5F8202359
:1039F000D5F82413C3F80873C3F81C73C3F83073E5
:103A0000D5F83C73C3F82423C3F82813C3F84073D4
:103A1000BD4FC3F84473C3F88073D5F84C73C3F833
:103A20005073D5F85073C3F85473D5F85873C3F86E
:103A30005803C3F85C73D5F86C03D5F85C73C3F80E
:103A40006073C3F87003D5F86073D5F87803D5F8C0
:103A50004423D5F84813C3F86473C3F87C03D5F83E
:103A60006473D5F88003C3F84823C3F84C13D5F822
:103A70007023D5F87413C3F86873C3F88403A24F96
:103A8000D5F88403C3F86CB3C3F87423C3F8880370
:103A9000C3F87813D5F88813D5F89403C3F8947352
:103AA000C3F8A873C3F8BC73C3F8D073D5F8987380
:103AB000C3F89803C3F89C73D5F8BC03D5F89C737E
:103AC000C3F8A073C3F8C003D5F8A073D5F8C0033A
:103AD000D5F88C23C3F88C13C3F8A473D5F8B013AE
:103AE000D5F8A873C3F8C403D5F8C403C3F890236A
:103AF000C3F8AC73D5F8B423D5F8AC73C3F8B413DA
:103B0000C3F8C80305F57471D5F8C803C3F8CC032E
:103B1000C3F8B073C3F8B82386C9C3F8DC73D5F80B
:103B2000DC73C3F8E073D5F8E473C3F8E873D5F831
:103B3000E873C3F8EC73C3F8D413D5F8EC730199A8
:103B4000D5F8F053C3F8F0730DF5106A6E4F49695C
:103B5000C3F8E4735046C3F8D823C3F8F453FEF710
:103B600067FC0DF604439F61DF621F64DAF808709A
:103B7000DF60DAF81870DF61DAF81C701F62DAE9CA
:103B80000305DAF820705F62604ADAF824701A6080
:103B90009F62DAF83420DAF83070DAF8041018612D
:103BA000DAF838009960C3E90D72DAF82C105D611B
:103BB000D863DAF84050DAF84400534FC3F804B041
:103BC00019635D649864DAE91212DAE915055F6534
:103BD0009F66DAF85C701F66DAF860705F66DAF884
:103BE00068701A659865DAF87C20DAF88000DF667C
:103BF000DAF86C70D9641F67DAF87410DAF870704C
:103C0000DD65C3E92020DAF88800DAF88450C3F8CB
:103C10008C00C3E91D71DAF88C003B4FC3F87C902F
:103C2000C3F88850C3F89000C3F8A870C3F8BC70FC
:103C3000C3F8D070DAF8A870C3F8AC70DAF8AC70DA
:103C4000C3F8B070DAE92512DAF8B070C3F8B470CE
:103C5000DAE92705DAF8B470C3F8B870DAF8BC709E
:103C6000C3F89810C3F8C070DAF8C410DAF8C0705E
:103C7000C3F8A000C3F8A450DAF8D000DAF8D450A2
:103C8000C3F89C20C3E93171DAF8C8201E4FC3F88D
:103C900094B0C3E93505C3F8CC20DAE93612C3F88D
:103CA000E470C3F8F870C3F80C71DAF8EC70C3F87C
:103CB000F070DAF8F070C3F8F470DAE93905DAF880
:103CC000F870C3F8FC70DAF8FC70C3F80071DAF829
:103CD0000071C3F8DC100DF5246CDAF80411C3F898
:103CE000E020C3F8E800DAF81021DAF81401C3F88C
:103CF000EC50C3F80471DAF81851DAF80C71C3F813
:103D0000209105E0204A0208384A02088C55020832
:103D1000C3F80811C3F81071C3F81421C3F81801CF
:103D2000C3F81C5183ED578A9CE803000DF6482226
:103D30000DF6485C8CE8030007CA0DF5556C8CE85D
:103D40000700DAF82071C3F82471DAF82471C3F897
:103D50002871D64DDAF82871C3F82C71C3F83851A0
:103D6000DAF82C71DAF83851D3F84C21C3F83071F5
:103D70000DF66850C3F83C510DF6B821DAF83C5105
:103D8000CB4F83ED588A83ED598AC3F84051C3F86D
:103D90006C71C3F87021C3F87861D3F85021C3F86F
:103DA000740103C90DF55C6E0DF52C6C8EE80300F3
:103DB0009CE803000DF6C85C8CE80300BD48C3F81E
:103DC000B001DAF8B001D3F85471C3F8B401DAF8ED
:103DD000B401C3F884210DF6645E0DF556650DF649
:103DE000D8510DF61432C3F89871C3F8B801B04F2A
:103DF000D3F8C40183ED748A83ED758AC3F87C61BE
:103E0000C3F88C61C3F89061C3F8A061C3F8A461E2
:103E1000C3F8E861C3F88071C3F89471C3F8DC712A
:103E2000C3F888E1C3F89C51C3F8EC61C3F8E00122
:103E3000C3F8E41192E80300D3F8C871C3F8F47131
:103E40000DF61C650DF65432994FC3F8F07185E8F4
:103E50000300C3F8307292E80300DAF81072C3F876
:103E600014720DF6D455DAF84C72C3F8F851DAF83A
:103E70000C52DAF81C82DFF850C2C3F810520DF66B
:103E80002C690DF65C6E0DF69435C3F85072DAF8B5
:103E90005072DAF85C2283ED8A8AC3F8FC61C3F8B9
:103EA0000062C3F83C62C3F84062C3F83892C3F8BA
:103EB0005472C3F82082C3F834828EE80300C3F83A
:103EC0000CC2C3F84CC295E803000DF69C6C0DF6CD
:103ED0009C358CE8030095E803000DF6A46585E8A1
:103EE00003007548C3F88C02DAF88C02704FC3F8EF
:103EF00090021D460DF66C6CDAF89002C3F878C299
:103F0000C3F86022C3F8742283ED9A8A83EDAC8AE9
:103F1000C3F87C62C3F8806283F8AC62C3F8707245
:103F2000C3F8B872C3F89402C3F8C462C3F8C86295
:103F3000C3F8D862D3F8A032DFF89081C5F8BC325C
:103F40000DF6B46ED5F8A432C5F8C0E20DF56B617C
:103F50000DF53F62C5F8D032C5F8D412574BC5F8FD
:103F6000CC8292E80300C5F8E832019BDAF8E872E7
:103F7000DAF8EC22C5F8DC620DF6F86686E8030094
:103F8000C5F8EC7253A8D968C5F8F02259ADFEF710
:103F900075F8E0CD54A90EC903975C9F0497F4957A
:103FA0005E9F039D0597F695049D57985F9FEF913F
:103FB000F7956099059D06970791619FCDF8CC8391
:103FC000CDF8E083F092F193F290639B6498F596BC
:103FD000F995069DFA95079DFB9568ADFC97E0CD98
:103FE00003976B9FFE933B466D9FFF903946669803
:103FF000039F334ADFF8B8E0DFF8D4A0ED92CDF8A4
:104000000404659A6F98CDF81474739FCDF81CE47E
:10401000CDF844E4CDF8B8B3CDF8F4A3CDF808A4B6
:10402000CDF80024CDF80C546E9A709DCDF8106434
:10403000729E0397749FCDF8280478A8CDF82C546D
:10404000CDF8346461C8CDF818343B46759FCDF87F
:1040500020143946039FCDF82424CDF83874779A7C
:104060007C9FCDF83C34CDF84014164B7D99CDF8AB
:104070004C047F98CDF858E4CDF880E4CDF8303486
:10408000CDF84824CDF850547E9A819DCDF85464E3
:10409000CDF85C74829E839FCDF860148499CDF82E
:1040A00068048798CDF8705414E000BF984A02085D
:1040B000384A0208B04A0208E04A0208F84A0208F0
:1040C00098550208504A0208C84A0208084A0208DD
:1040D000204A0208CDF88804889DCDF874648BA826
:1040E000CDF88C5461C8CDF86424869ADFF88495A5
:1040F000CDF87C14CDF884248E99899ACDF8980453
:104100009298CDF87874CDF86C948F9FCDF8943454
:10411000CDF8ACB4CDF8C084CDF8D484CDF89024DB
:10412000CDF89C54919A939DCDF8A064949ECDF8BF
:10413000A414CDF8B4049998CDF8D0049CA8CDF877
:10414000B854CDF8BC6461C89699CDF8A874CDF880
:10415000B024979F989ACDF8C414CDF8C874A0994C
:10416000CDF8CC24A19F9B9ACDF8DC04A398CDF880
:10417000D824CDF8E884A29ACDF8FC84CDF810A517
:10418000CDF8E054CDF8E464A59DA69ECDF8EC14DE
:10419000A799CDF8F074CDF8F804AB98CDF8005598
:1041A000CDF81805AC9DCDF80465AFA8CDF81C5529
:1041B00061C8CDF8F424AA9AA89FCDF80815CDF8C7
:1041C0001425B299AD9ACDF838E5CDF860E5CDF873
:1041D0000C75CDF824A5B49FCDF84C85CDF82025DD
:1041E000CDF82805B59AB698CDF82C55CDF83065A0
:1041F000B79DB99ECDF83415BA99CDF85415CDF8C0
:104200003C75C599BB9FCDF84025CDF84405BC9AB7
:10421000BE98CDF84855CDF85065C19DC39ECDF8E8
:104220005875CDF85C25CDF86405BF9AC098C49F39
:10423000CDF874E5CDF888E5CDF89CE50B46CDF8D2
:104240006825C899C69ACDF86C05CDF87055C998FF
:10425000CA9DCDF87865CDF87C75CB9ECD9F039730
:10426000CE9FCDF88425CF9ACDF88035CDF89455E2
:104270003B46D79DCDF8A825D29A039FCDF88C1543
:104280000DF55F7CD099CDF8A4350395D99BD89DC9
:10429000CDF8B425DA9ACDF89005CDF89865CDF82B
:1042A000A075D49ED59FCDF8AC1504959CE803006D
:1042B000CDF800A60593CDF8B085CDF8C48506925B
:1042C000D39ACDF8B825DE4ADE9DCDF8DC25002254
:1042D0000795CDF8C075E19D039FCDF8F8250DF544
:1042E000BD6C019ACDF8F055CDF8C8758CE8030087
:1042F000049FCDF8CC750DF5BF63059FCDF808364A
:10430000D369CDF8BC65CDF8D075DD9E069F5B689E
:10431000CDF8D475CDF8E065079F1669CDF8E47542
:10432000C849CDF804560027CDF80C76CDF81076A4
:104330000396002776682691191D0DF1240ACDE910
:1043400022372791C048C14DDFF82CC3C04A2B90BB
:1043500003F108010C332C91319320A9BD4BCDF80A
:1043600084C0504604962497CDE92877CDE92D776F
:10437000CDE932773092209525952A952F951F9378
:104380000893FEF71FFE089AB34B2092514621A8CE
:104390001F93FEF717FE019FB0496160B048B14A14
:1043A000029EDFF8D8C2A06107F1280107F1260EAE
:1043B000E161E262DFF8C8A2AB4BAC492663384644
:1043C0003A460026C4F808E0C4F840A007F13A0EC7
:1043D000DFF8B0A2DDF8247623654C30A44BC4F896
:1043E00044E05032C4E915C0C4E91A12C4E90366B6
:1043F000C4E90866C4F82890C4E90D66C4F83CB066
:10440000C4E91266C4E91766C4F86490C4E91C667E
:10441000A767C4F800A0DDF82C16DDF83026DDF81B
:10442000340663610693DDF83836C4F88010C4F8AA
:104430008420DDF84416DDF84826C4F88800C4F866
:104440008C30DDF84C06DDF85436DDF84076C4F8E3
:104450009810C4F89C20DDF85C16DDF86026C4F8DE
:10446000A000C4F8A830DDF86806DDF86C36C4F8A2
:104470009470DDF85876C4F87C80C4F89080C4F855
:10448000A480C4F8B880C4F8AC70DDF87076C4E9D4
:104490002C12C4E92F030DF5D060C4F8C47089C88C
:1044A000DDF87416DDF87C26C4F8C810DDF8901627
:1044B000C4F8D020C4F8D400DDF89426DDF89806BE
:1044C000C4F8DC70C4F8E410DDF8A476DDF8A816B2
:1044D000C4F8D830C4F8E820DDF89C36DDF8AC2606
:1044E000C4F8EC00DDF8B006C4F8CC80C4E93E7135
:1044F000C4F8E080C4F8F450C4F80851C4F8F030AF
:10450000DDF8B836C4F80021DDF8BC16DDF8C026A9
:10451000C4F80401DDF8C406DDF8D076C4F80C3127
:10452000C4F81011DDF8CC36DDF8D416C4F8142127
:10453000C4F81801DDF8D826DDF8E006C4F820310B
:10454000C4F82471DDF8E436DDF8E876C4F8281103
:10455000C4F82C21DDF8EC16DDF8F026C4F834019F
:10456000DDF8F806C4F81CA1C4F83831C4F83C7171
:10457000DDF8FC36DDF80077C4F84011C4F84421BA
:10458000C4F830A1C4F84C01C4F84851DDF8042740
:10459000C4F85031C4F85471C4F858210DF5E161E4
:1045A00004F5AE70FEF70EFD0DF5ED6089C8C4F898
:1045B000C031DDF88C37DDF85C17DDF86427029335
:1045C000DDF89437DDF87867C4F8B011C4F8B82185
:1045D000DDF87C17DDF88027C4F8BC01C4F8C4718D
:1045E000DDF88407DDF89077C4F8CC61C4F8D01109
:1045F0001E46DDF89817029BC4F8D421DDF8A027E9
:10460000C4F8D801C4F8E031C4F8E471C4F8E86132
:10461000C4F8EC11C4F8F421C4F8B451C4F8C8517A
:10462000C4F8DC51DDF8B437C4F80832DDF8D0370F
:10463000DDF8A417DDF8A8270293DDF8DC3723E0C6
:10464000804A0208A0550208AC550208384A020800
:10465000B8550208CC5A0208C45502082C5A020860
:10466000D0550208E0550208704B020810560208A7
:10467000284B0208684A02084851020800560208FE
:10468000F0550208104B0208DDF8AC07DDF8B877EA
:10469000DDF8BC67C4F8F811C4F8FC21DDF8C017D8
:1046A000DDF8C827C4F80002C4F80C72DDF8CC07A6
:1046B000DDF8D477C4F81062C4F814121E46DDF891
:1046C000E017029BC4F81C22DDF8E427C4F8F0517F
:1046D000C4F82002C4F82432DDF8E807C4F82872D0
:1046E000C4F83062C4F83412C4F83822C4F8045252
:1046F000DDF8FC37C4F85032DDF820380293DDF8DD
:104700002838DDF8F017DDF8F427DDF80868C4F87C
:104710003C02DDF8F807DDF80478C4F84412C4F868
:104720004822DDF80C18DDF81028C4F84C02C4F853
:104730005C62DDF81808C4F818521E46029BC4F8E3
:104740002C82C4F84082C4F85482C4F85872C4F869
:104750007052DDF82478C4F86012C4F88452DDF891
:104760002C18C4F86422C4F86C02DDF83428C4F8AC
:104770007432DDF84038C4F89432DDF85C380293C6
:10478000DDF86438C4F87C62DDF84C68DDF8380880
:10479000C4F87872C4F88012DDF84878DDF83C1867
:1047A000C4F8A0621E46029BC4F88C02C4F89012A2
:1047B000DDF85008DDF85418C4F89C72C4F8B03223
:1047C000DDF86078DDF87438C4F88822C4F89852AF
:1047D000C4F8AC52C4F8C052C4F8A402C4F8A81279
:1047E000DDF86808DDF870180293C4F8B472DDF8DB
:1047F0007878DDF87C38C4F8B8621E46029BC4F8AD
:10480000C832DDF88C380293DDF89C38C4F8CC72DD
:104810000593DDF89078029BC4F8BC02C4F8C4127A
:10482000DDF88408DDF88818C4F8D062C4F8E032F6
:10483000DDF89868DDF8AC38C4F8E472DDF8B078DB
:10484000C4F8D452C4F8E882C4F8FC82C4F81083D7
:10485000C4F8D802C4F8DC12DDF8A008DDF8A4180A
:104860000293C4F8EC62DDF8B468059BC4F80473E5
:10487000DDF8D878C4F8F032C4F82C73DDF8B83815
:10488000DDF8DC780593C4F83073029BDDF8E0783E
:10489000C4F8F402C4F80033DDF8C008059BC4F87E
:1048A0003473DDF8EC78C4F8F8120DF59852DDF8A1
:1048B000C418C4F80C33C4F81403DDF8CC38DDF8A0
:1048C000C808C4F84073DDF8F078C4F808630C3207
:1048D000C4F81813C4F81C03C4F828B3DDF8E408BE
:1048E000C4F858A3C4F84473C4F82033DDF8F4388E
:1048F000C4F84833DDF8F838C4F84C331368C4F80A
:1049000054339368C4F85C33D368C4F86033536994
:10491000C4F86833536AC4F83803C4F878331069AC
:10492000936AF549C4F83C13C4F86403C4F87C33B3
:10493000D2E90701136BC4F88433536BC4F888338E
:10494000936BC4F87003C4F87413906CD16CC4F802
:104950008C33D36BC4F89033536CC4F89833136D15
:10496000C4F8A433936DC4F8AC33D36DC4F8B0333A
:10497000069B176FC4F8A013C4F88033D2E918134C
:10498000C4F8C473576FDD4EC4F89C03C4F8C873F1
:10499000D06E976FC4F86C93C4F89463C4F8A8639E
:1049A000C4F8B413C4F8B833D2F89410D2F89830DD
:1049B000C4F8C003C4F8CC73D2F89C00D2F880705D
:1049C000C4F8D473D2F88470C4F8D873D2F888705D
:1049D000C4F8DC730DF59E5CD2F88C70C4F8E073FB
:1049E000C4F8E813D2F8B070D2F8A810C4F8EC33C9
:1049F0000CF1100CD2F8A030C4F8F003C4F8FC138A
:104A0000C4F804749CE80300D2F8B470C4F8F4331A
:104A1000C4F80874D2F8AC30D2F8BC70C4F80034D2
:104A2000C4F8107404F58363D2F8C070DFF8D48240
:104A3000D2F8D0E0C4F8BC5304F22C4CC4F8D053E4
:104A4000C4F8E453C4F8F863C4F81474C4F80C84CC
:104A500083E80300D2F8F830C4F824E4D2F81871DF
:104A60008CED008AC4F84C34D2F80031C4F85434C8
:104A7000C4F86C74D2F80431D2F81C71C4F85834FC
:104A8000C4F870740023D2F82071D2F80811D2F85B
:104A90001401C4F84034C4F84434C4F87474D2F82F
:104AA0000C31D2F82871C4F838E4C4F83CC4C4F816
:104AB0003454C4F85054C4F85C14C4F86034D2F8C8
:104AC0003C11D2F84031C4F86804D2F84401C4F86B
:104AD0007C74D2F82C71C4F88074D2F83071C4F8A8
:104AE0008474D2F83471C4F88874D2F85C71C4F854
:104AF000B074D2F86471C4F89434C4F8B874D2F8BD
:104B00004831D2F86871C4F89014C4F89804D2F807
:104B10005011D2F85801C4F89C34C4F8BC74D2F8CF
:104B20005431D2F86C71C4F86454C4F87854C4F8A1
:104B30008C54C4F8A054C4F8A414C4F8A834D2F80F
:104B40008011D2F88431C4F8AC04C4F8C074D2F82F
:104B50008C01D2F87071C4F8C474D2F87871C4F8BA
:104B6000CC74D2F87C71C4F8D074C4F8D834D2F8BC
:104B7000A871D2F89031C4F8E434C4F8FC74D2F8C7
:104B80009431D2F8AC71C4F8D414C4F8E004D2F86B
:104B90009811D2F8A401C4F8E834C4F80075D2F82A
:104BA000A031D2F8B471C4F8B454C4F8C854C4F8ED
:104BB000DC54C4F8EC14C4F8F434D2F8CC11D2F8B4
:104BC000D031C4F8F804C4F8F054D2F8D401C4F8D1
:104BD0000455C4F80875D2F8B871C4F80C75D2F849
:104BE000BC71C4F81075D2F8C071C4F81475D2F84D
:104BF000C871C4F81C75D2F8FC71C4F82C65C4F8EF
:104C00002435C4F85075D2F8DC31D2F80472C4F8F7
:104C10004065D2F8E861C4F82015C4F83035D2F800
:104C2000E011D2F8E431C4F85875C4F83C65D2F804
:104C30000C72D2F82062C4F81855C4F82805C4F8DC
:104C40006075C4F83415D2F81472D2F81012C4F892
:104C50003835D2F81832C4F87465D2F8F061C4F867
:104C60004465D2F82862C4F87C65D2F8F461C4F8CF
:104C70004865D2F82C62C4F88065D2F8F861C4F8AF
:104C80004C65D2F840621E48C4F86415C4F86875D3
:104C9000D2F83412D2F83C72C4F86C35C4F894657A
:104CA000D2F83032D2F84462C4F85C05C4F8780512
:104CB000C4F88C05C4F8A005C4F8B405C4F8C80548
:104CC000C4F88435C4F88815D2F85C32D2F864127E
:104CD000C4F89075C4F89865D2F86872D2F8486242
:104CE000C4F89C65D2F85062C4F8A465D2F8546246
:104CF000C4F8A86508E000BF884B0208504A0208C3
:104D0000584B0208404B0208D2F85862C4F8AC6510
:104D1000C4F8B035D2F88462D2F86C32C4F8C03529
:104D2000C4F8D865D2F87032D2F88C62C4F8B815DD
:104D3000C4F8BC75D2F87C12D2F88072C4F8C435BD
:104D4000C4F8E065D2F87832D2F89062C4F8CC3575
:104D5000C4F8DC05D2F8A432C4F8F005C4F804069F
:104D6000C4F8D015C4F8D475D2F8AC12D2F8B47225
:104D7000C4F8E465D2F89462C4F8E865D2F89862A1
:104D8000C4F8EC65D2F8A062C4F8F465D2F8CC623D
:104D9000C4F8F835C4F82066D2F8A832D2F8D06248
:104DA000C4F8FC35C4F82466D2F8B832D2F8D4621C
:104DB000C4F80C36C4F82866D2F8BC32D2F8DC62EB
:104DC000C4F81036C4F83066D2F8C032D2F8E462C3
:104DD000C4F80016C4F81436D2F8C812D2F8EC326F
:104DE000C4F83866D2F8E862C4F80876C4F81C162D
:104DF000D2F8F012C4F83C66C4F84036D2F8F83263
:104E0000C4F84C36D2F8FC32D2F81863C4F85036E5
:104E1000D2F80033C4F85436C4F86C66D2F80433C0
:104E2000D2F82063DFF8DCE3C4F84416C4F81806AF
:104E3000D2F81013D2F81403C4F85836F04FD2F851
:104E40000C33C4F87466D2F82463C4F85C56C4F812
:104E500034E6C4F84876C4F86036C4F87056D2F820
:104E60003833C4F88456C4F89856C4F86416C4F8A5
:104E70006806D2F83C13D2F84003C4F87866D2F83A
:104E80002863C4F87C66C4F88C36D2F82C63D2F858
:104E90004833C4F88066C4F89C36D2F83463D2F83C
:104EA0004C33C4F88866C4F8A036D2F86463D2F8EC
:104EB0005033C4F8A436C4F8B866D2F85433D2F8E4
:104EC0006863C4F89016C4F89406D2F85C13D2F85C
:104ED0006003C4F8A836C4F8BC66D2F87833D2F8B8
:104EE0007063C4F8D456C4F8E856C4F8AC76C4F875
:104EF000B016C4F8B406D2F87C13D2F88403C4F810
:104F0000C466C4F8CC36D2F88833D2F87463C4F8D7
:104F1000DC36D2F88C33C4F8C866C4F8E036D2F870
:104F2000AC63D2F89033C4F8D806C4F8E436D2F8AB
:104F3000A403D2F89833C4F80067D2F8B063DFF85E
:104F4000C8C2C4F8D016C4F8EC36D2F8A013D2F810
:104F50009C33C4F8F806C4F80467D2F8C803D2F842
:104F6000B463C4F8C0C6C4F8F036C4F8FC56D2F82E
:104F7000C033C4F81057C4F82457C4F8F416C4F862
:104F80000867D2F8C413D2F8B863C4F81C07D2F883
:104F9000CC03DDF80C7CC4F82007D2F8D403C4F8A5
:104FA0001437C4F82807D2F8E033D2F8D8030297B0
:104FB000DDF8107CC4F81817C4F82C07C4F834378F
:104FC000D2F8DC03D2F8E833D2F8EC130597DDF819
:104FD000147CC4F80C67C4F83007DDF8046CD2F810
:104FE000F0030697D2F8F423C4F83857C4F8705782
:104FF000C4F88457C4F85CC7C4F83C37DDF8183CE3
:10500000C4F84017029FC4F86077DDF8347C02973B
:10501000059FC4F86477069FC4F84827C4F86877EA
:10502000DDF8282C029FC4F86C37DDF8543CDDF81D
:10503000201CC4F84407C4F85867DDF8240CDDF8D8
:105040002C6CC4F87C27C4F88877DDF8382CDDF8A0
:105050004C7C0293DDF85C3CC4F87417C4F8780704
:10506000DDF8401CDDF8480CC4F880670593DDF8D6
:10507000506CC4F88C27DDF8602CC4F8A077DDF8FC
:10508000747C0697029FC4F8A877DDF87C7C0297B1
:10509000059FDDF83C3CC4F8B077069FC4F8903714
:1050A000C4F89417DDF8643CDDF8681CC4F89C076C
:1050B000C4F8A467DDF8700CDDF8786CC4F8C87724
:1050C000029FC4F89857C4F8AC57C4F8B427C4F882
:1050D000B837DDF8842CC4F8C057C4F8C407C4F846
:1050E000CC67C4F8D077C4F8BC17DDF88C1CDDF8A9
:1050F000947CDDF8A03C0293C4F8E877DDF8A43C8A
:10510000DDF8BC7C05930697DDF8883C029FDDF84E
:10511000900CDDF89C6CC4F8D827C4F8DC37DDF8B7
:10512000A82CDDF8B03CC4F8E017C4F8F477DDF83B
:10513000B41C059FC4F80058C4F81458C4F8D4E748
:10514000C4F8ECC7C4F8E407C4F8F067DDF8B80C9D
:10515000DDF8C46CC4F8F877C4F8FC27C4F8043848
:10516000C4F80818069FDDF8E43CC4F81078DDF8B0
:10517000DC7C0293C4F83078DDF8007DDDF8C82CC3
:105180000597029FDDF8D01CDDF8CC3CC4F80C0874
:10519000C4F81868DDF8D80CDDF8E06CC4F81C28F9
:1051A000C4F83878DDF8EC2CDDF8087DC4F8285810
:1051B000C4F83C58C4F85058C4F82038C4F824182F
:1051C000DDF8F03CDDF8F41CC4F82C08C4F83468B1
:1051D000DDF8F80CDDF8046D0297C4F84028DDF81E
:1051E0000C2D059FC4F84438C4F86028DDF8283D2C
:1051F000DDF8182DC4F85478C4F86C2806E000BF18
:10520000204A0208084A0208F0490208029FDDF815
:10521000342D0293DDF82C3DC4F85C780593DDF85D
:105220001C7DDDF8143D0792DDF8402DC4F8586868
:105230000DF64858DDF8206DC4F86838C4F8707869
:10524000DDF8303D029FC4F84818C4F84C08C4F893
:10525000645898E80300C4F878E80693C4F87468C2
:10526000C4F87C781646059FDDF8442DC4F8807894
:105270000292069FEC4BC4F88478C4F89038079FDC
:10528000029BC4F8887804F69C020DF55568C4F8B2
:105290009468C4F8983882E8030098E8070004F698
:1052A000A403002683E8070004F6BC0804F6B40350
:1052B00004F6B8020DF55C6983ED008A99E80300F5
:1052C00082ED008ADDF8B87D88ED008AC4F8C45804
:1052D000C4F8CC88C4F8D068C4F8D468C4F8D858E6
:1052E000C4F8E028C4F8E468C4F8F438DDF8BC3D3C
:1052F000D4F8A8280293D4F8A438C4F8C838C4F85D
:10530000DC28D4F8AC38C4F80C7904F61419029FE0
:10531000DFF82C83C4F8E8680DF6C852C4F8EC58DE
:10532000C4F8F868C4F8FC68C4F8F038C4F8088910
:10533000C4F8107989E8030092E8030004F61C130E
:1053400083E8030004F6281204F62C1882ED008A84
:105350000DF61C6388ED008A93E80300D4F81C392D
:105360000293DDF8183EDDF8147E0593C4F8345935
:10537000029BC4F83839D4F82039C4F85029C4F84D
:105380004C39C4F8687904F5176A059FA74AC4F830
:105390003C890DF65C63C4F84069C4F84469C4F8FC
:1053A0004859C4F85469C4F85869C4F86C79C4F809
:1053B00064298AE8030093E80300DDF8249EDDF801
:1053C000543EC4F8789904F5186888ED008AC4F84A
:1053D0009089C4F8A429C4F8A839DDF8582EC4F877
:1053E0008C9904F51B680DF69C63C4F88859C4F8C1
:1053F0009469C4F89869C4F8AC2988E8030093E874
:105400000300DDF8982EDDF8643EDDF8947E02920C
:1054100004F51C68C4F8B83904F51F6288ED008AE9
:10542000DFF82092C4F8CC39C4F8E8790DF6A4630B
:10543000029FC4F8C859C4F8D089C4F8D469C4F824
:10544000D869C4F8E499C4F8EC7982E8030093E8D9
:10545000030004F6F81383E80300F4AB1A4604F6DD
:105460000828DDF8F07E84F8046A0DF6F86188ED0E
:10547000008AC4F8447ADDF8F47E52F81C9DD4F812
:10548000F839C4F8487AC4F8105A03C9C4F8143A71
:10549000D4F8FC39C4F8283A04F6042504F64C2361
:1054A000DFF8A4A1C4F8188AC4F81C6AC4F8206AFA
:1054B000C4F8306AC4F8346AC4F824EAC4F82C5A30
:1054C000C4F840AA83E803009368C4F86C3A5369AF
:1054D000C4F8783AD2E90713D6681569C4F8649A13
:1054E000C4F8706AC4F8745A166BC4F868CAD2E972
:1054F0000905C4F87CEAC4F8801AD16C576BC4F86B
:10550000987A976BC4F89C7AD76BC4F88C5AC4F815
:10551000946AD56D166EC4F8A07A576CC4F8880AE0
:10552000C4F8A87A906D976CC4F8C05AC4F8C46ADD
:10553000D2E91C56C4F8843AC4F8AC7A136DC4F8A6
:10554000BC0A3B4F506EC4F8B01AC4F8B43AC4F861
:1055500090EAC4F8C80AC4F8A47AD2F88C00C4F857
:10556000B87AD76EC4F8D07AC4F8D45A976FD2F804
:105570009850C4F8DC7AC4F8FC5AD2F88070D2F89B
:10558000A050C4F8E47AC4F8045BD2F88470D2F86E
:10559000A850C4F8E87AC4F8F00AD2F88870C4F8C1
:1055A0000C5BD2E92C05C4F8EC7AD2F89470214B4C
:1055B0002149C4F8D86AC4F8F87AD2F89C60D2F8C5
:1055C000AC70C4F8006BC4F8CC3AC4F8F43AC4F830
:1055D000083BC4F8E01AC4F8107BC4F8140BD2F8E6
:1055E000D400C4F8185BD2F8D850C4F83C5BD2F8A9
:1055F000E450C4F8485BD2F8E850C4F84C5B0F4E56
:10560000D2F8EC50D2F8BC70C4F81C6BC4F8441B40
:10561000D2F8DC60C4F8505B02F1FC01D2F8F05023
:10562000C4F8207B12E000BF984A0208C84A02086A
:10563000204A0208384A0208504A0208684A02080A
:10564000B04A0208E04A0208F84A0208C4F8406B6F
:10565000D2F8C070C4F8545B62C9C4F8247BD2F895
:10566000C470C4F8287BD2F8C870C4F82C7BC4F886
:10567000380BD2F8D070D2F8F400C4F8303BC4F83C
:10568000347BC4F85CCBD2F80871C4F8580BC4F86A
:10569000645BD2F82401D2F82C51C4F8601BC4F822
:1056A0006C7BD2F82811D2F81071C4F8880BC4F8BA
:1056B000905B02F59E70D2F83851C4F8747BC4F840
:1056C0008C1BD2F81471C4F89C5B23C8C4F8787B97
:1056D000D2F81871C4F87C7BD2F81C71C4F8686BDE
:1056E000C4F8807BD2F83061BF4FC4F870EBC4F8C7
:1056F00084EBC4F898EBC4F8946BC4F8A00BD2F810
:105700004C61D2F86801C4F8C07BC4F8D47BD2F8ED
:105710005071C4F8A85BC4F8B47BD2F87451D2F8C5
:105720005471C4F8B87BC4F8D85BD2F85871D2F879
:105730007C51C4F8B06BC4F8BC7BD2F87861D2F865
:105740006071C4F8CC0BC4F8E05B02F5C470D2F809
:105750008051C4F8A41BC4F8C47BD2F86C11D2F8F1
:105760006471C4F8DC6BC4F8E45B61C8C4F8ACEBEA
:10577000C4F8C87BC4F8D01BC4F8E83BC4F8FCEB01
:10578000D2F89471C4F8F87BD2F89C71C4F8007C0C
:10579000D2F8A071C4F8F05BC4F8047CD2F8B85118
:1057A000D2F8A471C4F8EC0BC4F8087CD2F8B401A8
:1057B000D2F8A871C4F81C5CD2F8C451C4F8F46BD8
:1057C000C4F80C7CD2F8BC61D2F8B071C4F8180CE3
:1057D000C4F8285CD2F8CC01D2F8C851C4F8103C07
:1057E000C4F8243CC4F8147CC4F8206CC4F82C5CC5
:1057F000D2F8D861D2F8D051C4F8300CD2F8F80100
:10580000C4F8383CD2F8DC71C4F8407CD2F8E071BE
:10581000C4F8447CD2F8E471C4F8487CD2F8EC7146
:10582000C4F8507CD2F8F071C4F8547CD2F8F4710A
:10583000C4F8587CD2F80072C4F8647CD2F81872AC
:10584000C4F8345CC4F87C7CD2F80452D2F81C72E0
:10585000C4F83C6CC4F8685CD2F80862D2F80C5208
:10586000C4F8807CD2F82072C4F84C3CC4F860ECD8
:10587000C4F874ECC4F85C0CC4F86C6CD2F8140274
:10588000C4F8705C0DF5BD61C4F8847CD2F82C724C
:10589000C4F8907CC4F8780CD2F83072C4F8947CC8
:1058A00003C9039FD2F83C22504DDFF85C91C4F845
:1058B0008C5C04F6984B8BE8030007F1080E07F1A7
:1058C0000C0BC4F8A02CC4F8B42CC4F8D49C07F179
:1058D000140207F110091F9F0499C4F8747D002574
:1058E000209FDFF82881424E3F48C4F8B00C04F6F0
:1058F000A84AC4F8D8CCC4F8EC3CC4F8B8ACC4F896
:10590000DC8CC4F8E0ECC4F8F06CC4F8787DC4F822
:10591000A85CC4F8BC5CC4F8C05CC4F8E45CC4F81F
:10592000E85CC4F8341DC4F8003DC4F8143DC4F864
:105930002C3DC4F8403DC4F8543D2E4BDFF8D0E078
:10594000DFF8D0C0C4F8443D0F1D01F108062A4B12
:10595000DFF8C4A0DFF8C480C4F81C2D21A9C4F866
:10596000583D04F67C50C4F8F85CC4F8FC5CC4F8FC
:105970000C5DC4F8105DC4F8205DC4F8245DC4F863
:10598000385DC4F83C5DC4F84C5DC4F8505DC4F8A3
:10599000605DC4F8645DC4F8F4BCC4F804ADC4F838
:1059A000089DC4F8188DC4F828EDC4F830CDC4F8AB
:1059B000487DC4F85C6DFDF705FB01980F49104A5E
:1059C000104BC4F8E00D2046C4F8E85DC4F8D81DBB
:1059D000C4F8DC2DC4F8E43D0DF5B85D05B0BDECB0
:1059E000028BBDE8F08F00BF204A0208804A0208FF
:1059F0007C5A02085056020860560208A04B020862
:105A00007056020891D90008205602082C5A020844
:105A1000CC5A02084056020838560208A85A020812
:105A20002DE9F0438E46DEE90823D1E90176D1E97C
:105A3000035483B08446D1E906010193DEF82C308B
:105A4000CCF82C30CCF80470DEF84430DEF830703E
:105A5000CCF80860DEF83460CCF80C50DEF8385032
:105A6000CCF81040FA4CCCF81800DEF84000CCF826
:105A70001C10CCF84430F749019BCCF82020CCE92D
:105A80000C76CCE90E54CCF82430CCF84000CCF89D
:105A90000010DEF84800DEF86C40DEF87870EE4A60
:105AA000CCF86C40DEE91C56DEF84C40CCF84800DF
:105AB000DEF85400CCF84C40DEF85840DFF8A883FC
:105AC000CCF81420CCE91420DEF85C00CCF8584067
:105AD000DEF86040CCF85C00DEF86400CCF878704A
:105AE000CCE91C56DEF88050CCF88050DEE9215617
:105AF000DEF88C70CCF86040D84CCCF86400CCE96F
:105B00002156CCF82880CCF86840DEE92505CCE9A0
:105B10002505DEE92A65DEF89C00CCF88C70CCF80F
:105B20009C00DEF8A000CCF8A000CCE92A65DEE9F4
:105B30002F65DEF8B000CCF8B000DEF8B400CCF889
:105B4000B400CCE92F65DEF8C400CCF8C400DEE96F
:105B50003465DEF8C800CCF87C40CCE93204CCF8DF
:105B60009040CCF8A440CCF8B840CCE93465DEF8DD
:105B7000E450DEF8D800CCF8E450DEE93A56DEF81E
:105B8000F070CCF8D800DEF8DC00CCF8F070CCE98E
:105B90003A56DEF80C51CCF80C51DEE93E56DEF8F0
:105BA0000071CCF8DC00DEF80401DEF81031CCF82E
:105BB000F850DEF81451CCF8FC60DEF81861CCF82F
:105BC0000071CCF80401A64FA648CCF81031CCF8EF
:105BD0001451CCF81861CCF80801CCF8E070CCF87E
:105BE000F470CCF81C01DEF82431DEF83851DEF810
:105BF0003C61CCF82431DEF82831CCF82831DEF8CD
:105C00002031CCF82031DEF82C31CCF82C31DEF804
:105C10003031CCF83851DEF84051CCF84051DEF844
:105C20004451CCF83C61CCF84451DEF84C51CCF8EE
:105C30004C51DEF85051DEF85461CCF85051CCF89C
:105C40003031DEF85851DEF86031CCF85461DEF8BE
:105C50006461CCF86031CCF85851CCF83471CCF890
:105C60004871CCF85C71CCF86461DEF86861DEF8EC
:105C70006C51CCF86C51CCF86861DEF87461DEF8D8
:105C80007831DEF87C51CCF87461DEF88061CCF8B4
:105C90008061CCF87831DEF88861CCF87C51DEF890
:105CA0008C31DEF89051CCF88861DEF89461CCF844
:105CB0008C31CCF89051DEF89C31CCF89461DEF850
:105CC000A461DEF8A851CCF89C31DEF8AC31CCF8F8
:105CD000A461DEF8B061CCF8AC31CCF8A851CCF8B6
:105CE0007071CCF88471CCF8A071CCF8B061DEF89A
:105CF000B861DEF8BC51CCF8BC51CCF8B861DEF824
:105D0000C051DEF8CC61DEF8C431CCF8C051DEF809
:105D1000D051CCF8D051CCF8C431DEF8D451CCF805
:105D2000CC61DEF8E061DEF8D831CCF8D451DEF891
:105D3000E451CCF8E451CCF8D831DEF8E851CCF895
:105D4000E061DEF8EC31DEF8F461CCF8E851DEF821
:105D5000F851CCF8EC31CCF8F851CCF8B471CCF85F
:105D6000C871CCF8DC71CCF8F071CCF8F461DEF8D5
:105D7000FC61DEF80052DEF81C32CCF80052CCF8A0
:105D80001C32DEF80832CCF8FC61CCF80832DEF8C0
:105D90001432DEF80C52DEF81062CCF81432DEF861
:105DA0002032CCF82032DEF82432CCF82432DEF86F
:105DB0002832CCF82832CCF80C52DEF83052DEF81B
:105DC0003432CCF83052CCF81062DEF83C52DEF8B7
:105DD0003862CCF83432CCF81842CCF82C42CCF8EB
:105DE0003862CCF84042CCF80472CCF83C52DEF871
:105DF0006052DEF84832DEF86462CCF84832DEF8F1
:105E00004C32CCF84C32DEF84432CCF84432DEF876
:105E10005032CCF85032DEF85832CCF86052DEF80E
:105E20006852CCF86852DEF86C52CCF86462CCF858
:105E30006C52DEF87452CCF87452DEF87852DEF808
:105E40007C62CCF87852CCF85832DEF880520DE003
:105E5000704B0208284B0208684A0208084A0208E8
:105E6000384A0208104B0208F0490208DEF888326E
:105E7000CCF87C62DEF88C62CCF88832CCF88052A8
:105E8000CCF85C72CCF87072CCF88472CCF88C626E
:105E9000DEF89062DEF89452CCF89452CCF890621E
:105EA000DEF89C62DEF8A032DEF8A452CCF89C62E8
:105EB000DEF8A862CCF8A862CCF8A032DEF8B062B6
:105EC000CCF8A452DEF8B432DEF8B852CCF8B062A6
:105ED000DEF8BC62CCF8BC62CCF8B432DEF8C46246
:105EE000CCF8B852DEF8C832DEF8CC52CCF8C46236
:105EF000DEF8D062CCF8C832CCF8CC52CCF8D44220
:105F0000CCF89872CCF8AC72CCF8C072CCF8D062F5
:105F1000DEF8D862DEF8DC32DEF8E052CCF8D86287
:105F2000DEF8E462CCF8E462CCF8DC32DEF8EC6255
:105F3000CCF8E052DEF8F032DEF8F452CCF8EC6245
:105F4000DEF8F862CCF8F862CCF8F032DEF80063E4
:105F5000CCF8F452DEF80433DEF80853CCF80063D2
:105F6000DEF80C63CCF80433DEF81833CCF80853B1
:105F7000DEF81C53CCF80C63DEF82063CCF8E84262
:105F8000CCF8FC42CCF81833CCF81C53CCF8148372
:105F9000CCF82063DEF82463DEF82C33CCF82C3305
:105FA000CCF82463DEF83833DEF83063FA4DCCF8F1
:105FB0002853DEF83453CCF83833CCF83063DEF8AD
:105FC0004C33DEF84063CCF83453DEF84853CCF859
:105FD0004C33CCF84063DEF85033DEF85463CCF831
:105FE0005033CCF84403DEF86433DEF86003CCF8B9
:105FF0004853DEF85C53CCF85463DEF86863CCF8A1
:1060000058230EF56172CCF86433CCF85C53CCF8AD
:106010006863CCF86C13CCF86003DEF87003DEF82C
:106020007413DEF8903364CACCF87003DEF878039A
:10603000CCF87413DEF87C13CCF88423CCF88853A6
:10604000CCF88C630EF5667264CACCF89033DEF837
:10605000A433CCF87803DEF8AC03CCF87C13DEF87C
:10606000B013CCF89823DEF8B423CCF89C53CB4D76
:10607000CCF8A433CCF8A063CCF8AC03CCF8B013C4
:10608000CCF88053CCF89453CCF8A873CCF8B42354
:10609000DEF8B823CCF8B823DEF8C013DEF8C4234A
:1060A000DEF8C803DEF8CC63CCF8CC63CCF8C013C0
:1060B000CCF8C423CCF8C803DEF8D413DEF8D82318
:1060C000DEF8DC03DEF8E063DEF8E833CCF8E83332
:1060D000CCF8D413DEF8F033DEF8EC13CCF8D82388
:1060E000CCF8DC03AE4ADEF8F403CCF8E063DEF86B
:1060F000FC63CCF8F033CCF8E453CCF8EC13CCF8D8
:10610000F403CCF8FC63CCF8BC73CCF8D073CCF8B7
:10611000F823DEF80024CCF800240EF2044292E8C2
:1061200003000CF2044282E803000CF58362DEF8FF
:106130001014CCF810144FF000090026C2F800909B
:10614000CCF82414CCF82824CCF82C64DEF84024B5
:10615000DEF84414DEF83804CCF83064CCF840247F
:10616000DEF84824CCF84824CCF84414DEF84C245B
:10617000DEF85814CCF84C24DEF85424CCF838045B
:10618000DEF85C04CCF85C04CCF85424CCF8207421
:10619000CCF83C74CCF85074CCF85814DEF8601489
:1061A000DEF86824CCF86824CCF86014DEF86C249F
:1061B000DEF87014DEF87C04CCF86C24DEF874246D
:1061C000CCF87424CCF87014DEF88024CCF87C046D
:1061D000DEF88414DEF89004CCF88024DEF88824FD
:1061E000CCF88824CCF88414DEF89424CCF89004FD
:1061F000DEF8A404DEF89814CCF89424DEF89C248D
:10620000CCF89C24CCF8A404CCF86474CCF8787452
:10621000CCF88C74CCF89814CCF8A074DEF8A814E0
:10622000DEF8AC24DEF8B004CCF8B004CCF8A81446
:10623000CCF8AC24DEF8B814DEF8BC24DEF8C004D8
:10624000CCF8B814DEF8C414CCF8C414CCF8BC24D0
:10625000DEF8CC14CCF8C004DEF8D024DEF8D40488
:10626000CCF8CC14DEF8D814CCF8D814CCF8D02460
:10627000DEF8E014CCF8D404DEF8E424DEF8E80418
:10628000CCF8E014DEF8EC14CCF8B474CCF8E424C8
:10629000CCF8E804CCF8C874CCF8DC74CCF8EC1476
:1062A000DEF8F414DEF8F824DEF8FC04CCF8F4147C
:1062B000DEF80015CCF80015CCF8F824DEF8081547
:1062C000DEF81C25CCF8FC04DEF82005CCF8081517
:1062D000DEF80C15CCF80C15DEF81015CCF81015FE
:1062E000DEF81415CCF81C25CCF82005DEF82425A2
:1062F000DEF83005CCF82425DEF82825CCF8141576
:10630000DEF83415CCF83415CCF82825CCF8300557
:10631000CCF8F074CCF80475CCF81855CCF82C55A2
:10632000DEF83855DEF84C15DEF85025DEF8540559
:10633000DEF83C35CCF83C35DEF84435CCF84C156D
:10634000CCF85025CCF85405DEF85825DEF86C154D
:10635000DEF87005CCF85825DEF86825CCF83855FD
:10636000DEF86055CCF86825CCF86C15DEF874259D
:10637000CCF87005DEF87C15DEF88005CCF86055A9
:10638000DEF88455CCF87425064ACCF84435CCF8B0
:106390007C15CCF8800507E0884B0208504A0208BB
:1063A000404B0208584B0208CCF84825CCF864252D
:1063B000CCF87825CCF88455DEF88815DEF8900501
:1063C000CCF89005CCF88815DEF89415DEF89C55CD
:1063D000DEF8A405CCF89415DEF89815CCF89815DD
:1063E000CCF89C55DEF8A815CCF8A405DEF8AC5521
:1063F000DEF8B805CCF8A815DEF8B015CCF8B01565
:10640000CCF8AC55DEF8BC15CCF8B805DEF8CC05F8
:10641000DEF8C055CCF8BC15DEF8C415CCF8C415B0
:10642000CCF88C25CCF8A025CCF8B425CCF8C82520
:10643000CCF8CC05CCF8C055DEF8D055DEF8D41534
:10644000DEF8D805CCF8D805CCF8D055CCF8D41562
:10645000DEF8E055DEF8E415DEF8E805CCF8E055A6
:10646000DEF8EC55CCF8EC55CCF8E415DEF8F45534
:10647000CCF8E805DEF8F815DEF8FC05CCF8F455A4
:10648000DEF80056CCF80056CCF8F815CCF8FC0530
:10649000DEF80836DEF80C16DEF81006DEF81456C4
:1064A000CCF80836CCF8DC25CCF8F025CCF804265E
:1064B000CCF80C16CCF81006CCF81456DEF81C16E6
:1064C000DEF82426DEF82806DEF84C56CCF81C163A
:1064D000DEF82C16CCF82426DEF83026CCF8280678
:1064E000DEF83806DEF84036CCF82C16DEF83C161E
:1064F000CCF83026CCF83806DEF85026DEF8440614
:10650000CCF84C56DEF86056CCF84036CCF8502625
:10651000DEF85436FC4ACCF83C16DEF85816CCF8B7
:106520002046CCF85436CCF84406CCF86056CCF86B
:106530003426CCF84876CCF85816CCF85C76DEF8E1
:106540006416DEF86856DEF86C06CCF86C06CCF8FB
:106550006856CCF86416DEF87456DEF87816DEF865
:106560007C06CCF87456DEF88056CCF88056CCF811
:106570007816DEF88856CCF87C06DEF88C16DEF845
:106580009006CCF88856DEF89456DEF8A436CCF89F
:106590008C16DEF89C16CCF89006DEF8A006CCF837
:1065A0009456DEF8A856CCF8A436CCF89826CCF849
:1065B0009C16CCF8A006CCF87076CCF88476CCF893
:1065C000A856DEF8C826DEF8B836DEF8C416DEF8BF
:1065D000B006DEF8B456CCF8B836DEF8BC36CCF8E7
:1065E000C826DEF8CC26CCF8C416CCF8CC26DEF8CB
:1065F000D026CCF8D026DEF8D826CCF8D826DEF87F
:10660000DC26CCF8DC26DEF8E026DEF8EC16CCF84A
:10661000B006CCF8E026DEF8F006DEF8E426CCF88A
:10662000BC36CCF8B456CCF8E426CCF8F006CCF85E
:10663000AC86CCF8C076CCF8D476CCF8E876CCF83A
:10664000EC16DEF8F416DEF8F826CCF8F826CCF8CE
:10665000F416DEF80017DEF80427DEF80807DEF887
:106660000C57CCF80017DEF81417CCF80427CCF838
:106670000807CCF80C57DEF81827DEF81C07DEF800
:106680002057CCF81417DEF82817CCF81827CCF8C8
:106690001C07CCF82057DEF82C27DEF83007DEF890
:1066A0003457CCF82817DEF84417CCF8FC76CCF831
:1066B0002C27CCF83007CCF83457CCF81077CCF82E
:1066C0002477CCF84417DEF86427DEF85437DEF878
:1066D0006017DEF84C07DEF85057CCF85437DEF878
:1066E0005837CCF86427DEF86827CCF86017CCF868
:1066F0006827DEF86C27CCF86C27DEF87427CCF816
:106700007427DEF87827CCF87827DEF87C27DEF8C7
:106710008817CCF84C07CCF87C27DEF88C07DEF81D
:106720008027CCF85837CCF85057CCF88027CCF8D5
:106730008C07CCF84887CCF85C77CCF87077CCF82D
:106740008477CCF88817DEF89017DEF89427CCF819
:106750009427CCF89017DEF89C17DEF8A027DEF817
:10676000A407DEF8A857CCF89C17DEF8B017CCF8D1
:10677000A027CCF8A407CCF8A857DEF8B427DEF899
:10678000B807DEF8BC57CCF8B017DEF8C417CCF861
:10679000B427DEF8C827CCF8B807DEF8CC07CCF869
:1067A000BC57DEF8D057CCF8C417DEF8D417CCF8B5
:1067B000C047CCF8C827CCF8CC07CCF8D057CCF8D9
:1067C0009877CCF8AC77CCF8D417DEF8F427DEF85D
:1067D000E437DEF8F017DEF8DC07DEF8E057CCF837
:1067E000E437DEF8E837CCF8F427DEF8F827CCF801
:1067F000F017CCF8F827DEF8FC27CCF8FC27DEF8F9
:106800000428CCF80428DEF80828CCF80828CCF8AE
:10681000E837DEF80C38DEF81828DEF81C18CCF85B
:106820000C38DEF81038CCF81038CCF8DC07CCF88F
:10683000E057CCF81C18CCF8D887CCF8EC77CCF81B
:106840000078CCF81478CCF81828DEF82028DEF888
:106850002438CCF82028DEF82C18DEF83028CCF8C4
:106860002438DEF83438DEF83808CCF82C18CCF8A8
:106870003028CCF834380EF504610EC9CCF838084D
:10688000DEF84C08CCF84C08CCF84018CCF844287A
:10689000CCF84838DEF85828DEF85C38DEF86008B6
:1068A000DEF85418CCF85418CCF85828CCF85C38DA
:1068B000CCF86008CCF86448CCF82878CCF83C7860
:1068C000CCF85078DEF86818DEF86C28DEF87038FE
:1068D000DEF874080D4DCCF86818DEF88018CCF896
:1068E0006C28DEF88428CCF88428CCF87038CCF8F2
:1068F0007C58CCF87408CCF880180EF6880393E81E
:1069000003000CF6880303E0204A0208984A0208B4
:1069100083E803000EF5096393E807000CF50963AB
:1069200083E807000CF50A610CF6A4000CF6A80237
:10693000C1F80090C0F80090C2F80090DCF89038E0
:10694000CCF8B828CCF8B438DCF89428DCF89838BF
:10695000CCF8B078CCF8BC68CCF8CC08CCF8C82817
:10696000CCF8DC38DEF8FC28DEF8F838FA48CCF849
:10697000C068CCF8D068CCF8D468CCF8E468CCF81F
:10698000E868CCF8F838CCF8FC28CCF8E018CCF85B
:10699000C478CCF8D878CCF8F4080EF5106393E8F6
:1069A00003000CF5106383E803000EF6081393E868
:1069B00003000CF6081383E803000CF618120CF61B
:1069C0001410E64DC0F80090C2F80090DCF80839C9
:1069D000DCF80C19CCF82829CCF82C69CCF824392F
:1069E000CCF82079CCF83069DEF85429DEF8583933
:1069F000CCF85839CCF85429CCF84069CCF8446923
:106A0000CCF85059CCF83C09CCF83819CCF834798A
:106A10000EF65C1393E803000CF65C1383E80300A6
:106A20000CF66C13DEF86429DEF89409DEF8981988
:106A3000CCF86429C3F80090CCF87829CCF87C39DC
:106A4000CCF88069CCF88469CCF89059CCF89409DA
:106A5000CCF87479CCF898190EF69C1393E80300DF
:106A60000CF69C1383E803000CF6AC13DEF8A429A3
:106A7000CCF8A429BA4DDEF8D409DEF8D819C3F849
:106A80000090CCF8B829CCF8BC39CCF8C069CCF867
:106A9000C469CCF8D059CCF8B479CCF8D409CCF886
:106AA000D8190EF6DC1393E803000CF6DC1383E828
:106AB00003000EF6E41393E803000CF6E41383E8F6
:106AC00003000CF6F4138CF8F069C3F80090DCF8BE
:106AD000E419DCF8E829CCF8043A0CF51F60CCF88E
:106AE000086ACCF80C6ACCF8104ACCF81C6ACCF8CE
:106AF000001ACCF8142ACCF8180ACCF8FC79994979
:106B0000CCF8206ADEF8302ADEF8343ACCF8343A91
:106B1000CCF8302ACCF82C1A0EF6382393E8030070
:106B20000CF6382383E80300DEF8603ADEF86C2ABE
:106B3000DEF8505ADEF8580ADEF85C1ACCF8603AF3
:106B4000DEF8643ACCF86C2ADEF8702ACCF8702AA9
:106B5000DEF8742ACCF8505ADEF8785ACCF8580A85
:106B6000DEF8800ACCF8742ACCF85C1ACCF8684AB3
:106B7000CCF8785ACCF87C4ACCF8800ACCF8643A45
:106B8000CCF8548ADEF8943ADEF8842ADEF8981AB3
:106B9000DEF89C0ADEF8A05ACCF8842ADEF8882AAF
:106BA000CCF8882ADEF88C2ACCF8943ACCF8981ADB
:106BB000CCF89C0ACCF8A05ADEF8A83ADEF8AC1A59
:106BC000DEF8B00ADEF8B45ACCF88C2ADEF8BC2A1B
:106BD000CCF8A83ADEF8C03ACCF8AC1ADEF8C41A01
:106BE000CCF8B00ADEF8C80ACCF8B45A5E4DCCF83E
:106BF000BC2ACCF8C03ACCF8C41ACCF8905ACCF8DD
:106C0000A45ACCF8B87ACCF8C80ADEF8F02ADEF834
:106C1000E43ADEF8E81ADEF8EC0ACCF8F02ADEF8FE
:106C2000D02ACCF8D02ADEF8D42ACCF8D42ADEF840
:106C3000D82ACCF8D82ADEF8DC2ACCF8E43ACCF80A
:106C4000E81ACCF8EC0ADEF8F83ADEF8FC1ADEF8BE
:106C5000000BCCF8DC2ADEF8042BCCF8042BCCF8A3
:106C6000F83ADEF80C2BCCF8FC1ACCF8000BDEF866
:106C7000101B3E483E4BCCF80C2BCCF8101BCCF82C
:106C8000CC0ACCF8E07ACCF8F47ACCF8083BDEF801
:106C9000183BDEF8142BDEF8201BCCF8142BDEF8A2
:106CA000242BCCF8242BCCF8183BDEF8342BDEF860
:106CB000283BCCF8201BDEF82C1BCCF8342BCCF86E
:106CC000283BDEF8442BDEF8383BCCF82C1BDEF8F2
:106CD0003C1BCCF8300BDEF8400BCCF8442BCCF846
:106CE000383BDEF8582BDEF84C3BCCF83C1BDEF88A
:106CF000501BCCF8400BDEF8540BCCF81C7BCCF8C6
:106D0000582BCCF84C3BCCF8501BCCF8488BCCF82B
:106D1000540BDEF8601BDEF8643BCCF8643BCCF827
:106D2000601BDEF8683BDEF86C0BDEF8781BCCF8F5
:106D3000683BDEF8743BCCF8743BCCF86C0BDEF8A7
:106D40007C3BCCF8781BDEF8800BDEF88C1BCCF893
:106D50007C3BDEF8883B0DE0B04A0208C84A0208D6
:106D6000E04A0208F84A0208204A0208504A02088B
:106D7000684A0208CCF8883BCCF8800BDEF8903BE0
:106D8000CCF88C1BDEF8940BDEF8A01BCCF8903B03
:106D9000DEF89C3BCCF89C3BCCF85C4BCCF8704BC1
:106DA000CCF8844BCCF8940BCCF8984BCCF8A01BC7
:106DB000DEF8B03BDEF8BC2BDEF8B41BDEF8B80B17
:106DC000CCF8BC2BDEF8A42BCCF8A42BDEF8A82B37
:106DD000CCF8B03BDEF8C43BCCF8B41BCCF8B80B15
:106DE000DEF8C81BDEF8CC0BCCF8A82BDEF8D02BD5
:106DF000CCF8C43BDEF8D83BCCF8D02BCCF8C81B81
:106E0000DEF8E42BDEF8DC1BCCF8CC0BDEF8E00B74
:106E1000CCF8D83BCCF8AC5BCCF8C05BCCF8E42B1E
:106E2000CCF8DC1BCCF8E00BCCF8E84BCCF8D47BEE
:106E3000DEF8003CDEF8F02BDEF8041CDEF8080C6F
:106E4000CCF8F02BDEF8F42BCCF8F42BDEF8EC2B9E
:106E5000CCF8EC2BDEF8F82BCCF8003CDEF80C3C40
:106E6000CCF8041CCCF80C3CDEF8143CCCF8080C34
:106E7000CCF8143CDEF8183CCCF8183CDEF81C3C8E
:106E8000CCF81C3CDEF8281CDEF8203CDEF82C0C8C
:106E9000CCF8F82BDEF8302CCCF8302CCCF8203C99
:106EA000CCF8281CCCF8FC7BCCF8107CCCF8247CEB
:106EB000CCF82C0CDEF8343CDEF83C2CDEF8541C0C
:106EC000DEF8580CCCF8343CDEF8503CCCF83C2CC6
:106ED000DEF85C2CCCF85C2CDEF8402CCCF8402C96
:106EE000DEF8442CCCF8442CDEF8482CCCF8503C8E
:106EF000DEF8643CCCF8541CCCF8580CDEF8681C66
:106F0000DEF86C0CCCF8482CDEF8702CCCF84C4C2D
:106F1000CCF8604CCCF8643C8B4CDEF87C3CCCF874
:106F2000702CCCF8681CCCF86C0CCCF8784CCCF8F5
:106F3000387CCCF87C3CDEF8803CCCF8803C0EF60B
:106F4000844393E803000CF6844383E803000CF6C3
:106F50009443DEF88C4CDEF8C02CDEF8CC1CDEF856
:106F6000D00CCCF8C02CDEF8C82CCCF89C5CCCF84B
:106F70008C4CDEF8DC5CCCF8A04CDEF8D44CCCF8C1
:106F8000946CCCF8A86CCCF8AC6CCCF8A43CDEF8D3
:106F9000E06CDEF8E43CCCF8C82CCCF8CC1CCCF887
:106FA000D00CCCF8D44CCCF8DC5CCCF8E06CCCF851
:106FB000C48CCCF8D87CCCF8E43CDEF8E83CCCF8C7
:106FC000E83CDEF8F03CDEF8F41CDEF8F82CCCF8F7
:106FD000F03CDEF8FC3CCCF8FC3CCCF8F41CDEF8D1
:106FE000043DCCF8F82CDEF8081DDEF80C2DCCF8AA
:106FF000043DDEF8103DCCF8103DCCF8081DDEF85D
:107000001C3DCCF80C2DDEF8140DDEF8201DDEF84A
:10701000242DCCF81C3DDEF8283DCCF8283DCCF8DA
:10702000140DCCF8201DCCF8242DCCF8EC7CCCF839
:10703000007DCCF8187DCCF82C7DDEF8303DCCF806
:10704000303DDEF8340DDEF8381DDEF83C2DDEF87C
:10705000443DCCF8340DCCF8381DCCF83C2DDEF88E
:10706000480DDEF84C1DDEF8502DCCF8443DDEF81E
:107070006C3DCCF8480DCCF84C1DCCF8502D0EF5DD
:107080005761DEF8604DDEF8640DCCF86C3D0EC93A
:10709000DEF8805DCCF8604DCCF8640DCCF8701D46
:1070A000CCF8742DCCF8783DCCF8407DCCF8687DD8
:1070B000CCF87C7DCCF8805DDEF8841DDEF8882D70
:1070C000DEF88C3DCCF88C3DCCF8841DCCF8882DB6
:1070D000DEF8940DDEF8981DDEF89C2DDEF8A03D5C
:1070E000CCF8A03DCCF8940DCCF8981DCCF89C2D94
:1070F000DEF8C83DDEF8A84DDEF8AC0DDEF8B01DB8
:10710000DEF8B42DDEF8CC5D104ECCF8C83DCCF8DE
:10711000907DCCF8A47DCCF8A84DCCF8AC0DCCF883
:10712000B01DCCF8B42DCCF8C46DCCF8CC5D0EF508
:107130005D6E9EE803000CF55D6383E80300604626
:1071400003B0BDE8F08300BF804A0208A04B0208EC
:107150002DE9F04F2DED028BADF5695D87B00DF592
:10716000F256DFF83083DFF830A3D8F800109FED37
:10717000AB8ADFF828B31836044606F118039AA83C
:107180000B93FBF749FF9C9A9E9FF2609D9A9B98F8
:10719000A34BB060C6E90427A24F77600DF5835575
:1071A0009FA90B983360FEF73BFCD8F804102846E3
:1071B000FBF732FF0DF5315C0DF5845218320CF1FE
:1071C000240CA2F12401AA68CCF800200DF5315C52
:1071D0000CF1200C6868CCF800000DF5315C0CF166
:1071E0001C0CCCF800700DF5315718378E4B3B60F6
:1071F000D5E903250DF5315328331A600DF53153C8
:107200002C330DF531501D603030FEF709FC874BF3
:1072100054A81968FBF75EFE559A01925B9A029298
:107220005C9A03925D9A04925E9A0592619A069224
:10723000629A0792639A0892649A0992669A56989B
:10724000579D5899599F0A92019A78920D9079907A
:107250000E957A950F917B911097029D0399049852
:107260007E957F91059D07998090089881950DF1F5
:107270005809099D859168AB86906D496D487C974A
:107280008795069F769188906B4D49F8045993E84D
:107290000300679D84970A9F684A89970DF50F78C8
:1072A0008BAF0C956A9D77928392CDF8F4A1CDF8BF
:1072B0004C8292950C9D0C9787E80300604FC9F8AB
:1072C0000870604FC9F82470C9F83C705E4F919700
:1072D0001CA85E4F11958A95C9F82C00929D5C48B8
:1072E0001597DFF8BC81564F8D9516A90025C9F872
:1072F0000C802C97DFF8AC81534FC9F810501C312B
:10730000C9F84410C9E90755C9E90C55C9F84850EE
:10731000C9F81480C9F82880C9F81800C9F84000D5
:10732000C9F84C508F95949595952E95CDE93005DB
:107330003397484F2B97424F41970DF1C408464968
:10734000414F2D91CDF8D48032A9DFF85C81489768
:1073500046AF3B91CDF8BC80CDF8D0804A97DFF89E
:107360004C813E493E4F42914097CDF81081CDF877
:1073700024813C4F3C493A900DF58E7845902A97F0
:107380003F974F90CDE93655CDE93C558DED328A8A
:10739000CDF8E4B0439546958DED478A4B954C95D5
:1073A000CDF838B1314851952160CDF84081304950
:1073B000DFF8FC806060A160C4F814802D482E497D
:1073C000DFF8F080A061E161C4F82C802B482C49E3
:1073D000DFF8E48020632164C4F8448029482A4906
:1073E000DFF8D8806065A1652848C4F8688028491E
:1073F000DFF8CC80A062E06320656066E166A0678C
:10740000C4F88C005295C4E90355C4E90855C4E991
:107410000D55C4E91255C4E9175553E000000000AA
:10742000C84D0208104B0208E04D0208F409002084
:107430003C4E0208B84B02086C4C0208F0490208A6
:1074400088120020204A0208884B0208004C0208DB
:1074500094560208844C02080515010855190108C4
:107460009C4C0208184C0208504A0208B44C02080E
:1074700000020020C44C020870120020611000209D
:10748000E84C0208FC4C020863100020684A02081D
:10749000235002080C090020704B0208384A0208E9
:1074A000151501087C4C0208D85A0208AC4C020899
:1074B000E84B0208D44C020862100020104D02086C
:1074C000244D0208EF49C4F8A000C4F87C80DFF81E
:1074D0002884C4F88010C4F89080EB49DFF81C843D
:1074E000C4F89410C4F8A480E849DFF81484C4F800
:1074F000A810C4F8B880E649DFF80884E54AC4F863
:10750000BC10C4F8CC80E449DFF8FC83C4F8D01088
:10751000C4F8DC80E149DFF8F483C4F8E410C4F86F
:10752000B480C4F8C880DE49C4F8F81002F1040839
:10753000C4F8FC80DB49C4F8E0A002F10808C4F8F4
:10754000E820C4E91C55C4E92155C4E92655C4E91D
:107550002B55C4E93055C4E93555C4F8EC50C4F88E
:10756000F050C4F80C11C4F81081CF49C4F82011B0
:1075700002F10C08C4F82481CC49C4F8341102F19A
:107580001008C4F83881CA49C4F8481102F1140837
:10759000C4F84C81C749DFF878E3C4F85C1102F104
:1075A0001808C4F86081C449C4F8701102F12408B5
:1075B000C4F87481C149DFF85CC3C4F8F4A002F1D7
:1075C0001C082032C4F808A1C4F81CA1C4F830A1DA
:1075D000C4F844A1C4F858A1C4F86CA1C4F8F001DF
:1075E000C4F88411C4F80051C4F80451C4F814510B
:1075F000C4F81851C4F82851C4F82C51C4F83C51AF
:10760000C4F84051C4F85051C4F85451C4F86451FE
:10761000C4F86851AA48C4F88881AA49C4F89C21D2
:10762000DFF8F482A84BC4F898010EF104020EF1C1
:107630000800C4F8A811C4F8C481C4F8B4E1C4F8BF
:10764000C821A249A24ADFF8D482DFF8D4E2C4F804
:10765000DC01C4F8D811C4F8EC810CF104010CF180
:107660000808C4F8F4E1C4F8B0210CF10C0EC4F819
:10767000F8C1C4F81C229748DFF8A8C2964AC4F89B
:1076800080A1C4F894A1C4F8ACA1C4F8C0A1C4F806
:10769000D4A1C4F80802C4F87851C4F87C51C4F8E5
:1076A0008C51C4F89051C4F8A051C4F8A451C4F846
:1076B000B851C4F8BC51C4F8CC51C4F8D051C4F886
:1076C000E051C4F8E451C4F8FC518448C4F80C12E9
:1076D000C4F82082C4F834E2A3F10408C4F830C22C
:1076E000C4F84822A3F1030C7D4A7E49DFF838E252
:1076F000C4F85002C4F86412C4F86882991EC4F831
:1077000078E2C4F87CC203F1040EC4F86022C4F825
:107710007422C4F888227448DFF81082DFF810C29F
:10772000C4F8543203F10802C4F804A2C4F818A241
:10773000C4F82CA2C4F88C02C4F89012C4F8005209
:1077400003F10C01C4F81052C4F81452C4F82452C6
:10775000C4F82852C4F83852C4F83C52C4F84CB2A9
:10776000C4F85852C4F85C52C4F86C52C4F8705251
:10777000C4F88052C4F884525C48C4F8A08203F173
:107780001408C4F8A4E2C4F8B4C203F1180EC4F893
:10779000B822DFF8A0C1C4F8C40203F11C025448A7
:1077A000C4F8D012C4F8E4825249DFF88C81C4F8DE
:1077B000F8E2C4F80CC3DFF884E1C4F8182303F13D
:1077C000240C03F12802C4F8F4E2C4F8C802C4F897
:1077D0001003C4F8CC12C4F8E082C4F81413C4F83F
:1077E0002883C4F89452C4F89852C4F89CB2C4F8E0
:1077F000A852C4F8AC52C4F8B0B2C4F8BC52C4F831
:10780000C052C4F8D452C4F8D852C4F8DCB2C4F898
:10781000E852C4F8EC52C4F8F0B2C4F8FC52C4F810
:107820000053C4F83CE3C4F82CC3C4F84023DFF889
:1078300010C1C4F854C303F12C0203F1340CC4F892
:10784000602303F13802C4F874C3C4F88823DFF856
:10785000F4C0C4F884E303F13C02C4F85803C4F84C
:107860005C13C4F87083C4F8A003C4F8A413C4F86C
:107870009CC3C4F8A823C4F81C53C4F82053C4F80C
:1078800024B361E024500208255002082650020863
:10789000240A0020FC09002000090020A04D020855
:1078A000A84D0208B84D0208D04D0208E84D020864
:1078B000004E0208144E02082C4E0208404E0208E8
:1078C000584E0208104E020838020020804E02086E
:1078D000704E02089C4E0208CC5A0208B84E0208AC
:1078E000084A0208CC4E0208F44E0208544F02081F
:1078F000D04B0208584C0208384D02084C4D020883
:10790000644D0208784D0208904D0208284B020889
:10791000B0370020F4380020784E0208904E02085C
:10792000944E0208AC4E0208D84E0208144F0208CA
:10793000344F0208684F0208644C0208684C020881
:107940007C4F0208904F0208C4F83053C4F83453F7
:10795000C4F838B3C4F84453C4F84853C4F8645363
:10796000C4F86853C4F86CB3C4F87853C4F87C53B3
:10797000C4F880B3C4F88C53C4F89053C4F8AC5323
:10798000C4F8B053C4F8B4B3C4F8E803C4F8EC13B3
:10799000C4F83004C4F83414CF48C4F8E40303F145
:1079A000AC01C4F8F013CD48C4F82C0403F1BC01B9
:1079B000C4F83814D6E9041003F1440C03F148026A
:1079C000C4F8BCC3C4F8D02303F1B40C03F1B8026B
:1079D000C4F8CCE3C4F814E4C4F804C4C4F8B8830D
:1079E000C4F80084C4F81824C4F8C053C4F8C453BD
:1079F000C4F8C8B3C4F8D453C4F8D853C4F8F45383
:107A0000C4F8F853C4F8FCB3C4F80854C4F80C54D0
:107A1000C4F810B4C4F81C54C4F82054C4F83C543E
:107A2000C4F88814F168C4F8841403F1C802B1687A
:107A3000AB4F3668C4F85CE4C433C4F88014C4F8AF
:107A400048840B99C4F87C74C4F88C04C4F8786436
:107A5000C4F86024C4F84C34C4F84054C4F844B4A6
:107A6000C4F85054C4F85454C4F858B4C4F8645416
:107A7000C4F8685404F59260FDF7D2FF0DF5315259
:107A8000183216680DF531522032D2F800C00DF5CB
:107A9000315241F278212432665016680DF5315288
:107AA0002832D2F800800DF531522C3241F27C2080
:107AB00017688B4A22500DF5315E23180EF1300EF7
:107AC000C3E901C6C3E90387714603F11400FDF75A
:107AD000A7FF04F503522432129242F2780E8D9AD7
:107AE0000C9B0C927F4A44F80E2004F5015C18AA06
:107AF00042F27C0E0CF13C0C13927B4A44F80E20AF
:107B00000D9ACCF808200E9ACCF80C200F9ACCF8DD
:107B10001020019ACCF8042042F2900C04F5025790
:107B2000109A44F80C20143742F2940C029A44F84C
:107B30000CA07A60039ABA60049AFA6042F2AC0828
:107B4000059A3A6104EB0806D3E90001664A44F855
:107B5000082004F5035303F10C0E069ACDF82CE02F
:107B60007260079AB260089AF260099A32610A9EBE
:107B70005E605E4E1E600B9E119A9A6004F5035E75
:107B8000C6E90001129A0C99596142F2E40C42F2E2
:107B9000DC00574B44F80C300EF11C0E255004F558
:107BA0000456C2F808E042F20810DFF860E1DFF89E
:107BB00060C1516008361399C2E90355235004F59A
:107BC0000452C6E901EC42F21C1E1C32F56035611C
:107BD00003C9484E44F80E60474E56602DAB02F183
:107BE0000C07464E966087E8030093E80300D9F837
:107BF000147004F50553019342AB05933B46D9F845
:107C000018705361CDE9027342F2701A04EB0A0E48
:107C10000EF10C030493029B936142F2381242F27C
:107C20003C18A550019A039B44F8085004F50459E8
:107C3000536009F13809019B314A1A604F463B46AF
:107C4000019F42F2581CBB60029BFD6004EB0C06D6
:107C500004EB08093D6144F80C202A4F2A4AC6E982
:107C6000013904F50859C6E9035509F1340944F806
:107C70000A70CEF80420049ACDF820901F4ECEF85A
:107C8000086004F5095982E80300CDF8249004F552
:107C9000075204F50959043209F110090292CDF88E
:107CA000289004F5085204F50959183209F12C09F5
:107CB0000792CDF82C90DDE92F92CEF81490CEF8F3
:107CC000182004F5065E0EF10C0ECDF810E042F21D
:107CD0008C1E04F5065C1DE0A44F0208BC4F020890
:107CE000104B02083C4E0208F0490208B84B02084B
:107CF000884B0208004C02086C4C020888120020D5
:107D0000204A0208184C0208844C0208D44F02088A
:107D10005810002044F80E5004F5075342F2941E08
:107D20000599449E03920CF1140C04F5065828336F
:107D30004B4A88ED048A069344F80E2004F5085354
:107D40000596049A459E019303C90C96CCF80490BD
:107D5000029ECCF80820CCE9035542F2AC1C039AF1
:107D600044F80CB004F506572C3708F1100842F21D
:107D7000C41CC7E90128C7E903553A4F44F80C7001
:107D8000394F776006F10C03384FB760324683E80D
:107D9000030042F2E01C059971610C9E966144F863
:107DA0000C5042F2E81C04F5075A2D4A8AED098A64
:107DB00044F80C20069ADFF8D8905160134604F579
:107DC000075E0EF1200EC3F808E0019BD5600AF1B2
:107DD000240A42F218211561C3E900B6C3E902A5DD
:107DE0001D61234B6350079A2249516042F2242CB3
:107DF0002149976044F80C1042F22821089A6550F6
:107E000042F23421099E63501C4951601C4997601D
:107E1000316042F244210A9A655042F2502142F206
:107E20005C2663501749516017499760A15142F28F
:107E30006021164A655042F26C21204663500B9B2C
:107E40009F605A6042F2782344F8039042F27C2308
:107E5000E5500DF5695D07B0BDEC028BBDE8F08F14
:107E6000884B0208184C02089C4C0208881200201B
:107E7000304C0208E44F020851190108F84F02087B
:107E80004D1901080C500208E114010814500208B1
:107E90004919010830B49A4202F1010438BF41F88F
:107EA00022009C423CBF00F1140541F82450941C70
:107EB000A34284BF00F12C0541F82450D41CA342F6
:107EC00084BF00F1400541F82450141DA34284BF33
:107ED00000F1540541F82450541DA34284BF00F121
:107EE000680541F82450941DA34284BF00F17C052D
:107EF00041F82450D41DA34284BF00F1900541F8FD
:107F0000245002F10804A34284BF00F1A40541F803
:107F1000245002F10904A34284BF00F1B80541F8DE
:107F2000245002F10A04A34284BF00F1CC0541F8B9
:107F3000245002F10B04A34284BF00F1E00541F894
:107F4000245002F10C04A34284BF00F1F80541F86B
:107F5000245002F10D04A34284BF00F5867541F858
:107F6000245002F10E04A34284BF00F5907541F83D
:107F7000245002F10F04A34284BF00F59A7541F822
:107F8000245002F11004A34284BF00F5A47541F807
:107F9000245002F11104A34284BF00F5B27541F8E8
:107FA000245002F11204A34284BF00F5BC7541F8CD
:107FB000245002F11304A34284BF00F5C67541F8B2
:107FC000245002F11404A34284BF00F5D07541F897
:107FD000245002F11504A34284BF00F5DA7541F87C
:107FE000245002F11604A34284BF00F5E47541F861
:107FF000245002F11704A34284BF00F5EE7541F846
:10800000245002F11804A34284BF00F5F87541F82A
:10801000245002F11904A34284BF00F5017541F810
:10802000245002F11A04A34284BF00F5087541F8F8
:10803000245002F11B04A34284BF00F50D7541F8E2
:10804000245002F11C04A34284BF00F5127541F8CC
:10805000245002F11D04A34284BF00F5177541F8B6
:10806000245002F11E04A34284BF00F51C7541F8A0
:10807000245002F11F04A34284BF00F5217541F88A
:10808000245002F12004A34284BF00F5267541F874
:10809000245002F12104A34284BF00F52B7541F85E
:1080A000245002F12204A34284BF00F5307541F848
:1080B000245002F12304A34284BF00F5367541F831
:1080C000245002F12404A34284BF00F53B7541F81B
:1080D000245002F12504A34284BF00F5427541F803
:1080E000245002F12604A34284BF00F5477541F8ED
:1080F000245002F12704A34284BF00F54C7541F8D7
:10810000245002F12804A34284BF00F5517541F8C0
:10811000245002F12904A34284BF00F5567541F8AA
:10812000245002F12A04A34284BF00F55B7541F894
:10813000245002F12B04A34284BF00F5607541F87E
:10814000245002F12C04A34284BF00F5657541F868
:10815000245002F12D04A34284BF00F56A7541F852
:10816000245002F12E04A34284BF00F56F7541F83C
:10817000245002F12F04A34284BF00F5797541F821
:10818000245002F13004A34284BF00F5806541F819
:10819000245002F13104A34284BF00F2144541F897
:1081A000245002F13204A34284BF00F5856541F8F2
:1081B000245002F13304A34284BF00F23C4541F84D
:1081C000245002F13404A34284BF00F58A6541F8CB
:1081D000245002F13504A34284BF00F2644541F803
:1081E000245002F13604A34284BF00F58F6541F8A4
:1081F000245002F13704A34284BF00F28C4541F8B9
:10820000245002F13804A34284BF00F5946541F87C
:10821000245002F13904A34284BF00F2B44541F86E
:10822000245002F13A04A34284BF00F5996541F855
:10823000245002F13B04A34284BF00F2DC4541F824
:10824000245002F13C04A34284BF00F59E6541F82E
:10825000245002F13D04A34284BF00F20C5541F8C2
:10826000245002F13E04A34284BF00F5A56541F805
:10827000245002F13F04A34284BF00F23C5541F870
:10828000245002F14004A34284BF00F5AA6541F8DE
:10829000245002F14104A34284BF00F2645541F826
:1082A000245002F14204A34284BF00F5AF6541F8B7
:1082B000245002F14304A34284BF00F28C5541F8DC
:1082C000245002F14404A34284BF00F5B46541F890
:1082D000245002F14504A34284BF00F2B45541F892
:1082E000245002F14604A34284BF00F5B96541F869
:1082F000245002F14704A34284BF00F2E45541F840
:10830000245002F14804A34284BF00F5BF6541F840
:10831000245002F14904A34284BF00F20C6541F8E5
:10832000245002F14A04A34284BF00F5C46541F819
:10833000245002F14B04A34284BF00F2346541F89B
:10834000245002F14C04A34284BF00F5C96541F8F2
:10835000245002F14D04A34284BF00F25C6541F851
:10836000245002F14E04A34284BF00F5CE6541F8CB
:10837000245002F14F04A34284BF00F2846541F807
:10838000245002F15004A34284BF00F5D36541F8A4
:10839000245002F15104A34284BF00F2AC6541F8BD
:1083A000245002F15204A34284BF00F5D86541F87D
:1083B000245002F15304A34284BF00F2D46541F873
:1083C000245002F15404A34284BF00F5DD6541F856
:1083D000245002F15504A34284BF00F20C7541F809
:1083E000245002F15604A34284BF00F5E46541F82D
:1083F000245002F15704A34284BF00F2347541F8BF
:10840000245002F15804A34284BF00F5E96541F805
:10841000245002F15904A34284BF00F25C7541F874
:10842000245002F15A04A34284BF00F5EE6541F8DE
:10843000245002F15B04A34284BF00F2847541F82A
:10844000245002F15C04A34284BF00F29C7541F801
:10845000245002F15D04A34284BF00F5F66541F8A3
:10846000245002F15E04A34284BF00F2C47541F8B7
:10847000245002F15F04A34284BF00F5FB6541F87C
:10848000245002F16004A34284BF00F2EC7541F86D
:10849000245002F16104A34284BF00F5006541F855
:1084A000245002F16204A34284BF00F6140541F88F
:1084B000245002F16304A34284BF00F6280541F86A
:1084C000245002F16404A34284BF00F5046541F81E
:1084D000245002F16504A34284BF00F6740541F8FC
:1084E000245002F16604A34284BF00F6880541F8D7
:1084F000245002F16704A34284BF00F69C0541F8B2
:10850000245002F16804A34284BF00F6B80541F884
:10851000245002F16904A34284BF00F6E40541F847
:10852000245002F16A04A34284BF00F6F80541F822
:10853000245002F16B04A34284BF00F6141541F8E5
:10854000245002F16C04A34284BF00F6381541F8B0
:10855000245002F16D04A34284BF00F6541541F883
:10856000245002F16E04A34284BF00F6781541F84E
:10857000245002F16F04A34284BF00F6941541F821
:10858000245002F17004A34284BF00F51C6541F839
:10859000245002F17104A34284BF00F6D41541F8BF
:1085A000245002F17204A34284BF00F51F6541F814
:1085B000245002F17304A34284BF00F6182541F849
:1085C000245002F17404A34284BF00F62C2541F824
:1085D000245002F17504A34284BF00F5246541F8DC
:1085E000245002F17604A34284BF00F6542541F8DA
:1085F000245002F17704A34284BF00F6682541F8B5
:10860000245002F17804A34284BF00F67C2541F88F
:10861000245002F17904A34284BF00F5296541F892
:10862000245002F17A04A34284BF00F6A42541F845
:10863000245002F17B04A34284BF00F6B82541F820
:10864000245002F17C04A34284BF00F6CC2541F8FB
:10865000245002F17D04A34284BF00F52E6541F849
:10866000245002F17E04A34284BF00F6F42541F8B1
:10867000245002F17F04A34284BF00F60C3541F878
:10868000245002F18004A34284BF00F5326541F812
:10869000245002F18104A34284BF00F6343541F82E
:1086A000245002F18204A34284BF00F6483541F809
:1086B000245002F18304A34284BF00F65C3541F8E4
:1086C000245002F18404A34284BF00F5376541F8C9
:1086D000245002F18504A34284BF00F6843541F89A
:1086E000245002F18604A34284BF00F6983541F875
:1086F000245002F18704A34284BF00F6AC3541F850
:10870000245002F18804A34284BF00F53C6541F87F
:10871000245002F18904A34284BF00F6D43541F805
:10872000245002F18A04A34284BF00F6E83541F8E0
:10873000245002F18B04A34284BF00F6FC3541F8BB
:10874000245002F18C04A34284BF00F5416541F836
:10875000245002F18D04A34284BF00F6244541F861
:10876000245002F18E04A34284BF00F63C4541F838
:10877000245002F18F04A34284BF00F5466541F8FE
:10878000245002F19004A34284BF00F6884541F8CA
:10879000245002F19104A34284BF00F69C4541F8A5
:1087A000245002F19204A34284BF00F54B6541F8C6
:1087B000245002F19304A34284BF00F6C44541F85B
:1087C000245002F19404A34284BF00F6DC4541F832
:1087D000245002F19504A34284BF00F54F6541F88F
:1087E000245002F19604A34284BF00F6045541F8D8
:1087F000245002F19704A34284BF00F62C5541F89F
:10880000245002F19804A34284BF00F5546541F856
:10881000245002F19904A34284BF00F6545541F854
:10882000245002F19A04A34288BF00F6685502F171
:108830009B0288BF41F82450934284BF00F68850C1
:1088400041F8220030BC70479A42F8B5466838BFFC
:1088500041F822601D46531C9D42144684BF06F118
:10886000140241F82320A31C9D4284BF06F1280274
:1088700041F82320E31C9D4284BF06F13C0241F8ED
:108880002320231D9D4284BF06F1500241F823207E
:10889000631D9D4284BF06F1640241F82320A31D9D
:1088A0009D4284BF06F1780241F82320E31D9D42DA
:1088B00084BF06F18C0241F8232004F108039D4295
:1088C00084BF06F1A00241F8232004F109039D4270
:1088D00084BF06F1B40241F8232004F10A039D424B
:1088E00084BF06F1C80241F8232004F10B039D4226
:1088F00084BF06F1E00241F8232004F10C039D42FD
:1089000084BF06F1F40241F8232004F10D039D42D7
:1089100084BF06F5847241F8232004F10E039D42C2
:1089200084BF06F58E7241F8232004F10F039D42A7
:1089300084BF06F5987241F8232004F110039D428C
:1089400084BF06F5A27241F8232004F111039D4271
:1089500084BF06F5AC7241F8232004F112039D4256
:1089600084BF06F5B67241F8232004F113039D423B
:1089700084BF06F5C07241F8232004F114039D4220
:1089800084BF06F5CA7241F8232004F115039D4205
:1089900084BF06F5D67241F8232004F116039D42E8
:1089A00084BF06F5E07241F8232004F117039D42CD
:1089B00084BF06F5EA7241F8232004F118039D42B2
:1089C00084BF06F5F87241F8232004F119039D4293
:1089D00084BF06F5017241F8232004F11A039D4279
:1089E00084BF06F5067241F8232004F11B039D4263
:1089F00084BF06F50B7241F8232004F11C039D424D
:108A000084BF06F5137241F8232004F11D039D4233
:108A100084BF06F5187241F8232004F11E039D421D
:108A200084BF06F51D7241F8232004F11F039D4207
:108A300084BF06F5227241F8232004F120039D42F1
:108A400084BF06F5277241F8232004F121039D42DB
:108A500084BF06F52C7241F8232004F122039D42C5
:108A600084BF06F5327241F8232004F123039D42AE
:108A700084BF06F5377241F8232004F124039D4298
:108A800084BF06F53C7241F8232004F125039D4282
:108A900084BF06F5447241F8232004F126039D4269
:108AA00084BF06F5497241F8232004F127039D4253
:108AB00084BF06F54E7241F8232004F128039D423D
:108AC00084BF06F5567241F8232004F129039D4224
:108AD00084BF06F55B7241F8232004F12A039D420E
:108AE00084BF06F5607241F8232004F12B039D42F8
:108AF00084BF06F5687241F8232004F12C039D42DF
:108B000084BF06F56D7241F8232004F12D039D42C8
:108B100084BF06F5727241F8232004F12E039D42B2
:108B200084BF06F57A7241F8232004F12F039D4299
:108B300084BF06F57F7241F8232004F130039D4283
:108B400084BF06F5826241F8232004F131039D427F
:108B500084BF06F5866241F8232004F132039D426A
:108B600084BF06F2444241F8232004F133039D42BE
:108B700084BF06F58B6241F8232004F134039D4243
:108B800084BF06F27C4241F8232004F135039D4264
:108B900084BF06F5926241F8232004F136039D421A
:108BA00084BF06F2A44241F8232004F137039D421A
:108BB00084BF06F5976241F8232006F2CC402B468D
:108BC00004F138020F46FFF765F904F1D4039D4222
:108BD00004D906F593521C3247F8232004F1D5033B
:108BE0009D4204D906F59452103247F8232004F12F
:108BF000D6039D4204D906F59552043247F8232046
:108C000004F1D70306F595509D4200F1180088BF86
:108C100047F8230004F1D8022B4614303946FFF7F9
:108C200039F904F5BA739D4204D906F501523C3274
:108C300047F8232004F275139D4204D906F5025229
:108C4000143247F8232004F5BB739D4204D906F57E
:108C500002522C3247F8232004F277139D4284BF3E
:108C600006F5035247F8232004F5BC739D4204D94E
:108C700006F50352243247F8232004F279139D426B
:108C800004D906F50452083247F8232004F5BD73D1
:108C90009D4204D906F504521C3247F8232004F201
:108CA0007B139D4284BF06F5055247F8232004F547
:108CB000BE739D4204D906F50552183247F82320A9
:108CC00004F27D139D4204D906F50552303247F86F
:108CD000232004F5BF739D4204D906F506521432D1
:108CE00047F8232004F27F139D4204D906F506526B
:108CF0002C3247F8232004F5C0739D4204D906F5B1
:108D00000752043247F8232004F281139D4204D90C
:108D100006F50752283247F8232004F5C1739D4217
:108D200084BF06F5085247F8232004F283139D42BE
:108D300004D906F50852183247F8232004F5C27307
:108D40009D4204D906F50852343247F8232004F234
:108D500085139D4204D906F50952103247F82320A5
:108D600004F5C374A54204D906F509562C3647F814
:108D70002460F8BD2DE9F041DFF8B880264F0546A4
:108D8000144684B00E4640461146F8F737FE214699
:108D90002868F8F733FE21462048F8F72FFE2146D1
:108DA0004046F8F72BFE2146A868F8F727FE214633
:108DB0001B48F8F723FE33461A4A01A80A2107F098
:108DC000A9F8214601A8F8F719FE21463846F8F718
:108DD00015FE21461448F8F711FE21461348F8F70E
:108DE0000DFE21463846F8F709FE2246711C05F1B2
:108DF0001C00F9F725F821463846F8F7FFFD224612
:108E0000B11C05F13000F9F71BF821460848F8F7C6
:108E1000F5FD04B0BDE8F081945202083852020812
:108E20008C520208B852020858520208B452020882
:108E30007C520208805202082DE9F041054608469E
:108E40000E461446E7F7CEF9224607462968304613
:108E500007F023F908BB013C7B1CE41B1E44804641
:108E600022463046A96807F018F978B12246E96928
:108E7000304607F012F960B122463046296B07F000
:108E80000CF960B905F12C00BDE8F081281DBDE8A2
:108E9000F08105F11800BDE8F0810020F4E74046BC
:108EA000F2E700BF2DE9F843044608460F46904616
:108EB000E7F798F9424681462168384607F0EDF811
:108EC000F8B909F1010508F1FF363D44A6EB0906A2
:108ED00028463246A16807F0E0F878B13246E169E9
:108EE000284607F0DAF8B0B332462846216B07F07F
:108EF000D4F830B904F12C00BDE8F883201DBDE89A
:108F0000F8834246616C384607F0C7F8054680BBD7
:108F100009F1010308F1FF38A8EB09091F444A468B
:108F20003846E16C07F0B9F8C8B14A46216E3846B8
:108F300007F0B3F8B8B14A46616F384607F0ADF8AC
:108F4000A0B14A463846D4F8881007F0A6F890B980
:108F500004F18400D0E704F11800BDE8F88304F1BF
:108F60004800BDE8F88304F15C00C5E704F1700037
:108F7000C2E70020C0E72846BEE700BF2DE9F04762
:108F8000F94FDFF8F893DFF8F883DFF8F8A384B03F
:108F90001446054604300E46F8F740FD2146384693
:108FA000F8F72CFD2246711C05F11800F8F748FF70
:108FB00021463846F8F722FD2246B11C05F12C0067
:108FC000F8F73EFF21463846F8F718FD2246F11C17
:108FD00005F14000F8F734FF21463846F8F70EFD5A
:108FE0002246311D05F15400F8F718FD2146384698
:108FF000F8F704FD21464846F8F700FD2146A86E23
:10900000F8F7FCFC2146D948F8F7F8FC731DD84A5C
:1090100001A80A2106F07EFF214601A8F8F7EEFC20
:109020002146D448F8F7EAFC2146D348F8F7E6FC95
:109030002246B11D05F19000F8F702FF2146404697
:10904000F8F7DCFC21463846F8F7D8FC21464846BC
:10905000F8F7D4FC2146D5F8A400F8F7CFFC214658
:109060005046F8F7CBFC2246F11D05F1AC00F8F7AD
:10907000E7FE21463846F8F7C1FC224606F1080112
:1090800005F1C000F8F7DCFE21463846F8F7B6FCDB
:10909000224606F1090105F1D400F8F7D1FE214678
:1090A0003846F8F7ABFC224606F10A0105F1E80064
:1090B000F8F7C6FE21463846F8F7A0FC224606F12E
:1090C0000B0105F1FC00F8F7BBFE21463846F8F726
:1090D00095FC224606F10C0105F58870F8F7B0FE04
:1090E00021463846F8F78AFC224606F10D0105F5BF
:1090F0009270F8F7A5FE21463846F8F77FFC224625
:1091000006F10E0105F59C70F8F79AFE21463846E7
:10911000F8F774FC224606F10F0105F5A670F8F782
:109120008FFE21463846F8F769FC224606F1100109
:1091300005F5B070F8F784FE21463846F8F75EFC76
:10914000224606F1110105F5BA70F8F779FE2146BD
:109150003846F8F753FC224606F1120105F5C470B3
:10916000F8F75CFC21463846F8F748FC224606F141
:10917000130105F5CE70F8F751FC21464046F8F78B
:109180003DFC21463846F8F739FC21464846F8F7B9
:1091900035FC2146D5F8B001F8F730FC21465046A1
:1091A000F8F72CFC224606F1140105F5DC70F8F7FF
:1091B0001FFF21464046F8F721FC21463846F8F7C4
:1091C0001DFC21464846F8F719FC2146D5F8CC018C
:1091D000F8F714FC21465046F8F710FC224606F139
:1091E000150105F5EA70F8F703FF21463846F8F750
:1091F00005FC224606F1160105F5F470F8F7F8FEB5
:1092000021463846F8F7FAFB224606F1170105F524
:10921000FE70F8F7EDFE21463846F8F7EFFB2246E0
:1092200006F1180105F50470F8F7E2FE214638460C
:10923000F8F7E4FB224606F1190105F50970F8F785
:10924000D7FE21463846F8F7D9FB224606F11A0127
:1092500005F50E70F8F7CCFE21463846F8F7CEFB40
:10926000224606F11B0105F51370F8F7C1FE2146F1
:109270003846F8F7C3FB224606F11C0105F51870C5
:10928000F8F7B6FE21463846F8F7B8FB224606F155
:109290001D0105F51D70F8F7ABFE21464046F8F7B5
:1092A000ADFB21463846F8F7A9FB21464846F8F7BA
:1092B000A5FB2146D5F88802F8F7A0FB21465046C9
:1092C000F8F79CFB224606F11E0105F52470F8F71D
:1092D000EDFD21463846F8F791FB224606F11F01C5
:1092E00005F52970F8F74EFE21463846F8F786FB5B
:1092F000224606F1200105F52E70F8F7A1FD214662
:109300003846F8F77BFB224606F1210105F533705C
:10931000F8F796FD21463846F8F770FB224606F12D
:10932000220105F53870F8F78BFD21463846F8F72D
:1093300065FB224606F1230105F53D70F8F780FD37
:1093400021463846F8F75AFB224606F1240105F576
:109350004270F8F717FE21463846F8F74FFB2246D1
:1093600006F1250110E000BF945202088C52020859
:10937000B8520208AC510208CC51020880520208CF
:109380007C5202083852020805F54770F8F7C4FD10
:1093900021463846F8F732FB224606F1260105F54C
:1093A0004C70F8F74DFD21463846F8F727FB22466A
:1093B00006F1270105F55170F8F742FD21463846C0
:1093C000F8F71CFB224606F1280105F55670F8F760
:1093D00037FD21463846F8F711FB224606F12901F0
:1093E00005F55B70F8F72CFD21463846F8F706FBCB
:1093F000224606F12A0105F56070F8F721FD2146A5
:109400003846F8F7FBFA224606F12B0105F56570A0
:10941000F8F716FD21464046F8F7F0FA04B0BDE82B
:10942000F08700BF2DE9F04FF74EDFF8F083DFF84B
:10943000F0B3DFF8F09387B01446054604300F46CA
:10944000F8F7C8FC21463046F8F7D8FA2246791CCE
:1094500005F11800F8F762FC21463046F8F7CEFA1D
:1094600021464046F8F7CAFA2146A86AF8F7C6FA34
:109470002146E648F8F7C2FA2246B91C05F1300049
:10948000F8F714FD21463046F8F7B8FA2246F91CE1
:1094900005F14400F8F70AFD21463046F8F7AEFA28
:1094A0002246391D05F15800F8F700FD21463046E7
:1094B000F8F7A4FA2246791D05F16C00F8F7F6FCDE
:1094C00021463046F8F79AFA2246B91D05F1800088
:1094D000F8F7ECFC21463046F8F790FA2246F91DE1
:1094E00005F19400F8F7E2FC21463046F8F786FAD9
:1094F000224607F1080105F1A800F8F7A1FC214672
:109500003046F8F77BFA224607F1090105F1BC0065
:10951000F8F796FC21463046F8F770FA21464046A7
:10952000F8F76CFA2146D5F8D0000DF10C0AF8F7DF
:1095300065FA2146B648F8F761FA07F10A035A4678
:1095400050460A2106F0E6FC21465046F8F756FA46
:1095500021463046F8F752FA2146AE48F8F74EFA5F
:109560002146AD48F8F74AFA21463046F8F746FA60
:1095700021464046F8F742FA2146D5F8E400F8F7CC
:109580003DFA2146A248F8F739FA07F10B035A468B
:1095900050460A2106F0BEFC21465046F8F72EFA46
:1095A00021463046F8F72AFA21469A48F8F726FA73
:1095B00021469948F8F722FA21463046F8F71EFA74
:1095C00021464046F8F71AFA2146D5F8F400F8F794
:1095D00015FA21468D48F8F711FA224607F10C01D9
:1095E00005F1FC00F8F72CFC21463046F8F706FAA6
:1095F000224607F10D0105F58870F8F721FC214698
:109600003046F8F7FBF9224607F10E0105F5927096
:10961000F8F716FC21463046F8F7F0F9224607F134
:109620000F0105F59C70F8F70BFC21463046F8F762
:10963000E5F9224607F1100105F5A670F8F700FCE0
:1096400021464846F8F7DAF921463046F8F7D6F9C8
:1096500021464046F8F7D2F92146D5F86001F8F7DF
:10966000CDF921466948F8F7C9F9224607F11101F9
:1096700005F5B470F8F7E4FB21463046F8F7BEF97B
:10968000224607F1120105F5BE70F8F7D9FB214615
:109690003046F8F7B3F9224607F1130105F5C87013
:1096A000F8F7CEFB21463046F8F7A8F9224607F135
:1096B000140105F5D270F8F7C3FB21463046F8F7E0
:1096C0009DF9224607F1150105F5DC70F8F7B8FBA6
:1096D00021463046F8F792F9224607F1160105F5C2
:1096E000E670F8F7ADFB21463046F8F787F92246D9
:1096F00007F1170105F5F070F8F7D8FB2146304661
:10970000F8F77CF9224607F1180105F5FA70F8F729
:10971000CDFB21463046F8F771F9224607F11901D1
:1097200005F50270F8F7C2FB21464846F8F766F9DE
:1097300021463046F8F762F921464046F8F75EF9CF
:109740002146D5F81C02F8F759F921462F48F8F7B9
:1097500055F9224607F11A0105F50970F8F770FB73
:1097600021463046F8F74AF9224607F11B0105F574
:109770000E70F8F765FB21463046F8F73FF92246B0
:1097800007F11C0105F51370F8F75AFB2146304626
:10979000F8F734F9224607F11D0105F51870F8F7BE
:1097A0004FFB21463046F8F729F9224607F11E0102
:1097B00005F51D70F8F744FB21463046F8F71EF911
:1097C000224607F11F0105F52270F8F739FB214603
:1097D0003046F8F713F9224607F1200105F5277006
:1097E000F8F764FB21463046F8F708F9224607F1FE
:1097F000210105F52C70F8F759FB21463046F8F7A2
:10980000FDF8224610E000BF9452020838520208C8
:109810008C520208DC510208B4520208805202083D
:10982000B85202087C52020807F1220105F5317096
:10983000F8F73CFB21464846F8F7E0F82146304669
:10984000F8F7DCF8224607F1230105F53770F8F741
:1098500063FB21463046F8F7D1F821464046F8F739
:10986000CDF82146D5F8F002F8F7C8F82146F548BA
:10987000F8F7C4F85A4607F1240350460A2106F0C7
:1098800049FB21465046F8F7B9F821463046F8F72B
:10989000B5F82146EC48F8F7B1F82146EB48F8F75F
:1098A000ADF821464846F8F7A9F821463046F8F7C2
:1098B000A5F821464046F8F7A1F82146D5F804035B
:1098C000F8F79CF82146E248F8F798F82146404618
:1098D000F8F794F82146D5F80C03F8F78FF82146ED
:1098E000D848F8F78BF807F125035A4650460A2165
:1098F00006F010FB21465046F8F780F82146304626
:10990000F8F77CF82146D348F8F778F82146CF4895
:10991000F8F774F821463046F8F770F8224607F158
:10992000260105F54870F8F7F9F921463046F8F7B1
:1099300065F821464046F8F761F82146D5F834032A
:10994000F8F75CF82146BF48F8F758F807F1270305
:109950005A4650460A2106F0DDFA21465046F8F7ED
:109960004DF821463046F8F749F82146BA48F8F74D
:1099700045F82146B548F8F741F821463046F8F752
:109980003DF8224607F1280105F55270F8F746F830
:1099900021463046F8F732F8224607F1290105F54D
:1099A0005670FFF7EBFA21464846F8F727F82146AC
:1099B0003046F8F723F821464046F8F71FF82146CD
:1099C000D5F80807F8F71AF82146A148F8F716F86D
:1099D000224607F1550105F5E260F8F79DFA2146A8
:1099E0003046F8F70BF8224607F1560105F22470CD
:1099F000F8F726FA21463046F8F700F8224607F134
:109A0000570105F5E760F8F71BFA21463046F7F7EE
:109A1000F5FF224607F1580105F24C70F8F710FAED
:109A200021463046F7F7EAFF224607F1590105F5CE
:109A3000EC60F8F705FA21463046F7F7DFFF2246DB
:109A400007F15A0105F27470F8F7FAF92146304629
:109A5000F7F7D4FF224607F15B0105F5F160F8F74F
:109A600025FA21463046F7F7C9FF21464046F7F769
:109A7000C5FF2146D5F89807F7F7C0FF214674487F
:109A8000F7F7BCFF224607F15C0105F5F460F8F733
:109A900043FA21463046F7F7B1FF224607F15D0150
:109AA00005F2B470F8F7CCF921463046F7F7A6FF77
:109AB000224607F15E0105F5F960F8F7C1F9214684
:109AC0003046F7F79BFF224607F15F0105F2DC7095
:109AD000F8F7B6F921463046F7F790FF224607F12E
:109AE000600105F5FE60F8F7ABF921463046F7F75F
:109AF00085FF224607F1610105F60400F8F7A0F999
:109B000021463046F7F77AFF224607F1620105F653
:109B10001800F8F795F921463046F7F76FFF22460F
:109B200007F1630105F62C00F8F7C0F92146484615
:109B3000F7F764FF21463046F7F760FF21464046BD
:109B4000F7F75CFF2146D5F84408F7F757FF2146A1
:109B50003C48F7F753FF07F164035A4650460A2181
:109B600006F0D8F921465046F7F748FF21463B4812
:109B7000F7F744FF224607F1650105F67800F8F78C
:109B80005FF921463046F7F739FF224607F16601B3
:109B900005F68C00F8F754F921463046F7F72EFF0A
:109BA000224607F1670105F50A60F8F749F92146F1
:109BB0002B48F7F723FF21464846F7F71FFF2146BA
:109BC0003046F7F71BFF21464046F7F717FF2146BF
:109BD000D5F8BC08F7F712FF21461A48F7F70EFF31
:109BE00007F168035A4650460A2106F093F92146C8
:109BF0005046F7F703FF21461848F7F7FFFE2246C5
:109C000007F1690105F6E800F8F71AF92146304630
:109C1000F7F7F4FE224607F16A0105F6FC00F8F7B3
:109C20000FF921460E48F7F7E9FE21464846F7F7B7
:109C3000E5FE21463046F7F7E1FE21464046F7F7BC
:109C4000DDFE0FE08C520208FC510208B4520208FB
:109C500038520208DC5102081C520208AC510208BA
:109C6000CC5102082146D5F81809F7F7C7FE21465E
:109C7000F748F7F7C3FE07F16B035A4650460A212F
:109C800006F048F921465046F7F7B8FE2146F1485C
:109C9000F7F7B4FE224607F16C0105F63C10F8F721
:109CA000CFF82146EC48F7F7A9FE21464846F7F7DA
:109CB000A5FE21463046F7F7A1FE21464046F7F7BC
:109CC0009DFE2146D5F85809F7F798FE2146E04851
:109CD000F7F794FE07F16D035A4650460A2106F045
:109CE00019F921465046F7F789FE2146D948F7F77A
:109CF00085FE224607F16E0105F67C10F8F7A0F804
:109D00002146D548F7F77AFE21464846F7F776FE12
:109D100021463046F7F772FE21464046F7F76EFEC1
:109D20002146D5F89809F7F769FE2146C848F7F7A4
:109D300065FE07F16F035A4650460A2106F0EAF81D
:109D400021465046F7F75AFE2146C248F7F756FE1D
:109D5000224607F1700105F6C410F8F771F82146A4
:109D60003046F7F74BFE224607F1710105F6D81091
:109D7000F8F79CF82146B848F7F740FE21464846D8
:109D8000F7F73CFE21463046F7F738FE21464046BD
:109D9000F7F734FE2146D5F8F409F7F72FFE2146F0
:109DA000AB48F7F72BFE07F172035A4650460A21DB
:109DB00006F0B0F821465046F7F720FE2146A548A8
:109DC000F7F71CFE2146A448F7F718FE214648463F
:109DD000F7F714FE21464846F7F710FE21463046B5
:109DE000F7F70CFE21464046F7F708FE2146D5F866
:109DF000140AF7F703FE21469848F7F7FFFD2246BD
:109E000007F1730105F61C20F8F786F82146304665
:109E1000F7F7F4FD224607F1740105F52360F8F722
:109E200045F821463046F7F7E9FD224607F175016E
:109E300005F64420F8F73AF821463046F7F7DEFDFC
:109E4000224607F1760105F65820F8F79BF82146DF
:109E50003046F7F7D3FD224607F1770105F66C206F
:109E6000F8F790F821463046F7F7C8FD224607F18B
:109E7000780105F52860F7F7E3FF21463046F7F74C
:109E8000BDFD224607F1790105F69420F7F7C6FDDE
:109E900021463046F7F7B2FD224607F17A0105F672
:109EA000A820F7F7CDFF21463046F7F7A7FD224659
:109EB00007F17B0105F6BC20F7F7C2FF21463046CB
:109EC000F7F79CFD224607F17C0105F52D60CDF8E2
:109ED00004B0F7F723FF21463046F7F78FFD2246FF
:109EE00007F17D0105F6E420CDF800A0F7F7A8FF03
:109EF00021463046F7F782FD224607F17E0105F63E
:109F0000F820F7F78BFD21463046F7F777FDDFF8AD
:109F10004CA1DFF844B121464046F7F76FFD2146DA
:109F2000D5F8080BF7F76AFD21465046F7F766FDAE
:109F3000224607F17F0105F53160F7F7EDFF214675
:109F40003046F7F75BFD224607F1800105F6243025
:109F5000F7F7ACFF21463046F7F750FD224607F1F0
:109F6000810105F63830F7F7A1FF21463046F7F7B3
:109F700045FD224607F1820105F64C30F7F796FFC2
:109F800021463046F7F73AFD224607F1830105F5F1
:109F90003660F7F78BFF21463046F7F72FFD224654
:109FA00007F1840105F67430F7F7ECFF21463046DF
:109FB000F7F724FD224607F1850105F68830F7F70B
:109FC000E1FF21463046F7F719FD224607F18601E9
:109FD00005F69C30F7F734FF21463046F7F70EFDC3
:109FE000224607F1870105F53B60F7F75FFF214641
:109FF0003046F7F703FD224607F1880105F6C43025
:10A00000F7F71EFF21463046F7F7F8FC224607F126
:10A01000890105F6D830F7F713FF21463046F7F7E8
:10A02000EDFC224607F18A0105F6EC30F7F708FF50
:10A0300021463046F7F7E2FC224607F18B0105F591
:10A040004060F7F7FDFE21463046F7F7D7FC07E002
:10A050008C520208AC510208CC5102083852020856
:10A06000224607F18C0105F61440F7F71FFF214641
:10A070003046F7F7C3FC224607F18D0105F628406C
:10A08000F7F714FF21464846F7F7B8FC214630465B
:10A09000F7F7B4FC21464046F7F7B0FC2146D5F867
:10A0A000400CF7F7ABFC21468648F7F7A7FC07F111
:10A0B0008E03DDE900020A2105F02CFF21460098FD
:10A0C000F7F79CFC21468048F7F798FC224607F1F9
:10A0D0008F0105F66440F7F755FF21465846F7F71C
:10A0E0008DFC21464846F7F789FC21464846F7F79C
:10A0F00085FC21463046F7F781FC21464046F7F7BC
:10A100007DFC2146D5F8840CF7F778FC21465046B3
:10A11000F7F774FC224607F1900105F68C40F7F73B
:10A12000FBFE21463046F7F769FC224607F1910114
:10A1300005F54A60F7F784FE21463046F7F75EFCE6
:10A14000224607F1920105F6B440F7F779FE214661
:10A150003046F7F753FC224607F1930105F6C84055
:10A16000F7F76EFE21463046F7F748FC2146404699
:10A17000F7F744FC2146D5F8D80CF7F73FFC214609
:10A180005046F7F73BFC224607F1940105F54E6077
:10A19000F7F756FE21463046F7F730FC224607F126
:10A1A000950105F6F440F7F74BFE21463046F7F7E8
:10A1B00025FC224607F1960105F60850F7F740FE08
:10A1C00021464846F7F71AFC21464846F7F716FCA1
:10A1D00021463046F7F712FC21464046F7F70EFCC1
:10A1E0002146D5F8240DF7F709FC21465046F7F72C
:10A1F00005FC21464046F7F701FC2146D5F8280D1D
:10A20000F7F7FCFB21465046F7F7F8FB224607F12B
:10A21000970105F55360F7F713FE21463046F7F72F
:10A22000EDFB224607F1980105F64450F7F708FECA
:10A2300021463046F7F7E2FB224607F1990105F681
:10A240005850F7F7FDFD21463046F7F7D7FB224679
:10A2500007F19A0105F66C50F7F7F2FD21464846E2
:10A26000F7F7CCFB21464846F7F7C8FB21463046B6
:10A27000F7F7C4FB21464046F7F7C0FB2146D5F867
:10A280008C0DF7F7BBFB21460E48F7F7B7FB009D97
:10A29000019A07F19B0328460A2105F03BFE21465F
:10A2A0002846F7F7ABFB21460748F7F7A7FB2146FF
:10A2B0005846F7F7A3FB21464846F7F79FFB07B040
:10A2C000BDE8F08F8C520208AC5102082DE9F04F26
:10A2D0004568F14EDFF8D883DFF8D8B3DFF8D893BC
:10A2E00087B01446281D8A46F7F798FB214630466A
:10A2F000F7F784FB21464046F7F780FB2146A86923
:10A30000F7F77CFB21465846F7F778FB0AF1010383
:10A310004A4603A80A2105F0FDFD214603A8F7F7E8
:10A320006DFB21463046F7F769FB2146DB48F7F71E
:10A3300065FB2146DA48F7F761FB21463046F7F71F
:10A340005DFB22460AF1020105F12C00F7F7E6FC5D
:10A3500021463046F7F752FB22460AF1030105F188
:10A360004000F7F7DBFC21463046F7F747FB224673
:10A370000AF1040105F15400F7F7D0FC21463046FC
:10A38000F7F73CFB22460AF1050105F16800F7F7F3
:10A39000C5FC21463046F7F731FB22460AF106019B
:10A3A00005F17C00F7F7BAFC21463046F7F726FBAB
:10A3B00022460AF1070105F19000F7F7AFFC2146AC
:10A3C0003046F7F71BFB22460AF1080105F1A4000D
:10A3D000F7F7A4FC21463046F7F710FB214640462C
:10A3E000F7F70CFB2146D5F8B800F7F707FB214635
:10A3F0005846F7F703FB0AF109034A4603A80A2166
:10A4000005F088FD214603A8F7F7F8FA2146304603
:10A41000F7F7F4FA2146A348F7F7F0FA2146A048E7
:10A42000F7F7ECFA21463046F7F7E8FA21464046BE
:10A43000F7F7E4FA2146D5F8CC00F7F7DFFA214622
:10A440005846F7F7DBFA0AF10A034A4603A80A213D
:10A4500005F060FD214603A8F7F7D0FA2146304603
:10A46000F7F7CCFA21468F48F7F7C8FA21468C480F
:10A47000F7F7C4FA21463046F7F7C0FA21464046BE
:10A48000F7F7BCFA2146D5F8DC00F7F7B7FA214612
:10A490008548F7F7B3FA22460AF10B0105F1E4000B
:10A4A000F7F798FC21463046F7F7A8FA22460AF15A
:10A4B0000C0105F1F800F7F78DFC21463046F7F75F
:10A4C0009DFA22460AF10D0105F58670F7F782FC28
:10A4D00021463046F7F792FA22460AF10E0105F5B9
:10A4E0009070F7F777FC21463046F7F787FA224657
:10A4F0000AF10F0105F59A70F7F76CFC214630461A
:10A50000F7F77CFA22460AF1100105F5A470F7F777
:10A5100061FC21463046F7F771FA22460AF1110133
:10A5200005F5AE70F7F756FC21463046F7F766FAA8
:10A5300022460AF1120105F5B870F7F74BFC2146E7
:10A540003046F7F75BFA22460AF1130105F5C270AF
:10A55000F7F740FC21463046F7F750FA22460AF159
:10A56000140105F5CC70F7F735FC21463046F7F7B6
:10A5700045FA21464046F7F741FA2146D5F8A801A9
:10A58000F7F73CFA21464848F7F738FA22460AF12D
:10A59000150105F5D870F7F71DFC21463046F7F791
:10A5A0002DFA22460AF1160105F5E270F7F712FCC2
:10A5B00021463046F7F722FA22460AF1170105F53F
:10A5C000EC70F7F707FC21463848F7F717FA2146F1
:10A5D0003046F7F713FA21464046F7F70FFA2146BF
:10A5E000D5F8EC01F7F70AFA21462F48F7F706FAF3
:10A5F00022460AF1180105F5FA70F7F78FFB21469C
:10A600003046F7F7FBF922460AF1190105F5027009
:10A61000F7F7E0FB21463046F7F7F0F922460AF15A
:10A620001A0105F50770F7F7D5FB21463046F7F715
:10A63000E5F922460AF11B0105F50C70F7F7CAFB94
:10A6400021461A48F7F7DAF9236818491B680222ED
:10A650001F4620460023B84721463046F7F7CEF97B
:10A6600021464046F7F7CAF92146D5F84802F7F7E0
:10A67000C5F921460C48F7F7C1F922460AF11C0139
:10A6800005F51470F7F7DCFB21463046F7F7B6F90D
:10A6900022460AF11D0111E094520208B05302084B
:10A6A000B45202081C520208385202087C520208B6
:10A6B000805202088C520208B852020805F519703F
:10A6C000F7F7F4FB21463046F7F798F922460AF1EE
:10A6D0001E0105F51E70F7F7E9FB21463046F7F736
:10A6E0008DF922460AF11F0105F52370F7F7DEFB0D
:10A6F00021463046F7F782F922460AF1200105F596
:10A700002870F7F79DFB21463046F7F777F9224688
:10A710000AF1210105F52D70F7F792FB214630462D
:10A72000F7F76CF922460AF1220105F53170FEF7C0
:10A7300021FB21463046F7F761F921464046F7F7FD
:10A740005DF92146D5F80C03F7F758F92146EA4898
:10A75000F7F754F921464046F7F750F92146D5F866
:10A760001403F7F74BF921465846F7F747F90AF172
:10A7700025034A4603A80A2105F0CCFB214603A87D
:10A78000F7F73CF921463046F7F738F92146DB4820
:10A79000F7F734F92146DA48F7F730F92146304621
:10A7A000F7F72CF922460AF1260105F54A70F7F76A
:10A7B00047FB21463046F7F721F922460AF12701E7
:10A7C00005F54F70F7F73CFB2146CE48F7F716F931
:10A7D00021463046F7F712F921464046F7F70EF9C1
:10A7E0002146D5F85403F7F709F92146C248F7F78F
:10A7F00005F921464046F7F701F92146D5F85C03F3
:10A80000F7F7FCF821465846F7F7F8F80AF128035D
:10A810004A4603A80A2105F07DFB214603A8F7F765
:10A82000EDF821463046F7F7E9F82146B348F7F747
:10A83000E5F82146B248F7F7E1F821463046F7F748
:10A84000DDF822460AF1290105F55C70F7F7F8FA00
:10A8500021463046F7F7D2F822460AF12A0105F5DB
:10A860006170F7F7EDFA2146A648F7F7C7F82146D9
:10A870003046F7F7C3F821464046F7F7BFF82146C0
:10A88000D5F89C03F7F7BAF821469B48F7F7B6F8D6
:10A8900021464046F7F7B2F82146D5F8A403F7F76A
:10A8A000ADF821465846F7F7A9F80AF12B034A46B6
:10A8B00003A80A2105F02EFB214603A8F7F79EF80E
:10A8C00021463046F7F79AF821468C48F7F796F874
:10A8D00021468B48F7F792F821463046F7F78EF875
:10A8E00022460AF12C0105F56E70F7F7A9FA214608
:10A8F0003046F7F783F822460AF12D0105F573700B
:10A90000F7F79EFA21467F48F7F778F82146304658
:10A91000F7F774F822460AF12E0105F57970FEF773
:10A9200029FA21463046F7F769F822460AF1310143
:10A9300005F22C40FEF71EFA21467248F7F75EF842
:10A9400021463046F7F75AF821464046F7F756F8C1
:10A950002146D5F87804F7F751F821466648F7F70D
:10A960004DF821464046F7F749F82146D5F88004CE
:10A97000F7F744F821465846F7F740F80AF1340350
:10A980004A4603A80A2105F0C5FA214603A8F7F7AD
:10A9900035F821463046F7F731F821465A48F7F79F
:10A9A0002DF821465648F7F729F821463046F7F7A3
:10A9B00025F821464046F7F721F82146D5F89404BA
:10A9C000F7F71CF821465846F7F718F80AF135034F
:10A9D0004A4603A80A2105F09DFA214603A8F7F785
:10A9E0000DF821463046F7F709F821464748F7F7B2
:10A9F00005F821464248F7F701F821463046F6F7B8
:10AA0000FDFF22460AF1360105F59560F7F786F954
:10AA100021463046F6F7F2FF22460AF1370105F2E9
:10AA2000BC40F7F779FA21463046F6F7E7FF2246B1
:10AA30000AF1380105F2CC40FEF7F4FC214631481A
:10AA4000F6F7DCFF21463046F6F7D8FF21464046B0
:10AA5000F6F7D4FF41F278232146E858F6F7CEFF07
:10AA600021462548F6F7CAFF21464046F6F7C6FFBD
:10AA700005F5945321461868F6F7C0FF214658465D
:10AA8000F6F7BCFF4A460AF1D40303A80A2105F0F1
:10AA900041FA214603A8F6F7B1FF21463046F6F702
:10AAA000ADFF21461848F6F7A9FF21461448F6F7EE
:10AAB000A5FF21463046F6F7A1FF21464046F6F7AE
:10AAC0009DFF41F294232146E858F6F797FF21466F
:10AAD0005846F6F793FF0AF1D5034A4603A80A2120
:10AAE00005F018FA214603A8F6F788FF21463046FC
:10AAF000F6F784FF21460BE038520208585202084C
:10AB0000B45202087C520208DC5102081C520208AE
:10AB1000EA48F6F773FF2146E948F6F76FFF21464A
:10AB20003046F6F76BFF05F5955022460AF1D6013F
:10AB30000830F7F7F3F821463046F6F75FFF05F5E2
:10AB4000955022460AF1D7011C30F7F7E5F9214666
:10AB50003046F6F753FF05F5965022460AF1D80124
:10AB60000C30FEF75FFC2146D648F6F747FF21463A
:10AB70003046F6F743FF21464046F6F73FFF42F2E4
:10AB800078032146E858F6F739FF2146CE48F6F714
:10AB900035FF22460AF5BA7105F50250F7F7BCF900
:10ABA00021463046F6F72AFF21464046F6F726FFB3
:10ABB00042F290032146E858F6F720FF2146C248AA
:10ABC000F6F71CFF05F5025022460AF275111830FF
:10ABD000F7F700F92146BB48F6F710FF214630464B
:10ABE000F6F70CFF05F5025022460AF5BB7130302E
:10ABF000F7F792F921463046F6F700FF2146404626
:10AC0000F6F7FCFE05F5035321465868F6F7F6FE05
:10AC100021465846F6F7F2FE4A460AF2771368468E
:10AC20000A2105F077F921466846F6F7E7FE214646
:10AC3000A648F6F7E3FE21464046F6F7DFFE42F26D
:10AC4000E8032146E858F6F7D9FE21465846F6F7BC
:10AC5000D5FE4A460AF5BC7303A80A2105F05AF945
:10AC6000214603A8F6F7CAFE21463046F6F7C6FE8F
:10AC700021469748F6F7C2FE21469148F6F7BEFEF8
:10AC800021469448F6F7BAFE21468E48F6F7B6FEFE
:10AC900021468C48F6F7B2FE21463046F6F7AEFE66
:10ACA00021464046F6F7AAFE42F20C132146E85828
:10ACB00003AFF6F7A3FE21465846F6F79FFE4A4635
:10ACC0000AF2791338460A2105F024F9214638465C
:10ACD000F6F794FE21463046F6F790FE21467C4872
:10ACE000F6F78CFE21467648F6F788FE2146304678
:10ACF000F6F784FE21464046F6F780FE05F504533C
:10AD00002146186AF6F77AFE21465846F6F776FE8F
:10AD10000AF5BD734A4638460A2105F0FBF821467C
:10AD20003846F6F76BFE21466848F6F767FE05F5EC
:10AD3000055022460AF27B110430F7F723F9214629
:10AD40006448F6F75BFE05F5055022460AF5BE712C
:10AD50001C30F7F717F921465A48F6F74FFE2146FF
:10AD60003046F6F74BFE21464046F6F747FE05F51E
:10AD700005532146586BF6F741FE21465846F6F733
:10AD80003DFE4A460AF27D1368460A2105F0C2F8E4
:10AD900021466846F6F732FE21464C48F6F72EFE6D
:10ADA00021464046F6F72AFE42F298132146E8581B
:10ADB000F6F724FE21465846F6F720FE0AF5BF7343
:10ADC0004A4638460A2105F0A5F821463846F6F7E6
:10ADD00015FE21463046F6F711FE21463C48F6F7AF
:10ADE0000DFE21463648F6F709FE21463948F6F7AA
:10ADF00005FE05F5065022460AF27F113030F7F7BE
:10AE00001FF821462F48F6F7F9FD21463046F6F7A0
:10AE1000F5FD21464046F6F7F1FD05F507532146BD
:10AE20009868F6F7EBFD21465846F6F7E7FD4A46E7
:10AE30000AF5C07368460A2105F06CF82146684699
:10AE4000F6F7DCFD21462148F6F7D8FD21464046BD
:10AE5000F6F7D4FD42F2EC132146E858F6F7CEFDA2
:10AE600021465846F6F7CAFD0AF281134A4638468B
:10AE70000A2105F04FF821463846F6F7BFFD214676
:10AE80003046F6F7BBFD21461148F6F7B7FD2146DF
:10AE90000B48F6F7B3FD21460E48F6F7AFFD05F572
:10AEA000085022460AF5C1710430F6F7C9FF214661
:10AEB0000448F6F7A3FD21460EE000BF1C5202082D
:10AEC000B45202087C52020838520208AC510208FF
:10AED000FC510208CC5102083046F6F78FFD21469E
:10AEE0004046F6F78BFD42F21C232146E858F6F760
:10AEF00085FD21465846F6F781FD4A460AF283133E
:10AF000038460A2105F006F821463846F6F776FD60
:10AF100021464448F6F772FD21464348F6F76EFD98
:10AF200021464248F6F76AFD21463046F6F766FDAF
:10AF300021464046F6F762FD42F238232146E858A2
:10AF4000F6F75CFD21465846F6F758FD4A460AF5E5
:10AF5000C27338460A2104F0DDFF21463846F6F771
:10AF60004DFD21462F48F6F749FD21462E48F6F7BC
:10AF700045FD21462D48F6F741FD21463046F6F7BE
:10AF80003DFD21464046F6F739FD42F25423214665
:10AF9000E858F6F733FD21465846F6F72FFD4A46A6
:10AFA0000AF2851338460A2104F0B4FF21463846D8
:10AFB000F6F724FD21461B48F6F720FD21461A48E6
:10AFC000F6F71CFD21461948F6F718FD21463046D4
:10AFD000F6F714FD21464046F6F710FD42F27023C5
:10AFE0002146E858F6F70AFD21465846F6F706FDD1
:10AFF0004A460AF5C37338460A2104F08BFF2146FE
:10B000003846F6F7FBFC21460648F6F7F7FC2146E2
:10B010000548F6F7F3FC21460448F6F7EFFC07B0C5
:10B02000BDE8F08FAC510208CC5102087C520208F6
:10B0300070B504460D4608466168164605F02DF8C1
:10B04000E8B13246A169284605F027F8A0B132469A
:10B05000E16A284605F021F898B13246216C28466D
:10B0600005F01BF880B132462846616D05F015F8F1
:10B0700068B904F1500070BD04F1140070BD2046A1
:10B0800070BD04F1280070BD04F13C0070BD0020CB
:10B0900070BD00BF2DE9F84304460D4608466168BF
:10B0A000904604F0FAFF002800F084802846E5F777
:10B0B00099F842468146616D284604F0EEFF00286B
:10B0C00040F0838009F1010608F1FF372E44A7EB19
:10B0D000090730463A46E16D04F0DFFF00286CD0E6
:10B0E0003A46216F304604F0D8FF002869D03A462E
:10B0F000D4F88410304604F0D0FF00287CD03A46C3
:10B10000D4F89810304604F0C8FF002800F0D7802B
:10B110003A46D4F8AC10304604F0BFFF002800F0E7
:10B1200032813A46D4F8C010304604F0B6FF002809
:10B1300000F02F813A46D4F8D410304604F0ADFF29
:10B14000002800F02F813A46D4F8E810304604F089
:10B15000A4FF002800F02F813A46D4F8FC103046B6
:10B1600004F09BFF002800F031813A46D4F810111A
:10B17000304604F092FF002800F031813A46D4F8BE
:10B180002411304604F089FF002800F031813A464E
:10B19000D4F83811304604F080FF002800F03181E7
:10B1A0003A463046D4F84C1104F077FF68B904F5FC
:10B1B000A47000E02046BDE8F88304F15800BDE823
:10B1C000F88304F16C00BDE8F8834246D4F86011BE
:10B1D000284604F062FF90B908F1FF3209F101003E
:10B1E000A2EB09022844D4F8681104F056FF30B9E4
:10B1F00004F5B270BDE8F88304F18000DBE7424655
:10B20000D4F87C11284604F048FF00285DD109F1EC
:10B21000010608F1FF372E44A7EB090730463A46EE
:10B22000D4F8841104F039FF00284BD03A46D4F802
:10B230009811304604F031FF002800F0A7803A460C
:10B24000D4F8AC11304604F028FF002800F0A780A5
:10B250003A46D4F8C011304604F01FFF002800F031
:10B26000A7803A46D4F8D411304604F016FF0028DF
:10B2700000F0A7803A46D4F8E811304604F00DFFFC
:10B28000002800F0A9803A46D4F8FC11304604F0BA
:10B2900004FF002800F0A9803A46D4F81012304686
:10B2A00004F0FBFE002800F0A9803A463046D4F8AE
:10B2B000241204F0F2FE40B904F508707BE704F1B3
:10B2C000940078E704F5C07075E74246D4F8381268
:10B2D000284604F0E2FE002876D109F1010308F1C6
:10B2E000FF38A8EB09091D444A462846D4F8401205
:10B2F00004F0D3FE00284FD04A46D4F85412284612
:10B3000004F0CBFE002850D04A46D4F868122846F4
:10B3100004F0C3FE002851D04A46D4F87C122846D7
:10B3200004F0BBFE002854D04A46D4F890122846B8
:10B3300004F0B3FE002855D04A46D4F8A41228469B
:10B3400004F0ABFE002856D04A46D4F8B81228467E
:10B3500004F0A3FE002857D04A46D4F8CC12284661
:10B3600004F09BFE002855D04A46D4F8E012284647
:10B3700004F093FE00284AD04A46294604F53C7062
:10B38000FFF756FE17E704F1A80014E704F5CA70AA
:10B3900011E704F1BC000EE704F50F700BE704F5AC
:10B3A000D47008E704F1D00005E704F5147002E753
:10B3B00004F5DE70FFE604F1E400FCE604F5197024
:10B3C000F9E604F5E870F6E60020F4E604F1F8008A
:10B3D000F1E604F51E70EEE604F5F270EBE604F516
:10B3E0008670E8E604F52370E5E604F5FC70E2E615
:10B3F00004F59070DFE604F52870DCE604F50370D0
:10B40000D9E604F59A70D6E604F52D70D3E604F576
:10B410003770D0E604F53270CDE600BFF8B50546CA
:10B4200008460E461446E4F7DDFE22460746296824
:10B43000304604F032FE002847D1013C7B1CE41B5F
:10B440001E4422463046A96804F027FEA8B32246CF
:10B45000E969304604F021FE88B32246296B304664
:10B4600004F01BFE70B32246696C304604F015FEF2
:10B4700068B32246A96D304604F00FFE50B3224651
:10B48000E96E304604F009FE38B32246D5F8801044
:10B49000304604F002FE18B32246D5F89410304628
:10B4A00004F0FBFDF8B122463046D5F8A81004F0B0
:10B4B000F4FD50B905F1A400F8BD281DF8BD05F153
:10B4C0001800F8BD05F12C00F8BD0020F8BD05F10D
:10B4D0004000F8BD05F15400F8BD05F16800F8BD65
:10B4E00005F17C00F8BD05F19000F8BD70B504468B
:10B4F0000D4608466168164604F0CFFD80B332461B
:10B50000A169284604F0C9FD38B33246E16A2846ED
:10B5100004F0C3FD30B33246216C284604F0BDFD73
:10B5200018B33246616D284604F0B7FD00B33246C9
:10B53000A16E284604F0B1FDE8B13246E16F28461D
:10B5400004F0ABFDD0B132462846D4F8901004F098
:10B55000A4FDB0B904F18C0070BD04F1140070BDFD
:10B56000204670BD04F1280070BD04F13C0070BDA0
:10B5700004F1500070BD04F1640070BD04F1780066
:10B5800070BD002070BD00BF2DE9F047044608469D
:10B590000F469046E4F726FE42468146216838462B
:10B5A00004F07BFD002840F09E8009F1010608F1BF
:10B5B000FF353E44A5EB090530462A46A16804F054
:10B5C0006CFD002800F08C802A46E169304604F0CA
:10B5D00064FD002800F0BC812A46216B304604F04F
:10B5E0005CFD002800F0BC812A46616C304604F006
:10B5F00054FD002800F0BB812A46A16D304604F0BE
:10B600004CFD002800F0B9812A46E16E304604F076
:10B6100044FD002800F000822A46D4F8801030460D
:10B6200004F03BFD002800F003823046E4F7DAFD29
:10B630002A468246D4F89010304604F02EFD0028A9
:10B6400051D1013D0AF10103A5EB0A051E442A462A
:10B650003046D4F8981004F020FD002800F0F68160
:10B660002A46D4F8AC10304604F017FD002800F04C
:10B67000F9812A46D4F8C010304604F00EFD0028A7
:10B6800000F0F9812A46D4F8D410304604F005FDC4
:10B69000002800F0F6812A46D4F8E810304604F07D
:10B6A000FCFC002800F0F3812A46D4F8FC10304658
:10B6B00004F0F3FC002800F0F2812A46D4F81011BF
:10B6C000304604F0EAFC002800F0EF812A463046BC
:10B6D000D4F8241104F0E1FC28B904F5907000E0DE
:10B6E000201DBDE8F0874246D4F80C13384604F01C
:10B6F000D4FC002840F0CD8009F1010608F1FF35A7
:10B700003E44A5EB090530462A46D4F8141304F04C
:10B71000C4FC002800F020812A46D4F828133046C3
:10B7200004F0BBFC002800F01F812A46D4F83C132B
:10B73000304604F0B2FC002800F01C812A46D4F800
:10B740005013304604F0A9FC002800F062812A461C
:10B75000D4F86413304604F0A0FC002800F06581A2
:10B760002A46D4F87813304604F097FC002800F0FD
:10B770006A812A46D4F88C13304604F08EFC0028E7
:10B7800000F06D812A46D4F8A013304604F085FC01
:10B79000002800F06D812A46D4F8B413304604F036
:10B7A0007CFC002800F06A812A46D4F8C813304691
:10B7B00004F073FC002800F067812A46D4F8DC13FB
:10B7C000304604F06AFC002800F066812A46D4F86E
:10B7D000F013304604F061FC002800F0638130462D
:10B7E000E4F700FD2A468246D4F80014304604F0FF
:10B7F00054FC00284DD1013D0AF10103A5EB0A05D7
:10B800001E442A463046D4F8081404F046FC0028AA
:10B8100000F04E812A46D4F81C14304604F03DFC5A
:10B82000002800F04B812A46D4F83014304604F04A
:10B8300034FC002800F03F812A46D4F844143046F6
:10B8400004F02BFC002800F045812A46D4F8581457
:10B85000304604F022FC002800F039812A46D4F852
:10B860006C14304604F019FC002800F02D812A46A3
:10B87000D4F88014304604F010FC002800F0218138
:10B880002A46314604F59260FFF730FE00287FF427
:10B8900028AF4246D4F87C15384604F0FEFB002859
:10B8A00074D109F1010608F1FF353E44A5EB090505
:10B8B00030462A46D4F8841504F0EFFB002862D005
:10B8C0002A46D4F89815304604F0E7FB002857D0F4
:10B8D0002A46D4F8AC15304604F0DFFB002800F00F
:10B8E000A1802A46D4F8C015304604F0D6FB0028C3
:10B8F00000F0A4803046E4F775FC2A468246D4F86E
:10B90000D015304604F0C9FB00283FD1013D0AF1B3
:10B910000103A5EB0A051E442A463046D4F8D81583
:10B9200004F0BBFB002800F097802A46D4F8EC1501
:10B93000304604F0B2FB002800F097802A463046DB
:10B94000D4F8001604F0A9FB00BB04F2FC50C8E6D2
:10B9500004F11800BDE8F08704F54470BDE8F087F5
:10B9600004F12C00BDE8F08704F54970B9E604F154
:10B970004000B6E604F54E70B3E604F15400B0E6BC
:10B9800004F29450ADE604F5B060AAE64246D4F85D
:10B990001C16384604F081FB002852D109F101033E
:10B9A0001F443846E4F71EFC08F1FF38A8EB0909EC
:10B9B0004A468046D4F82016384604F06EFB064608
:10B9C00000283ED109F1FF3908F10103A9EB08096C
:10B9D0001F444A463846D4F8281604F05EFBF0B1FE
:10B9E0004A46D4F83C16384604F057FB18B34A468A
:10B9F000D4F85016384604F050FB50B34A46384647
:10BA0000D4F8641604F049FB002843D104F5CC6057
:10BA100067E604F5537064E604F1680061E604F239
:10BA200024605EE604F5B5605BE604F5587058E600
:10BA300004F17C0055E604F5C76052E604F2BC5000
:10BA40004FE600204DE604F55D704AE604F19400EF
:10BA500047E604F24C6044E604F2D45041E604F5B3
:10BA600062703EE604F1A8003BE604F5BD6038E6EE
:10BA700004F5677035E604F1BC0032E604F56C703D
:10BA80002FE604F1D0002CE604F5717029E604F1EC
:10BA9000E40026E6304624E604F5767021E604F15B
:10BAA000F8001EE604F57B701BE604F5867018E6C8
:10BAB00004F2044015E604F22C4012E604F583601B
:10BAC0000FE604F27C400CE604F58D6009E604F212
:10BAD000544006E604F5886003E600BF2DE9F04710
:10BAE000064608460D461446E4F77CFB2246074608
:10BAF0003168284604F0D1FA002840F0E480013C87
:10BB00007B1CE41B1D4422462846B16804F0C5FA9C
:10BB1000002800F0CD802246F169284604F0BDFAE5
:10BB2000002800F0C8802246316B284604F0B5FAA0
:10BB3000002800F0C4802246716C284604F0ADFA5B
:10BB4000002800F0C2802246B16D284604F0A5FA14
:10BB5000002800F0BD802246F16E284604F09DFAD0
:10BB6000002800F0B8802846E4F73CFB22468146D6
:10BB7000F16F284604F091FA002840F0B28009F1F4
:10BB8000010704F1FF382F44A8EB09083846424664
:10BB9000D6F8841004F081FA002800F09F80424615
:10BBA000D6F89810384604F078FA002800F0F380B0
:10BBB0004246D6F8AC10384604F06FFA002800F080
:10BBC000F0804246D6F8C010384604F066FA0028E5
:10BBD00000F0ED804246D6F8D410384604F05DFA05
:10BBE000002800F0EA804246D6F8E810384604F013
:10BBF00054FA002800F0E7804246D6F8FC10384698
:10BC000004F04BFA002800F0E4804246D6F8101108
:10BC1000384604F042FA002800F0E7804246D6F8A1
:10BC20002411384604F039FA002800F0DB8042463F
:10BC3000D6F83811384604F030FA002800F0DB80DE
:10BC40003846E4F7CFFA42468246D6F848113846DD
:10BC500004F023FA58B908F1FF320AF10101A2EB0E
:10BC60000A02394406F5A670FFF7E2F908BB42461E
:10BC7000394606F5DA70FFF7D1FBD0B942463946AE
:10BC800006F51C70FFF7CAFB98B94246D6F8301388
:10BC9000384604F002FA002800F0B08042463846E8
:10BCA000D6F8441304F0F9F9D8B906F5507000E05D
:10BCB000301DBDE8F08706F11800BDE8F08706F1F9
:10BCC0002C00BDE8F0870020F3E706F14000F0E724
:10BCD00006F15400EDE706F16800EAE706F180009E
:10BCE000E7E72246D6F85813284604F0D6F900288C
:10BCF0004AD109F10107631E2F44A3EB0909384615
:10BD00004A46D6F8601304F0C8F9002846D04A46DF
:10BD1000D6F87413384604F0C0F9002844D04A46D7
:10BD2000D6F88813384604F0B8F9002842D04A46BD
:10BD3000D6F89C13384604F0B0F9002840D04A46A3
:10BD4000D6F8B013384604F0A8F900283ED04A4689
:10BD5000D6F8C413384604F0A0F9E8B34A46D6F83A
:10BD6000D813384604F099F9C8B34A46D6F8EC130C
:10BD7000384604F092F9D8B34A46394606F57F7042
:10BD8000FFF788F9002894D12246294606F25C7014
:10BD9000FFF7FAFB8DE706F194008AE706F5577086
:10BDA00087E706F1A80084E706F55C7081E706F1F5
:10BDB000BC007EE706F561707BE706F1D00078E70E
:10BDC00006F5667075E706F1E40072E706F56B703C
:10BDD0006FE706F1F8006CE706F5707069E706F5A5
:10BDE000757066E706F5907063E706F5867060E7A4
:10BDF00006F57A705DE706F59A705AE706F54B701E
:10BE000057E700BF2DE9F84F04460D460846616824
:10BE1000904604F042F9002800F037812846E4F704
:10BE2000E1F9424681466169284604F036F9002866
:10BE300065D109F1010608F1FF372E44A7EB090788
:10BE400030463A46E16904F028F9002800F02181E3
:10BE50003A46216B304604F020F9002800F01E819C
:10BE60003A46616C304604F018F9002800F01E8153
:10BE70003A46A16D304604F010F9002800F01C810C
:10BE80003A46E16E304604F008F9002800F03181AE
:10BE90003A46D4F88010304604F0FFF8002800F04D
:10BEA0002E813A46D4F89410304604F0F6F8002873
:10BEB00000F02B813A46D4F8A810304604F0EDF893
:10BEC000002800F028813A46D4F8BC10304604F02F
:10BED000E4F8002800F022813A46D4F8D010304629
:10BEE00004F0DBF8002800F01C8131463A4604F1EA
:10BEF000E000FCF7D7FF0646002840F0C780424626
:10BF0000D4F88011284604F0C8F8002872D109F14D
:10BF1000010708F1FF3A2F44AAEB090A38465246B6
:10BF2000D4F8881104F0B9F8002800F0BC8052461B
:10BF3000D4F89C11384604F0B0F8002800F0B9801D
:10BF40005246D4F8B011384604F0A7F8002800F0A3
:10BF5000CD805246D4F8C411384604F09EF800282B
:10BF600000F0CA805246D4F8D811384604F095F84B
:10BF7000002800F0C7805246D4F8EC11384604F08F
:10BF80008CF8002800F0C4805246394604F5FE7053
:10BF9000FCF752FF0646002878D15246394604F590
:10BFA0001170FCF749FF064600286FD1524639460A
:10BFB00004F52370FCF740FF0646002866D1524680
:10BFC000394604F53570FCF737FF064600285DD189
:10BFD0005246394604F54770FCF72EFF0646002806
:10BFE00054D15246394604F55970FCF725FF0646F0
:10BFF00000284BD14246294604F56C70FFF76EFDD0
:10C000000646002842D104F58D501030424629469C
:10C01000FFF764FD0646C8BB41F6B0734246E158DF
:10C02000284604F03AF8002855D104F5FD5A09F1E4
:10C03000010708F1FF332F44A3EB0909DAF81810C0
:10C0400038464A460AF1140A04F027F8D8B13846AF
:10C05000E4F7C8F841F6C87383464A46E1583846C3
:10C0600004F01BF858BB04F5FE5A09F1FF320BF13E
:10C070000100DAF81010A2EB0B0238440AF10C0AA6
:10C0800004F00BF8D8B9564600E026463046BDE825
:10C09000F88F04F118063046BDE8F88F04F12C063D
:10C0A0003046BDE8F88F04F5C276EFE704F14006AC
:10C0B000ECE704F5CC76E9E704F15406E6E704F58D
:10C0C000FF5A0AF1040A4A463846DAF8041003F027
:10C0D000E4FF0028D7D004F50154424628466168A1
:10C0E00003F0DBFF002808BF2646CFE704F5D6762D
:10C0F000CCE704F16806C9E704F5E076C6E704F189
:10C100007C06C3E704F5EA76C0E704F19006BDE7D4
:10C1100004F5F476BAE704F1A406B7E704F1B8062B
:10C12000B4E704F1CC06B1E7F8B5571E002A58D0A1
:10C130008D18013D4B1E002613F8014F2E2C08BF11
:10C140001E709D42F8D10023CB5546680D46284607
:10C150007168144603F0A1FF002844D02246B1695B
:10C16000284603F09AFFC8B32246F16A284603F036
:10C1700094FFD0B32246316C284603F08EFFB8B34B
:10C180002246716D284603F088FFA0B32246B16EA7
:10C19000284603F082FF88B32246F16F284603F059
:10C1A0007CFF70B32246D6F89010284603F075FF46
:10C1B00050B32246D6F8A410284603F06EFF30B3E1
:10C1C0002246D6F8B810284603F067FF10B322467F
:10C1D000294606F1C800FFF715FEF8BD06F1140068
:10C1E000F8BDCA5546683046F8BD06F12800F8BDCE
:10C1F00006F13C00F8BD06F15000F8BD06F1640000
:10C20000F8BD06F17800F8BD06F18C00F8BD06F126
:10C21000A000F8BD06F1B400F8BD00BF30B4104B6B
:10C220001A78FE2A12D06AB10E4B0F4C0F49002526
:10C23000032006221A702560087018230C4A137018
:10C2400030BC70470B4B1A78FE2AEDD10649074CDB
:10C250000B600449DD78187925705B790870EDE78B
:10C260000078FF1F6210002068120020611000207B
:10C27000631000201078FF1FF0B5BF4C2378BFF388
:10C280005B8FDB0785B0054640F16781BB4FBC4C37
:10C29000BC4821464FF4C473002201F0B7FB05F1FE
:10C2A000640605F1140105F1280305F13C0205F1CE
:10C2B0005000C4E90151E36005F1780105F18C03F8
:10C2C0002261606105F1A00205F1B400A66105F1EB
:10C2D000C806E161236205F1E00105F1F403626241
:10C2E000A06205F5847205F58E70E66205F5987614
:10C2F0002163636305F5A27105F5AC73A263E06386
:10C3000005F5B67205F5C070266405F5CA76616458
:10C31000A36405F5D67105F5E073E264206505F5C3
:10C32000EA7205F5F870666505F50176A165E365C5
:10C3300005F5067105F50B732266606605F5137247
:10C3400005F51870A66605F51D76E166236705F507
:10C35000227105F527736267A06705F52C7205F554
:10C360003270E66705F53776C4F88010C4F884307B
:10C3700005F53C7105F54473C4F88820C4F88C00B9
:10C3800005F5497205F54E70C4F8906005F55676CE
:10C39000C4F89410C4F8983005F55B7105F5607326
:10C3A000C4F89C20C4F8A00005F5687205F56D700E
:10C3B000C4F8A46005F57276C4F8A810C4F8AC30CF
:10C3C00005F57A7105F57F73C4F8B020C4F8B400A0
:10C3D00005F5826205F58660C4F8B86005F244464A
:10C3E000C4F8BC10C4F8C03005F58B6105F27C437D
:10C3F000C4F8C420C4F8C80005F5926205F2A44050
:10C40000C4F8CC6005F59766C4F8D010C4F8D430F1
:10C410002146C4F8D820C4F8DC00C4F8E06005F276
:10C42000CC4005F595564FF4C4733922FBF732FD25
:10C4300005F5935105F59453324606F12C001C3155
:10C44000103304321836C4F85413C4F85833214654
:10C45000C4F85C23C4F860634FF4C47305F5025656
:10C46000D922FBF717FD05F5015330463C332C303C
:10C47000C4F8D435C4F8DC0505F5035105F50350BF
:10C4800005F5045205F50453C4F8E00524310832DB
:10C490001C3305F50550C4F8E415C4F8E825C4F8C4
:10C4A000EC35143605F50553303005F5065105F524
:10C4B0000652C4F8D865C4F8F035C4F8F80505F597
:10C4C000055614312C3205F5075305F50850C4F80C
:10C4D000FC15C4F8002618360433183005F5085149
:10C4E00005F50952C4F8F465C4F80436DFF8A8E08D
:10C4F000DFF8A8C0C4F8100605F50756343110322D
:10C5000005F509532048C4F81416C4F8182628362F
:10C51000042205F508552C334FF4C471C4F808669D
:10C52000C4F80C56C4F81C36CEF8004002AB002408
:10C53000CCF8001007600DEB0201144E1148029672
:10C540000125ADF80C50019401F0EAF9104BBDF84B
:10C550000C201A80204605B0F0BD204601F0F2FD07
:10C56000064F00283FF493AE0A4B7D6020463B60A7
:10C5700001F0F4FD8BE600BF280A00202C0A002001
:10C58000340A0020AC04002004390020E0490208ED
:10C590000C390020484C02080839002010390020CE
:10C5A00008B50E48FAF7D4FD0C48FFF765FE0C4BB2
:10C5B00001221A7000F090FC00F0A0FD094B5B789E
:10C5C00033B100F067FF4FF47A70EBF72DFFFAE715
:10C5D000054B186800F0D4FEF5E700BF8C12002070
:10C5E0006010002034020020F4090020F0B591B062
:10C5F00005460E466846402103F08CFC2B68044635
:10C6000002461F68694628460023B847AEB1ECB120
:10C610006C446A46002312F8011BA24283EA01031C
:10C62000F9D10B4A4021684603F074FC2B6802469E
:10C630001C68694600232846A0472B6805491C68EA
:10C64000284600230222A04711B0F0BD2346E8E7A8
:10C650007C5E0208805E0208F0B591B005460E4689
:10C660001B684021684603F055FC2B6804460246CF
:10C670001F68694628460023B847AEB1ECB16C4448
:10C680006A46002312F8011BA24283EA0103F9D192
:10C690000B4A4021684603F03DFC2B6802461C68AB
:10C6A000694600232846A0472B6806491C6828468F
:10C6B00000230222A04711B0F0BD2346E8E700BFE7
:10C6C0007C5E0208805E0208F0B593B0DDE9185484
:10C6D0002D6824681B6800950E460546019440218C
:10C6E00002A803F017FC2B68044602461F6802A943
:10C6F00028460023B847B6B1F4B102AB1C441A4631
:10C70000002312F8011BA24283EA0103F9D10B4A6C
:10C71000402102A803F0FEFB2B6802461C6802A918
:10C7200000232846A0472B6805491C68284600239B
:10C730000222A04713B0F0BD2346E8E77C5E020862
:10C74000805E0208F0B591B005460E46684640216D
:10C7500003F0E0FB2B68044602461F686946284642
:10C760000023B847AEB1ECB16C446A46002312F81E
:10C77000011BA24283EA0103F9D10B4A402168461A
:10C7800003F0C8FB2B6802461C6869460023284654
:10C79000A0472B6805491C68284600230222A047B1
:10C7A00011B0F0BD2346E8E77C5E0208805E020817
:10C7B0002DE9F0439046ADF5497D0C46002900F087
:10C7C000048101783B2900F0038100231F460546C0
:10C7D0004FF0FF3603E015F8011F3B2943D09E427E
:10C7E00003F1010203D92A2914BF4F40164694428F
:10C7F0001346F0D1B4F5807F28BF4FF4807487AD25
:10C8000001462246284602F08DFAB4422DD8002671
:10C8100000272F552B78702B5AD0712B00F08E806B
:10C82000762B2FD0632B00F0BA80742B00F0D480CD
:10C83000662B72D0682B00F0E680692B00F0EE8149
:10C84000732B00F0D681722B00F00C82772B00F056
:10C850002782752B00F0BA8183B131464046BF4A2A
:10C86000FFF7C4FE0AE01446C4E747AABC49A8196A
:10C8700003F0A4FB479B9F4200F084800DF5497DA7
:10C88000BDE8F08347AC284607AB06AA0094B5493B
:10C8900003F094FB012848DD069B012B00F2408148
:10C8A000022808BFDFEDB07AB04A14BFD4ED000A09
:10C8B000C4ED007A52F823409DED070A606908BF75
:10C8C000F0EE670AF2F776FF2046F1F761F8D5E758
:10C8D00047AC07AF284606AB05AACDE90074A449CA
:10C8E00003F06CFB012820DD059B012B4DD80228AD
:10C8F00000F01D810328D7ED000A00F01C8194EDA3
:10C90000001A9A4A9DED060A52F823406069F2F730
:10C9100047FF2046F1F73CF8B0E7284607AA9549BB
:10C9200003F04CFB002800F3BA8031464046924A9F
:10C93000FFF75CFE0DF5497DBDE8F08347AC07AF1E
:10C94000284606AB05AACDE900748C4903F036FBF6
:10C950000128EADD059B012B17D8844A069952F875
:10C9600023305A690228116208D0126839681161AF
:10C97000032803D09A692168126A11621846F1F7F8
:10C9800007F87BE7741E012642E705AB31464046B7
:10C990007B4AFFF761FE0DF5497DBDE8F08328462F
:10C9A00047AB07AA774903F009FB0128BDDD079BC8
:10C9B000012B40F2C78007AB31464046704AFFF773
:10C9C0004BFE0DF5497DBDE8F0830E4687AD1FE7B0
:10C9D0000026344687AD1BE7284647AB07AA6A49BD
:10C9E00003F0ECFA0128A0DD079B012BE3D85F4A96
:10C9F0009DED470A52F823406069F2F7E9FE2046B0
:10CA0000F0F7C6FF3AE731464046604AFFF7EEFDD1
:10CA1000314640465E4AFFF7E9FD314640465D4AF1
:10CA2000FFF7E4FD314640465B4AFFF7DFFD314644
:10CA300040465A4AFFF7DAFD31464046584AFFF76A
:10CA4000D5FD31464046574AFFF7D0FD31464046B6
:10CA50004F4AFFF7CBFD31464046534AFFF7C6FD2C
:10CA600031464046514AFFF7C1FD31464046504AE3
:10CA7000FFF7BCFD31464046454AFFF7B7FD31465A
:10CA800040464C4AFFF7B2FD314640464A4AFFF75E
:10CA9000ADFD31464046494AFFF7A8FDEEE6079B4B
:10CAA000012B88D8314A52F82330DC68A06AE3F7BA
:10CAB0005BFDCDE90201206AE3F756FD47ACCDE905
:10CAC00000013F4A4021204603F024FAD8F8003004
:10CAD00005460246D3F8009021463B464046C847EB
:10CAE000AEB161193B46224612F8010B8A4283EA35
:10CAF0000003F9D1334A4021204603F00BFAD8F85D
:10CB000000300246214640461C680023A047D8F862
:10CB100000302D491C68404600230222A047ADE6A4
:10CB200006AB31464046164AFFF796FDA6E6DFED16
:10CB30000E0AC7ED000ADFED0C7AB0EE671AC4EDFD
:10CB4000007ADEE6094A9DED470A52F82340606903
:10CB5000F2F738FE2046F0F71BFF8FE66C5E020806
:10CB6000B8520208505C0208000000000C090020C6
:10CB7000045C02086C5C0208145C0208405C020859
:10CB80002C5C02085C5C0208645C0208745C0208AD
:10CB9000F05B0208A05C0208C85C0208EC5C0208BA
:10CBA000105D02082C5D0208405D0208805D0208ED
:10CBB000945D0208AC5D0208BC5D0208D05D02080D
:10CBC0000C5C02087C5E0208805E0208284647AAC8
:10CBD0004D4903F0F3F900287FF7A7AE479B012BDF
:10CBE00040F28B8047AB31464046484AFFF734FD60
:10CBF00044E66B78732B74D0652B75D0722B7FF461
:10CC00003DAEBFF34F8F4249424BCA6802F4E06227
:10CC10001343CB60BFF34F8F00BFFDE707AD47ACB9
:10CC2000032106204FF0180C06AB06910790314601
:10CC3000404600950194384ACDF81CC1FFF744FDE9
:10CC4000CDE9005406AB31464046344A2F60276098
:10CC50000697FFF739FD31464046314B314AFFF721
:10CC600071FD0BE6284647AA2F4903F0A7F90028D3
:10CC70007FF75BAE2D4B1868036847A99B684FF49C
:10CC800080729847002832D0036807A95B680A229F
:10CC9000984700B307AA31464046FFF7A7FCEDE5E9
:10CCA000284647AB07AA224903F088F900287FF7F6
:10CCB0003CAE1E4B1868036807A99B684FF480724E
:10CCC0009847A0B1036847A99B684FF480729847C2
:10CCD00000287FF4D3AD31464046164AFFF786FC64
:10CCE000CCE5F3F7CDF9C9E5F3F7F0FDC6E531463C
:10CCF0004046114AFFF77AFCC0E5104A52F823007B
:10CD0000F0F746FEBAE500BF645E02082C5C02083C
:10CD100000ED00E00400FA05DC5D0208F85D0208A1
:10CD200078120020145E0208285E020804390020F0
:10CD3000545E0208445E0208305E02080C090020BE
:10CD40002DE9F8431C4D1D4EDFF87490044647183A
:10CD50009046BC4213D02A6814F8013BFF2A10D930
:10CD600000220D2B32702A6003D00A2B01D0212B18
:10CD7000EFD1002201232A603370BC42EBD1BDE821
:10CD8000F8830D2B31780AD00A2B08D0212B06D03E
:10CD90000029DED0511C09F802302960D9E70029AA
:10CDA000E7D0424629684846FFF702FD00220123EA
:10CDB0002A603370E1E700BF1836002084040020A9
:10CDC000183500204FF0FF30704700BF2DE9F047C5
:10CDD0001F4E204F204DDFF88890B046BA460CE039
:10CDE000736B29681B685C68C4F14004A1421ED8BB
:10CDF0008C420ED80120EBF717FBF36B002BEFD022
:10CE00004046EAF731FD402251464046EAF7E0FC51
:10CE1000E6E7621A00233944484600F0DFFB286841
:10CE20000E4A211A3844FFF78BFF2C60E2E7C1F16C
:10CE3000400200233944484600F0D0FB2868074AE6
:10CE4000C0F140013844FFF77BFF00212960CFE7A4
:10CE5000904000201C3600205C360020283700203F
:10CE6000903600208AB32DE9F047DFF86490DFF8B0
:10CE700064A00E4698461546071D0A21402DD9F894
:10CE800000002C4628BF4024EBF790FB2246314699
:10CE9000B8B9384601F046FFA2B239465046EAF723
:10CEA0005BFC70B926442D1BB8F1000F04D0D8F8F4
:10CEB00000301C44C8F80040002DDED10020BDE841
:10CEC000F0874FF0FF30BDE8F0870020704700BFCB
:10CED000103B002090400020F0B50E4D0E490F4C45
:10CEE0000F4F87B028464022EAF772FC6B6B1D6833
:10CEF0000FCC26686D6801AC0FC4C5F14005002158
:10CF000001A83D602660EBF777FA064B186007B082
:10CF1000F0BD00BF904000201C360020F83B020806
:10CF20005C3600206C370020014B1868EBF740BBE3
:10CF3000103B00200B4A0C480C4B0D4970B40D4CB3
:10CF40000D4D146042600022C1E90050C3E9232264
:10CF50000A4C0B4EC3F894101C609A60066070BCBB
:10CF6000704700BF28370020883600209036002008
:10CF700060360020A85E02081861020808610208F5
:10CF8000E460020802B32DE9F04180460E461F46D8
:10CF90001446D8F804000368402C1B68224631462A
:10CFA000254628BF4025984750B92E44641B17B129
:10CFB0003A6815443D60002CEBD10020BDE8F081BB
:10CFC0004FF0FF30BDE8F081002070474FF0FF3098
:10CFD000704700BF2DE9F84F1E4C1F4E1F4DDFF864
:10CFE00084B01F4FDFF88090DFF88080DFF880A0EA
:10CFF00020684FF0FF31EBF7D9FA0028F8D13368F9
:10D000002A7A0133336092B1D5E9003E9BF802C021
:10D010002872524640461946BCF1000F16D07146A0
:10D020001846FFF78DFE697A4846EBF755FC3B7AC8
:10D03000002BDDD00023D7E9001240463B7200F000
:10D0400077FC797A4846EBF747FCD1E7724600F067
:10D050006FFCE8E7183B0020B03700208804002070
:10D0600098040020340200206C4500207037002016
:10D07000BC370020402A19D8836870B50E46054693
:10D080000A2118681446EBF791FA50B9A1B230465C
:10D090002A79E8F77FFA60B9094A53680133536087
:10D0A00070BD074A936801339360EFE74FF0FF309C
:10D0B0007047AB681868EBF77BFA4FF0FF3070BD34
:10D0C000B037002010B40A4B5C7A944206D0094B6A
:10D0D0005C7A944202D05DF8044B7047064C1860AD
:10D0E0000122206859601A725DF8044BEBF760BAB0
:10D0F0008804002098040020183B002030B5074D1C
:10D100000FCD87B001AC0FC42B682360002101A8AC
:10D11000EBF772F9024B186007B030BD0C3C020807
:10D12000C43700200B4A0C4B0C490D4830B40D4C51
:10D1300014601C600C4C94609C600C4C01251571B3
:10D14000C1E9004303251D71094DC0E9005230BCFF
:10D15000704700BF98370020A437002070370020A8
:10D16000BC3700202C5F0208143B00201861020825
:10D17000385F020810B4002404714471C0E902123F
:10D180005DF8044B704700BF30B5054689B0806834
:10D190000C46E5F7AFFBE0B9227923680590002A39
:10D1A00014BF04210021A2798DF81C000190A86809
:10D1B0000491CDE902330692E5F7A2F910B901987E
:10D1C00009B030BDE21DA86801AB02A9E5F740F93E
:10D1D000F5E74FF0FF3009B030BD00BF38B5002192
:10D1E00004468068E5F736FA01210546A068E5F7B0
:10D1F00031FA284438BD00BF30B5054689B00C4629
:10D2000080680021E5F726FAC0B1A868E31D01AAED
:10D210000021E5F78DF9012001A926C9049B002D05
:10D220000ABF0A460125002505992260003318BF70
:10D23000012325716371A17109B030BD0121A86876
:10D24000E5F708FA0028E7D0A868E31D01AA012144
:10D25000E5F76EF90120DFE770B51D4E84B0044696
:10D260000825A068E5F746FB0346A0B1B0F5003FEE
:10D27000F7D1A068E5F740FBA068E5F78BF8002838
:10D28000EFD10221A068E5F7F9F9A068E5F732FBD4
:10D2900003460028EAD10A213068CDE90033CDE900
:10D2A00002338DF80650EBF781F905E02046FFF7D1
:10D2B000A3FFE3681B7933B12046FFF78FFF694670
:10D2C0000028F3D1DDE76846F3F7C0FFF4E700BFBD
:10D2D000243B002008B5FFF7BFFF00BF10B5044690
:10D2E0008068E5F785F8A068E4F74AFFA068E5F7ED
:10D2F00051F800B110BDA0680221BDE81040E5F76B
:10D30000BDB900BF1A4A914210B427D017D9194AA3
:10D3100091420BD0184A91421DD1D0E90223022438
:10D32000546019605DF8044BFFF7D8BFD0E90223C1
:10D330000424546019605DF8044BFFF7CFBF0F4A17
:10D34000914208D1D0E902231024546019605DF89D
:10D35000044BFFF7C3BF5DF8044B7047D0E90223CD
:10D360000824546019605DF8044BFFF7B7BF00BF95
:10D3700090D0030020A1070040420F0048E80100C0
:10D38000F0B5C368044691B01968FFF7BBFFA06809
:10D39000E4F7F6FE00230122A0680C9306A9CDE96C
:10D3A0000D22CDE90A33CDE90633CDE90833E4F7A0
:10D3B00069FFA068E4F7EEFF98B107460C4E0FCE68
:10D3C00001AD0FC533682B60214601A8EBF714F8B7
:10D3D0002060381C4FF0010318BF0120637111B0A9
:10D3E000F0BD0221A068E5F749F90746E6E700BF6E
:10D3F000203C020803791943017170478B68DB6E8A
:10D4000003B9704770B50C460546EAF7EDFFA26810
:10D41000636DD26EC31A9342064603D3EB681B7941
:10D420000BB1666570BD2046F4F70CF8F9E700BF54
:10D43000704700BF704700BF704700BF704700BF14
:10D44000704700BF704700BF08B50221E5F72AF911
:10D45000024B1868BDE80840EBF7AAB8243B00204F
:10D46000704700BF704700BF704700BF704700BFE4
:10D47000704700BFE5F740BA023A802A01D9002080
:10D48000704708B50231024801F04CFC002008BD8D
:10D490004C3800200148EDF753BE00BF384800204B
:10D4A000428DC2F18402042A70B5044607D894F86C
:10D4B0003D302A2B04BF282384F83D3070BD0C4832
:10D4C0000C4D81682E796B79AE70013181601E261A
:10D4D0000021298063F07F03AE8029460648EB7067
:10D4E00000F026FA0435802365626385DFE700BF1C
:10D4F000F4380020C8370020CC38002010B504468E
:10D50000FFF7CEFF2046BDE81040EDF719BE00BF83
:10D510000C4A536870B501330D4653600446FFF75B
:10D52000BFFF012D20464FF004034FF0800204D0CE
:10D530000549BDE87040EDF77FBD0449BDE8704086
:10D54000EDF7BCBDF43800204C380020CC3700206B
:10D55000036C33F0040300D17047034AD3680133EE
:10D56000D360EDF7EDBD00BFF4380020024B034956
:10D57000034AC3E900127047CC3800201861020842
:10D58000A80400204FF0FF30704700BF806870474C
:10D5900070B4446894420ED22144121B13B11D682A
:10D5A0002C441C6085682C68246800264660A446CC
:10D5B000284670BC6047A41A446013B119680A4435
:10D5C0001A60002070BC704710B5D0E901431A689A
:10D5D000184653689847204410BD00BF2DE9F04716
:10D5E0000E4682B08F1805464FF0000943F6655885
:10D5F000BE4276D0AA68022A58D8A91801323078DB
:10D60000AA60012A087170D0022A74D02C1D05F17D
:10D61000070C422214F8011B4A40082150B2520064
:10D62000002801F1FF31D2B2B8BF82F0370211F009
:10D63000FF01F3D16445EDD1002A59D195F805E0F9
:10D64000D5F88C200EF102008242C5F890003FD13F
:10D6500005F10C0101EB000E8A46D64541F2373048
:10D6600014D01AF8014B80EA042008240FFA80FC39
:10D670004000BCF1000F04F1FF3480B2B8BF80EA73
:10D68000080014F0FF04F1D1D645EAD148B9D5F825
:10D69000940001930468023A2468A047019B49EA78
:10D6A00000090022C5E92322AA6011E0D5F88C10F8
:10D6B0007F2905D8681834780131C5F88C100473B7
:10D6C000032A05D1D5F89000D5F88C208242BFD02E
:10D6D0000136002B8CD01A68BE4202F101021A609A
:10D6E00088D1484602B0BDE8F0872A79AA2AEFD04F
:10D6F0000022AA60ECE795F90520002AE8DAF7E7AE
:10D700007F2A6AD82DE9F041164682B0AA22F3B2E8
:10D710000C468DF8042005468DF805300821E822D6
:10D7200050B200284FEA4202D2B201DA82F0370248
:10D73000013911F0FF01F3D15A40082753B2002BF1
:10D740004FEA4202D2B201DA82F037027B1E13F0B6
:10D75000FF07F3D168688DF8062003680322D3F829
:10D76000008001A93B46C047002833D168680268A1
:10D770003B46214617683246B84758BB2644B44258
:10D7800041F2373343F6655011D014F8011B0822DB
:10D7900083EA012319B25B00002902F1FF329BB238
:10D7A000B8BF434012F0FF02F4D1B442EDD18DF87E
:10D7B000013068681B0A8DF80030036802221C687B
:10D7C00069460023A047003018BF0120404202B044
:10D7D000BDE8F0814FF0FF30F9E74FF0FF307047C0
:10D7E000F8B50446D0E90106964215461F4612D800
:10D7F000324601F097FAD4E90123701B3244A3EBBF
:10D80000060318BF4FF0FF30C4E9012317B13B688E
:10D810001E443E60F8BD01F085FAD4E901232A4494
:10D820005B1BC4E901232FB13B682E461E44002038
:10D830003E60EFE73846F8BD70B51368144684B013
:10D840000D461E681249104600230B22B04723687C
:10D8500010491E68204600230522B0472B460E4A79
:10D860000A2101A802F056FB01A8E2F7BBFC2368DD
:10D87000024601A91D6820460023A84723680749DE
:10D880001D68204600231C22A84704B070BD00BFBD
:10D89000F45F020800600208B8520208086002083B
:10D8A00010B584B00368184A0192CDE90231002B0B
:10D8B00026D10A680846146814490122A04701AA23
:10D8C00000211348FFF7B8FF029BB3B90398114931
:10D8D000026814680122A0470F4B1868036801AA68
:10D8E0005B6801219847029B2BB903980B4902689A
:10D8F00014680122A04704B010BD013B0293EBE77E
:10D90000013B0293DBE700BFEC5F020854520208C0
:10D91000AC04002094520208043900202860020858
:10D92000032A084600D870471946FFF7B9BF00BF61
:10D93000032A5ED92DE9F0410D882B0484B035D43B
:10D940002D4B4C881E68C4F30E07B74224B201F178
:10D9500004034BD2294E366856F827C0BCF1000F9D
:10D9600044D03FBB0127134413F8056C13F8063C61
:10D9700043EA06239F4239D1DCF800308F88D3F880
:10D9800000801F4B06461E2F1E48019028BF1E27F1
:10D9900006F10A009845A2F10802039701F1060179
:10D9A00002901FD1032A18D8002C06DB002004B0F7
:10D9B000BDE8F081144E3788D5E76FEA45436FEA3A
:10D9C000534370683381039A0368C2F1020206F17F
:10D9D00008011B683A449847E8E7084601A9FFF7A1
:10D9E0005FFFE1E7604601ABC047DDE74FF0FF3086
:10D9F000DDE74FF0FF307047103900200839002074
:10DA000021D90108DC5F02080C3900209A4238BF96
:10DA100041F82200704700BF82B002AB03E9030067
:10DA2000094BBDF800201B889A4202D0002002B0AA
:10DA30007047064BBDF804001B6898422CBF0020BD
:10DA4000012002B0704700BF0C39002010390020BF
:10DA500082B002AB03E903000A4BBDF8002019882D
:10DA6000BDF80430914209D1074A1268934205D2A9
:10DA7000064A126852F8230002B07047002002B034
:10DA8000704700BF0C3900201039002008390020F1
:10DA900000F000B801F03EB970B50023A0EBC0065D
:10DAA000C0EBC00210F8015B941905F07F02A240A0
:10DAB00013432A06F4D40B6070BD30B500231A4618
:10DAC00010F8014B04F07F0595402B43250602F129
:10DAD0000702F5D41F2A06D8640642BF4FF0FF3470
:10DAE00004FA02F213430B6030BD5028F7B5054627
:10DAF0000E4614461F4607D1D01C20F0030050F8F4
:10DB0000043B3B6003B0F0BD00F00F030C2B2ED89C
:10DB1000DFE803F025071D25292D2D2D2D182125A2
:10DB2000290001A92046FFF7B7FF019B002BE8D091
:10DB300005F07002102A08BF264633442A0648BF63
:10DB40001B68DEE701A92046FFF7B7FFEDE7204697
:10DB500030F8023BEAE7204630F9023BE6E7204690
:10DB600050F8043BE2E7204650F8083BDEE701F0BE
:10DB700067F81FB503AB009300230A461946E3F785
:10DB800029FC039805B05DF804FB00F07000202824
:10DB900008B510D004D8C0B1102816D001F050F844
:10DBA00040280DD0502810D03028F7D10846BDE8C5
:10DBB0000840E4F7C5B90846BDE80840E4F7C4B931
:10DBC0000846BDE80840E4F7ABB9002008BDFF29CE
:10DBD00070B50C4615461E460BD001462046FFF791
:10DBE000D4FF014633462A462046BDE87040FFF781
:10DBF0007CBF0021F6E773B50E461446054608B112
:10DC0000E4F78EF920603178FF2906F101021DD07A
:10DC1000231D2846FFF7DBFF024613782375FF2BF1
:10DC200002F1010014D01023237501A9FFF734FF7E
:10DC3000019B0344E3600378637501A90130FFF79A
:10DC40002BFF019B0344236102B070BD6060E4E7D9
:10DC50000023EFE72DE9F04F91B00023049300F08B
:10DC60000303012B07460C46164611D003D3022BA3
:10DC700003D000F0E5FF02071AD531462046E4F74D
:10DC80003BF918B1092011B0BDE8F08F0820FAE780
:10DC900000F0080505F0FF0875BBD1F8209010468C
:10DCA0000D21FFF766FF814540F04581062500E024
:10DCB000012510AB07F0080743F82C4D0093002313
:10DCC0003D430C2219463046E3F7A6FB062D40F0F3
:10DCD0003E81276BD4E90A98002F0CBF4FF0010A50
:10DCE0004FF0030A15F0080500F0C780BAF1010FE4
:10DCF00040F0BE8000F0F2FC0225DAE700203BE1B4
:10DD0000079A1344BB4240F23F81089F0FB10B9B1F
:10DD10001F44099810B10E9B01381844002FACD055
:10DD2000002800F0048115F00803029334D0472343
:10DD300023704E2363705523A3704323E37046235F
:10DD400023714F2363715223A3710023E3714FF0BA
:10DD5000000A6FF0030B07A9FFF7AFFE08A90390B5
:10DD6000FFF7ABFE0799002967D03EDD9DF83C0028
:10DD7000FF2834D000F00703042B3FF67AAF01A24E
:10DD800052F823F0ABDD010873DC0108E5DD010882
:10DD9000ABDD0108D9DD0108E379012B0CBF54F894
:10DDA000203C04F158030493D1E74FF0040C0D9A82
:10DDB00009AB0CFB11220C99FFF797FE099931B1C1
:10DDC0007CB304AB0022204600F028F948B3DDF80C
:10DDD0001C904FF0030A38E04FF0080CE7E74FF0D3
:10DDE000000CE4E74FF0020CE1E70D9B01FB0BB1E7
:10DDF00003EB0109E4B1029AD2B9049B0693A9F19D
:10DE0000040959F8041F41B106AB002249442046D9
:10DE100000F004F90028F4D0012181F0010100296B
:10DE2000D5D1089800287ED0039B0344184692E77A
:10DE30005958B1FA81F14909F1E74FF0010AF0E7C9
:10DE40004FF000094F464FF0010AEB077FF54AAF4C
:10DE5000BAF1020F3FF411AF0D213046049DFFF7D8
:10DE600088FEC4E90A98C4E90805276306200AE782
:10DE7000B9F1000F2ADA00F043FCBAF1010F02D128
:10DE8000204600F004FDB9F1000F1FDA0AAA41464E
:10DE90003046FFF7B0FE9DF83C00FF280FD031461A
:10DEA000FFF773FE6FF0030309FB03320D9B0C9029
:10DEB0001344002253F8221019B10132FAE7284620
:10DEC000F0E7C4E90A200422C4E90C2310AB304671
:10DED00043F81C4D009300231A461946E3F79CFAB9
:10DEE00010AB012243F8209D0093002319463046D1
:10DEF000E3F792FA0F213046FFF73BFE10AB00F03C
:10DF00000100074343F8247D009300230F221946A4
:10DF10003046E3F781FABAF1020F02D1204600F051
:10DF2000DBF80720AFE6BAF1000F3FF4A6AE81465A
:10DF30004FF0020A89E710AA434642F82C4D4146A9
:10DF4000009230460C2245F00205E3F765FA3046B0
:10DF5000E3F7ECFF804600283FF48FAE01460AAAA3
:10DF60003046FFF748FE81469DF83C00FF283FF40D
:10DF7000C5AE3146FFF709FE0C900F213046FFF782
:10DF8000F8FD20F00100471E0E9B4B457FF658AF71
:10DF90004A4606AB9DF83D100020FFF718FE07AB80
:10DFA00002469DF83D100020FFF711FE08AB024627
:10DFB0009DF83D100020FFF70AFE09A9FFF76CFD50
:10DFC0000A9B069A1344BB4281467FF699AEDDF860
:10DFD0003890D9E71EB400F09CF81EBCE3F7B6FDFC
:10DFE0000378472B17D143784E2B14D18378552BC8
:10DFF00011D1C378432B0ED10379432B0BD1437935
:10E000002B2B08D183792B2B05D1C07901288CBF0C
:10E010000020012070470020704700002DE9F341E7
:10E020001E460378472B0D460246C17913D143782B
:10E030004E2B10D18378552B0DD1C378432B0AD1A9
:10E040000379462B07D143794F2B04D18379522B87
:10E0500001D1002931D01046FFF7C2FF80F0010046
:10E06000C0B200230024019453BB58BB01290ABF4E
:10E0700052F8203CA2F12003783B012908BF52F856
:10E08000202C1C6818BF58320192236820469B68D8
:10E090009847C8B1019B1B68019302272B6801AA0E
:10E0A000D3F81080214601232846C04770B1019B58
:10E0B0003360384602B0BDE8F08101230846D1E75D
:10E0C000034CE2E7034CE0E70127E7E70746F0E708
:10E0D000406A0208486A020810B5044600F016FBC0
:10E0E00002462046A4F12001FFF77AFF60B154F800
:10E0F000043C0133012B44F8043C03D1936844F8F9
:10E10000083C9160012010BD9368002BF9D000F00D
:10E11000E5FA10B500F0FAFA826801460AB900F093
:10E12000DDFA02F120042046FFF75AFF40B1D3691F
:10E13000013BD36113B9906988609361204610BD9B
:10E140008860FBE70368DB0706D4437803B1FFDE92
:10E150000123437018467047002070470123036075
:10E160007047000010B5034B0360044600F058FAF6
:10E17000204610BD6069020810B50446FFF7F2FFA3
:10E1800020461821FFF784FC204610BD2DE9F74FEB
:10E19000DDF830904A4504460F461646984624D08E
:10E1A000E56804EBC50455B3E3689A0724D513F07A
:10E1B000010A4FEA232203D0FB1C1DD033689A5872
:10E1C000A0680368CDF80090D3F820B032444346ED
:10E1D0003946D84703280FD9BAF1000F02D040F0D2
:10E1E0000100C0B203B0BDE8F08F194600F01CFB7F
:10E1F0000028D5D00620F5E7013D083CD3E70120F3
:10E20000F0E7F0B40E1E049C06DB9019844214BFA4
:10E2100001200620F0BC7047023604D00468246A4E
:10E22000A446F0BC60470120F4E72DE9F04F91B01F
:10E23000CDE905231D9C1C9AA368DD0644BF8368B5
:10E24000A3601A9B93428146884607D11B9900F030
:10E25000EBFA18B1059B63710026FAE0069948466F
:10E2600000F0E2FA8246C0B11A9B2360B8F1000FB9
:10E27000059B23710BDB1A9B98441C9B434514BFE1
:10E280004FF001084FF0060884F80680E4E718F123
:10E29000020FE1D10123A371DEE7B8F1000FAABF9D
:10E2A0001C9BCDF81CA0A3EB08034FF00006A8BFF1
:10E2B00007930223CDE9096301230893059B43F0EB
:10E2C0000103B3460B93D9F80C300493049B002B45
:10E2D00000F0D98009EBC305A768E9680F97C80764
:10E2E00048BF1A98CDF834B04FEA212348BF0068E0
:10E2F0008DF838B048BFC3581A988DF839B0034428
:10E3000007988DF83AB04CBF0B9A059A48B19842DD
:10E3100008982CBF4FF0000C4FF0010C844500F022
:10E32000AE80890707D418F1020F02D1BF0700F0B1
:10E33000A88002F0FD02A8680DAD016803951C9D40
:10E3400002951B9DCDE90035069BCD694146A84746
:10E3500063799DF839209DF83A500D991343062DA5
:10E36000637101D0022D06D19DF8383021602371F0
:10E37000A57182466CE0226896B99AB99DF838205A
:10E380002160227121B11BB1D9F80830DD07F0D529
:10E390006379042BEDD0049B013B0493064695E77B
:10E3A000002A37D0914206D123799DF838201343B3
:10E3B00023713046ECE709B90028FAD0032BA7797E
:10E3C00004D9D80729D5A368990726D57FB9032D85
:10E3D00005D9EB0741D5D9F808309F073DD51C9BDF
:10E3E000009341461B9B0698FFF70BFF0746D5B9E4
:10E3F000032F05D9F80732D5D9F8083099072ED55B
:10E400001C9B00930D9A1B9B06984146FFF7F9FE53
:10E41000054608E00029D1D1CBE7002F08BF01272E
:10E42000002D08BF012585EA0703DBB2032B18D9AD
:10E43000032D81BF0D9B23602F469DF8383086BF8A
:10E44000237100203046BA07A77101D4FB079FD47F
:10E450005646304611B0BDE8F08F0127E3E70125AD
:10E46000E1E73D40EDB2032DC4F800B004D902232A
:10E47000A3714FF0010AEBE70120A07188E70123A7
:10E480000993304687E7099B002BE2D0049B089351
:10E490000A9B012BDDD001230A9314E72DE9F04FED
:10E4A00089B00746029192461C4600F0EAF80546FC
:10E4B000002859D1D4F80880D7F80C9018F0100F24
:10E4C00018BFD7F8088008F0010307EBC9064FF022
:10E4D000000B0393B9F1000F6CD0F268CDF810B0C7
:10E4E00002F00103009312F002038DF814B0CDE99D
:10E4F000068B019305D1039B1BB909F1FF39083E37
:10E50000E8E7BAF1000F33D0009B121213B1DAF82A
:10E5100000309A585244B068029903689D6904AB70
:10E52000A84705460028E8D0079B082B03D1009B8D
:10E530000BB1B36807939DF81430032B05D9019AEA
:10E540001AB923F002038DF81430E168C1B904ABA5
:10E550000FCB84E80F002379032B05D99A0709D53F
:10E56000BB6813F0010FC8D1284609B0BDE8F08F91
:10E570005246D0E7DB07F7D5BB6813F0020FF2E78E
:10E580002368049A934204D000232360022323715A
:10E59000EAE72BB123799DF8142013432371ACE7EC
:10E5A00007980828F2D00829F0D000F03DF900289B
:10E5B000F0D1EBE72579003518BF0125D4E710B578
:10E5C000002814BF04460124204600F09BFB30B90C
:10E5D00000F0A0F808B900F033FB8047F4E710BD65
:10E5E0007FB500241023CDE902340368009415465A
:10E5F0009E698DF804406B461268B0479DF8043060
:10E6000003F00603062B03BF009B2B60012020466E
:10E6100004B070BD009890420CBF062001207047E6
:10E6200010B5034B0360044600F0FBF8204610BD14
:10E63000BC69020810B50446FFF7F2FF2046082126
:10E64000FFF726FA204610BD2DE9F0419846DDE996
:10E650000834069E9E420746154607D1079900F0EA
:10E66000E3F818B165710020BDE8F08141463846F5
:10E6700000F0DAF80028F6D0012326602571A37196
:10E68000F1E738B515461C4600F0CEF820B1082356
:10E69000E36006232560237138BD2DE9F04105466E
:10E6A0000C4616461F4600F0BFF848B9032F07D89E
:10E6B00023683246294620465B69BDE8F041184789
:10E6C000BDE8F08108B5804700F0BAFA024B18683F
:10E6D000BFF35B8F704700BFB404002008B5FFF79D
:10E6E000F5FFFFF7EFFF08B58047FFF7F7FF0000E2
:10E6F000024B1868BFF35B8F704700BFB004002067
:10E7000008B5FFF7F5FFFFF7EEFF00000048704780
:10E7100014390020024B1868BFF35B8F704700BFAD
:10E720002039002010B5034B03600446FFF778FF43
:10E73000204610BD1C6A020810B50446FFF7F2FF20
:10E7400020460C21FFF7A4F9204610BD2DE9F04129
:10E75000069E96420746884615461C460AD0B8686B
:10E76000036806961E6A2A4623464146B446BDE81B
:10E77000F0416047194600F057F80028EFD0062016
:10E78000BDE8F0812DE9F14F0E4619468346174644
:10E790009946DDE90A4ADDE90C8500F045F890B1BB
:10E7A000002E2C602F7109DB3444A0450CBF0624D9
:10E7B0000124AC71002001B0BDE8F08F0236F9D120
:10E7C0000123AB71F6E7444506D15146584600F0A7
:10E7D0002BF808B16F71EDE7DBF808000368CDE9AD
:10E7E0000C85CDE90A4ADC693A464B463146A446D7
:10E7F00001B0BDE8F04F60472DE9F04104460D46F9
:10E8000016461F46FFF73DFF48B9A06803689C699C
:10E8100032463B462946A446BDE8F0416047BDE884
:10E82000F081704700207047814208B50ED04068E3
:10E8300003782A2B0CD049680B782A2B08BF0131AA
:10E84000E1F7C6FCB0FA80F0400908BD0120FCE702
:10E850000020FAE70378472B17D143784E2B14D1C9
:10E860008378552B11D1C378432B0ED10379432BD9
:10E870000BD143792B2B08D183792B2B05D1C07970
:10E8800001288CBF0020012070470020704710B580
:10E89000044648B100F03BF82046FFF7DBFF18B113
:10E8A00054F8140CFFF70EFFFFF718FF38B50246B7
:10E8B000FFF7D0FF40B152F8184C0025104600F089
:10E8C00026F825B1FFF71CFF04460125F6E7204690
:10E8D000FFF709FF0378472B17D143784E2B14D14C
:10E8E0008378552B11D1C378432B0ED10379432B59
:10E8F0000BD143792B2B08D183792B2B05D1C079F0
:10E9000001288CBF0020012070470020704738B5D7
:10E910000546FFF7FBFE014602682846A5F12004E4
:10E92000FFF7D8FF30B90AB1FFF7D8FE0C601446E4
:10E93000204638BD55F80C3C002BB4BFC3F1010391
:10E94000013345F80C3C4B68A24203F1FF334B60A6
:10E9500028461CBF45F8102C0C606C6AE2F732FDAB
:10E96000E6E7000010EE102A22F00041CB0D7F3BBD
:10E97000162B1CDC002B10EE100A1EDB1949194166
:10E980000A4227D0DFED187A70EE277AF5EEC07ACA
:10E99000F1EE10FA1EDD002A04DA4FF4000242FA0A
:10E9A00003F3184420EA010300EE103A7047B1F176
:10E9B000FF4F0FD330EE000A7047DFED0B7A70EE99
:10E9C000277AF5EEC07AF1EE10FA03DD002A02DBB9
:10E9D0009FED060A70470029FFEE007A18BFB0EEDF
:10E9E000670A7047FFFF7F00CAF24971000000000C
:10E9F00082B08DED010A0199C1F3C753A3F17F02E3
:10EA0000162A0CDC002A10DB10481041014208D005
:10EA10004FF4800313410B4423EA00030BE0802AE8
:10EA20000DD09DED010A02B07047013201F00043A4
:10EA300001D143F07E5300EE103A02B07047DDED95
:10EA4000017A37EEA70A02B0704700BFFFFF7F00D0
:10EA5000D0B52DED028B8AB0F0EE408AB0EE608A20
:10EA600000F056F8284B93F90040631C39D0B4EEFF
:10EA7000488AF1EE10FA34D6F4EE688AF1EE10FA14
:10EA80002FD6B5EE408AF1EE10FA2AD101231F4AA3
:10EA9000009318EE900A002301920893E1F764FDB9
:10EAA00006460F4618EE100ACDE90267E1F75CFD55
:10EAB000CDE90401CCB10022002310461946E1F74C
:10EAC000D5FE022CCDE9060111D100F0DFF821239B
:10EAD0000360089B9BB9DDE90601E2F795F800EEBB
:10EAE000100A0AB0BDEC028BD0BDCDE906676846BE
:10EAF00000F0A4F80028E8D0089B002BEBD000F031
:10EB0000C5F8089B0360E6E7B8040020AC6A020879
:10EB100010EE903A33F000413DD0F0B410EE104AC0
:10EB200024F00042B2F1FF4F2FDAB1F1FF4F2CDC9D
:10EB30008A422EDB04F0004632D03E48824236DD67
:10EB4000D0157F38B1F5000F5EDA0F026FF07D054A
:10EB50007F0005F1FF35FBD510F17E0F4FDBC4F3CD
:10EB6000160242F4000215F17E0F43DBC3F31603D5
:10EB700043F40001401B02E012D05A000138531A3E
:10EB8000F8B1002BF8DA5200F8E760EE200A80EEC8
:10EB9000A00AF0BC704760EE200A80EEA00A704721
:10EBA000254AF30F02EB830393ED000AF1E7150208
:10EBB00036D06FF07D006D00002D00F1FF30FADCE3
:10EBC000C0E733EA230328BF1346002BE8D0194AD5
:10EBD000934204DC5B00934205F1FF35FADD15F149
:10EBE0007E0F14DA6FF07D02551B2B41334300EE8C
:10EBF000103ACEE76FF07D035B1B9940BAE76FF0E8
:10EC00007D04241AA240AEE7CD157F3DA4E7A3F50D
:10EC1000000333437F3543EAC55300EE103AB8E7AB
:10EC2000814204DDCD157F3D6FF07D0097E76FF0E9
:10EC30007D008AE7FFFF7F00B46A0208002070476A
:10EC400008B5062001F04AF9012004F073FF000026
:10EC50001FB51C46094B1B680546D86852B1084BC6
:10EC60000091CDE9013207492B46224600F014F805
:10EC7000FFF7E6FF044B1A46F2E700BFBC04002092
:10EC8000BC6A0208C96A0208F76A0208014B1868E0
:10EC9000704700BFBC0400200EB403B5014603ABAF
:10ECA000054853F8042B0068019300F021F902B0E5
:10ECB0005DF804EB03B07047BC04002070B50D4E46
:10ECC0000D4CA41BA4100025A54209D10B4E0C4CE1
:10ECD00004F032FFA41BA4100025A54205D170BD8D
:10ECE00056F8253098470135EEE756F82530984715
:10ECF0000135F2E780750208807502088075020808
:10ED00009C750208024B0146186800F06DB800BF00
:10ED1000BC040020024B0146186800F017B800BF81
:10ED2000BC04002010B5431E0A44914200D110BD1E
:10ED300011F8014B03F8014FF7E7024403469342F1
:10ED400000D1704703F8011BF9E7000038B505460C
:10ED5000002945D051F8043C0C1F002BB8BFE41823
:10ED600003F0E5FC1F4A1368104633B96360146072
:10ED70002846BDE8384003F0DBBCA3420CD921682B
:10ED80006218934204BF1A685B68636004BF52183C
:10ED900022600460ECE713465A680AB1A242FAD92D
:10EDA00019685818A0420BD12068014458188242B3
:10EDB0001960DDD1106852685A6001441960D7E7C4
:10EDC00002D90C232B60D3E7206821188A4204BFA4
:10EDD00011685268626004BF091821605C60C7E76F
:10EDE00038BD00BF2439002070B5CD1C25F00305C7
:10EDF00008350C2D38BF0C25002D064601DBA94235
:10EE000003D90C233360002070BD03F090FC214A2D
:10EE10001468214691B9204C23681BB9304601F093
:10EE20001FF820602946304601F01AF8431C24D10F
:10EE30000C233360304603F07BFCE4E70B685B1B7C
:10EE400018D40B2B0FD90B60CD50CC18304603F0E3
:10EE50006FFC04F10B00231D20F00700C31AD3D070
:10EE60005A42E250D0E78C424B6816BF6360136091
:10EE70000C46EBE70C464968CCE7C41C24F00304BD
:10EE8000A04205D0211A304600F0EAFF0130CFD071
:10EE90002560DBE724390020283900209368013BF6
:10EEA000002B10B4936008DA9469A34201DB0A29AD
:10EEB00003D15DF8044B01F0B1BF1368581C10601A
:10EEC000197008465DF8044B7047F8B506460F46C2
:10EED0001446D518AC4201D1002007E03A4614F898
:10EEE000011B3046FFF7DAFF431CF3D1F8BD0000E9
:10EEF0002DE9F04F0C469DB017461D46064618B149
:10EF000083690BB902F0A0FF7C4B9C4258D1746816
:10EF1000A38918075ED52369002B5BD000230993D2
:10EF200020238DF8293030238DF82A3003954FF0B7
:10EF3000010BB846454615F8013B0BB1252B54D1C2
:10EF4000B8EB070A0BD053463A4621463046FFF746
:10EF5000BCFF013000F0C280099B5344099398F82C
:10EF60000030002B00F0BA8000234FF0FF32CDE9D3
:10EF70000523049307938DF853301A93A84605226E
:10EF800018F8011B5E48E1F73BF9049B78BBD906F2
:10EF900044BF20228DF853201A0744BF2B228DF83E
:10EFA00053202A782A2A2AD0079AA84600200A2520
:10EFB000414611F8013B303B092B69D960B324E08D
:10EFC000504B9C4201D1B468A2E74F4B9C4208BF12
:10EFD000F4689DE72146304601F084FF00289DD06B
:10EFE0004FF0FF301DB0BDE8F08FA846A2E7444ABD
:10EFF000801A0BFA00F0184304904546BEE7039AC6
:10F00000111D12680391002A01DB079204E05242AD
:10F0100043F002030792049398F800302E2B0ED190
:10F0200098F801302A2B38D1039B1A1D1B680392D4
:10F03000002BB8BF4FF0FF3308F102080593334DA2
:10F0400098F8001003222846E1F7DAF840B140238F
:10F05000401B03FA00F0049B034308F101080493EA
:10F0600098F800102A488DF82810062208F10107A8
:10F07000E1F7C6F8002837D0264B1BBB039B0733AC
:10F0800023F0070308330393099B4B44099350E78C
:10F0900005FB0232012088468AE7002308F10108B7
:10F0A000059319460A25404610F8012B303A092AE3
:10F0B00003D9002BC3D00591C1E705FB0121012332
:10F0C0008046F0E703AB00932246134B04A9304679
:10F0D00000F0B8F8B0F1FF3F8146D5D1A3895B06B7
:10F0E0003FF57EAF09987DE703AB009322460A4BBC
:10F0F00004A9304600F05CFBECE700BFC86B0208D7
:10F10000FC6A0208E86B0208A86B0208026B02089E
:10F11000066B020845F20108CBEE01082DE9FF4716
:10F1200055EC104B0D9FDDF830A0002D0E4691469A
:10F130001946B8BF22462B4627F02007BBBF05F172
:10F1400000431D4600232D23B8BF1446462F0B70E5
:10F1500004D0452F00D10136022100E0032103AB8A
:10F16000019302AB00933246534645EC104B01F03D
:10F17000C3FF472F804602D119F0010F26D0462F3A
:10F1800008EB060911D198F80030302B0AD1002283
:10F19000002320462946E1F7A7FC18B9C6F101066D
:10F1A000CAF80060DAF800309944002200232046B3
:10F1B0002946E1F799FC38B93022039B4B4505D22B
:10F1C000591C03911A70F8E7CDF80C90039B0E9A26
:10F1D000A3EB08034046136004B0BDE8F087F7B521
:10F1E00000290446BABF49422D232B23092904F8DC
:10F1F000022B437020DD0DF107031F460A2691FB09
:10F20000F6F506FB15113031092D03F8011C03F149
:10F21000FF32294609DC3031023B02F8011CBB42B7
:10F22000224604D3101A03B0F0BD1346E7E713F8E3
:10F23000012B04F8012BF2E7302319448370021DDF
:10F24000C170EFE72DE9F04F8DB00C46DDF8588026
:10F2500016461F46054603F0BBF90368049318469B
:10F26000E0F7C0FF00230A93D8F800300590073379
:10F2700023F0070303F1080294F818A0D4F800B0B3
:10F28000C8F80020D3E90023C4E91223D4E9128985
:10F2900029F000430793CDF818804FF0FF32A74BB9
:10F2A000DDE90601E1F752FC70BB4FF0FF32A34BE2
:10F2B000DDE90601E1F72CFC30BB002200234046CB
:10F2C0004946E1F71BFC10B12D2384F843309C4ADA
:10F2D0009C4BBAF1470F8CBF9046984603232BF006
:10F2E0000402236122604FF00009009733460BAA05
:10F2F0002146284600F0E6F9013040F08D804FF0BD
:10F30000FF300DB0BDE8F08F42464B4640464946BF
:10F31000E1F71CFC10B18C4A8C4BDAE761684B1C9E
:10F320004BF480620AA83ED1062363600023CDE936
:10F33000020309AB009349EC108B0DF1230322600B
:10F34000CDF804A061682846FFF7E8FE0AF0DF0365
:10F35000472B804609D1099BD81C02DB6268934287
:10F3600047DDAAF1020A5FFA8AFABAF1650F099934
:10F3700024D80139524604F150000991FFF72FFFBC
:10F380000A9A1318012A8146236102DC2268D107F8
:10F3900001D5013323619DF82330002BA5D02D2307
:10F3A00084F84330A1E7BAF1670F00F07781BAF132
:10F3B000470FBBD10029B9D10123B6E7BAF1660FD7
:10F3C00019D1002963680CDD216113B92268D207C5
:10F3D00002D501330B442361099BA3654FF000095B
:10F3E000D9E713B92268D00701D50233F3E7012327
:10F3F000F1E74FF0670ADDE90932934205DB226845
:10F400002361D107E8D50133E5E7002BD4BFC3F171
:10F41000020301231344DEE723685A0507D4236956
:10F42000424631462846B84701302BD167E7BAF14A
:10F43000650F40F2DC8000220023D4E91201E1F7DD
:10F4400053FB002833D00123414A31462846B847B0
:10F4500001303FF454AFDDE909239A4202DB23680F
:10F46000D8070FD5DDE9042331462846B8470130D7
:10F470003FF445AF4FF0000804F11A090A9B013B25
:10F48000434509DC23689B0700F10381E0680B9B7F
:10F490009842B8BF184634E701234A463146284609
:10F4A000B84701303FF42BAF08F10108E6E7099BAC
:10F4B000002B2BDC0123264A31462846B847013071
:10F4C0003FF41DAF099B23B90A9B13B92368D907E1
:10F4D000D8D5DDE9042331462846B84701303FF44A
:10F4E0000EAF4FF0000904F11A0A099B5B424B452D
:10F4F00001DC0A9B94E70123524631462846B8476F
:10F5000001303FF4FCAE09F10109EEE70A9AA36D60
:10F510009A42A8BF1A46002A914607DD1346314693
:10F5200042462846B84701303FF4E9AE04F11A03D9
:10F530004FF0000B29EAE979069315E0FFFFEF7F12
:10F54000116B02080D6B0208196B0208156B02089B
:10F550002A6D02080123069A31462846B847013031
:10F560003FF4CDAE0BF1010BD4F858A0AAEB090380
:10F570005B45EFDCDDE909239A42D04415DB2368C3
:10F58000DA0712D40A9B0999A3EB0A02A3EB010A3A
:10F590009245A8BF9246BAF1000F0EDC4FF000086A
:10F5A0002AEAEA7A04F11A0919E0DDE9042331466E
:10F5B0002846B8470130E5D1A1E6534642463146D8
:10F5C0002846B8470130E9D199E601234A46314639
:10F5D0002846B84701303FF492AE08F10108DDE952
:10F5E00009239B1AA3EB0A034345EEDC4AE70A9A78
:10F5F000012A01DCDB073AD5012342463146284681
:10F60000B84701303FF47BAEDDE90423314628469C
:10F61000B847013008F101083FF471AE0A9B00229F
:10F6200003F1FF3AD4E912010023E1F75DFAC8B90A
:10F630005346424631462846B84701300ED15EE671
:10F640000123524631462846B84701303FF457AEB1
:10F6500008F101080A9B013B4345F1DC4B4604F1EC
:10F660005002DEE64FF0000804F11A0AF2E7012327
:10F67000DFE701234A4631462846B84701303FF4C8
:10F680003EAE08F10108E3680B9A9B1A4345F0DC93
:10F69000FCE64FF0000804F11909F4E700293FF4F3
:10F6A0008BAE0023CDE9020309AB009349EC108B2C
:10F6B0002260CDF804A00DF123032846FFF72EFDAC
:10F6C000804648E62DE9F04791461F468A680B6957
:10F6D000DDF820809342B8BF1346C9F8003091F896
:10F6E000432006460C4612B10133C9F800302368A6
:10F6F000990642BFD9F800300233C9F800302568B6
:10F7000015F0060507D104F1190AE368D9F80020BD
:10F710009B1AAB4228DC94F843302268003318BFB0
:10F72000012392062DD404F1430239463046C047E6
:10F73000013020D02368E568D9F8002003F00603E3
:10F74000042B08BFAD1AA36822690CBF25EAE57532
:10F7500000259342C4BF9B1AED184FF000091A34DC
:10F760004D451AD1002008E0012352463946304663
:10F77000C047013003D14FF0FF30BDE8F0870135BD
:10F78000C3E7E1185A1C302081F84300224494F862
:10F79000451082F843100233C5E70123224639465B
:10F7A0003046C0470130E6D009F10109D8E7000032
:10F7B0002DE9F04301F1430C0C46097E85B06E291A
:10F7C0001746064698460C9A00F0B38022D8632963
:10F7D00036D00AD8002900F0B980582900F083807B
:10F7E00004F1420584F8421032E0642901D069290D
:10F7F000F6D120681368050603F104012AD51B68B9
:10F800001160002B03DA2D225B4284F843206F48FD
:10F810000A2239E0732900F09D8008D86F2920D092
:10F820007029DDD1236843F02003236003E07529AC
:10F8300017D07829D4D1782384F84530644855E02E
:10F840001368191D1B68116004F1420584F84230E9
:10F8500001238CE01B68116010F0400F18BF1BB231
:10F86000CFE713682568181D1060280601D51B68AE
:10F8700002E06806FBD51B8854486F2914BF0A2292
:10F880000822002184F843106568A560002DC0F2AD
:10F890009580216821F004012160002B3DD1002DCD
:10F8A00040F08E806546082A0BD12368DB0708D517
:10F8B000236962689A42DEBF302305F8013C05F1F6
:10F8C000FF35ACEB05032361CDF800803B4603AA6E
:10F8D00021463046FFF7F6FE01304DD14FF0FF30A4
:10F8E00005B0BDE8F083394884F8451013682168F5
:10F8F0001D1D1B6815600A060BD5CA0744BF41F0E1
:10F90000200121601BB9226822F02002226010220F
:10F91000B7E74D0648BF9BB2EFE76546B3FBF2F190
:10F9200002FB1133C35C05F8013D0B460029F5D1FC
:10F93000B9E7136825686169181D106028061B68FF
:10F9400001D5196002E06A06FBD519800023236106
:10F950006546B9E71368191D11601D6862680021CA
:10F960002846E0F74DFC08B1401B606063682361E6
:10F97000002384F84330A7E723692A4639463046F6
:10F98000C0470130AAD023689B0713D4E068039BCB
:10F990009842B8BF1846A3E701234A463946304685
:10F9A000C04701309AD00135E368039A9B1AAB42F5
:10F9B000F2DCEBE7002504F11909F5E7002BACD1E7
:10F9C000037884F8423004F142056CE71D6B0208AD
:10F9D0002E6B02082DE9F04F9A468B6816465A1E88
:10F9E000B2F5AE7F87B083BF6FF4AE729B18019300
:10F9F000002386BF40F25D138B6001930B6888463D
:10FA00004FF0000B43F4F06348F81C3BCDE903BB17
:10FA100007460C4645465A46D946CDF808B0A16877
:10FA200081B133681B78492B71D04DD8392B40D820
:10FA3000312B80F088802D2B00F0908015D82B2B57
:10FA400000F08C80B9F1000F03D0236823F4807399
:10FA50002360013A012A00F2EA80454500F2DC8089
:10FA60000126304607B0BDE8F08F2E2B00F09F80B6
:10FA7000302BE7D1206810F4807F64D0019B20F008
:10FA80008000206009F101091BB1013B01310193A4
:10FA9000A160A368013BA3602369013323617368FC
:10FAA000013B002B736040F3AC803368013333605B
:10FAB000B5E7452B00F08580462B6AD0412BC1D19C
:10FAC000012ABFD1022246E0652B7AD018D8542BE8
:10FAD00066D011D84E2BB5D1002A46D1B9F1000F0E
:10FAE00045D1216801F4E060B0F5E06F3FD121F429
:10FAF000F061216001222EE0592B1ED0612BDEE740
:10FB00006E2BE9D015D8662B43D0692B9AD1BBF167
:10FB1000000F38D1B9F1000F97D1216801F4E060EE
:10FB2000B0F5E06F95D121F4F06121604FF0010B49
:10FB300011E0742B34D0792B84D1BBF1070F81D124
:10FB40004FF0080B07E012EB0B0F7FF47BAF21683F
:10FB500021F4C07121602B7001359AE721680806F5
:10FB60007FF570AF21F08001F4E7022A47D0BBF1A6
:10FB7000010F03D0BBF1040F7FF464AF0BF1010B55
:10FB80005FFA8BFBE7E7BBF1030FF7D0BBF1050F83
:10FB9000F2E7BBF1020F7FF455AF4FF0030BDAE74A
:10FBA000BBF1060F7FF44EAF4FF0070BD3E7216890
:10FBB00088057FF547AF21F420712160CDF80890CA
:10FBC000C9E7216801F4A060B0F5806F06D0480550
:10FBD0007FF538AFB9F1000F3FF43BAF880558BF50
:10FBE000029821F4F06158BFA9EB000041F4C07104
:10FBF00058BFCDE9030521604FF00009ABE70322B0
:10FC0000A9E7D4F880310592314638469847059ADD
:10FC100000283FF404AF15E7D4F87C3115F8011D36
:10FC20003246384698472369013B236115E70BF1BB
:10FC3000FF33062B0AD8BBF1020F68D9ABF1030BD7
:10FC40005FFA8BFBA5EB0B0B5D454BD12368DA0507
:10FC50001FD55B0568D415F8011C2369652903F1DC
:10FC6000FF3305F1FF3B23610DD045290BD0D4F8BC
:10FC70007C31324638469847236915F8021C013B0F
:10FC8000A5F1020B2361D4F87C31324638469847FF
:10FC90005D46266816F010067AD12E70236803F4AC
:10FCA000C063B3F5806F42D1029BA9EB03035A42B4
:10FCB000002B49D100224146384601F011F8256851
:10FCC000DAF8003015F0020F03F1040259EC108B42
:10FCD000CAF8002043D01B68C3E90089E3680133F8
:10FCE000E360BEE6D4F87C3115F8011D3246384693
:10FCF00098472369013B2361A6E7D4F87C3115F8C6
:10FD0000011D3246384698472369013B236145452A
:10FD1000F3D8A5E6D4F87C3115F8011D32463846F3
:10FD200098472369013B23614545F3D898E6039B37
:10FD3000002BBFD004990A2332460131384601F026
:10FD40005BF8039B049DC21A04F26F139D4228BF07
:10FD500004F5B7750F49284600F010F9AAE715F029
:10FD60000405B8D11F6810EE102A4B4610EE100A99
:10FD70004946E0F7EBFE28B1284600F081F887ED10
:10FD8000000AABE740464946E0F73EFF3860A5E78A
:10FD9000002666E63F6B020870B50E46054618B1B0
:10FDA00083690BB902F050F8AB69AC6813B9284607
:10FDB00002F04AF8234B9C4217D16C68A3891B07B9
:10FDC0001DD52369DBB1013EA36816F8011F013B75
:10FDD000A360E9B9002B2EDA22460A21284601F059
:10FDE0001DF8013011D00A2011E0174B9C4201D1BF
:10FDF000AC68E3E7154B9C4208BFEC68DEE72146A0
:10FE0000284601F06FF80028DDD04FF0FF3070BDBC
:10FE1000002B04DAA2699A4206DC0A2904D023687E
:10FE20005A1C22601970CFE72246284600F0F6FFE0
:10FE30000130C9D1E9E723680A205A1C22601870F2
:10FE4000E5E700BFC86B0208E86B0208A86B020870
:10FE5000024B01461868FFF79FBF00BFBC0400209B
:10FE600038B5064C0023054608462360EBF7A4FF8F
:10FE7000431C02D1236803B12B6038BDF848002031
:10FE80009FED010A704700BF0000C07F1F2938B5F1
:10FE900004460D4604D9162303604FF0FF3038BDE9
:10FEA000426C12B152F821304BB9204600F030F8C4
:10FEB0002A4601462046BDE8384000F017B8012B1D
:10FEC0000AD0591C03D1162303600120E7E7002460
:10FED00042F82540284698470020E0E7024B0146BB
:10FEE0001868FFF7D3BF00BFBC04002038B5074C2B
:10FEF0000023054608461146236003F003FE431C19
:10FF000002D1236803B12B6038BD00BFF848002040
:10FF100003F0E8BD0CB430B5174B0C1E9DB01D6846
:10FF200008DA8B232B604FF0FF301DB0BDE8304066
:10FF300002B070474FF40273ADF8143014BF04F1EF
:10FF4000FF332346049307934FF6FF730290069006
:10FF5000ADF81630209A21AB02A92846019303F090
:10FF600075F8431CBCBF8B232B60002CDDD0029B9B
:10FF700000221A70D9E700BFBC0400200EB400B5FF
:10FF80009CB01DAB029006906FF0004109480791AC
:10FF90000491094953F8042B05910068019302A9C3
:10FFA00003F054F8029B00221A701CB05DF804EBB9
:10FFB00003B07047BC0400200802FFFF0EB430B548
:10FFC0009CB01FAC4FF4017254F8045BADF81420E0
:10FFD00002900690E0F706F90B4B039007900B9305
:10FFE0000A48019400230F9314934FF6FF73ADF862
:10FFF00016302A46234602A9006803F079F91CB09E
:020000040802F0
:10000000BDE8304003B0704733000208BC04002054
:1000100010B50C46B1F90E1003F012FC0028ABBF6E
:10002000636DA3891B1823F48053ACBF6365A38160
:1000300010BD002070472DE9F0411F468B89DB057C
:1000400005460C46164605D502230022B1F90E10CE
:1000500002F0CCFAA389B4F90E1023F48053A381E3
:1000600032463B462846BDE8F04100F029BF10B5B6
:100070000C46B1F90E1002F0B9FA431CA38915BF62
:10008000606523F4805343F48053A38118BFA38198
:1000900010BDB1F90E1000F093BF10B56AB101396F
:1000A000841810F8013B11F8012F934203D1A042AC
:1000B00001D0002BF5D1981A10BD1046FCE770B5A1
:1000C00004460D4645EC104B164602F0FDFD51EC82
:1000D000100B7EB1C5F30A53C3F16B03002B09DD8E
:1000E0001B0503F17F55002405F5401522462B46DC
:1000F000E0F792FA70BD00002DE9F04F1F46A1B065
:100100000023814638460E4617921C9302F05EFA91
:1001100080460068E0F766F84FF0000A04464FF0AA
:10012000000B1B961B9B1A780D2A32D8092A36D24F
:10013000002A3ED000230D931B9D2B78302B40F0DE
:10014000AC806B78582B01D0782B67D10D9B019335
:100150001CAB009302971DAB884A1BA9484601F0CF
:100160004CFF10F00704064605D0062C2BD10135B4
:1001700000231B950D93179B002B40F09A850D9B38
:10018000E3B152460BF1004343EC102B21B0BDE824
:10019000F08F2B2A15D02D2A04D0202ACAD1013362
:1001A0001B93BFE701220D925A1C1B925B78002B18
:1001B000C2D1179B1B96002B40F0798552465B46B7
:1001C000E2E70022EFE71C9A3AB135211EA802F0BF
:1001D00073FE1C99484602F0E0FA013C042C06D854
:1001E000DFE804F00A0314170A00DDE91EAB30074C
:1001F000C1D54BF0004BBEE7DDE91EA31D9A23F4E9
:10020000801302F2334243EA025BF0E7DFF870B199
:10021000EDE76FF0004B4FF0FF3AE8E71B9B5A1CED
:100220001B925B78302BF9D0002BA4D00123002542
:1002300006931B9B0893079505950A221B98077840
:10024000A7F13003D9B2092929D92246D8F80010DC
:10025000FFF723FF002831D00020059C04903B4687
:100260000246652B01D0452B14D124B910B9069B49
:10027000002B9ED000241B9E731C1B9373782B2B8A
:1002800078D02D2B70D04FF0000CA3F13007092F40
:100290007CD91B964FF0000E9AE00023C7E7059922
:1002A0000829DDBF079902FB0133079302FB0535DF
:1002B000059B0130013305931B90BFE71B9B1A1967
:1002C0001B92059A1B5D002A37D0059C0246A3F1BC
:1002D0003001092913D901210491C2E71B9B5A1C43
:1002E0001B925B780130302BF8D0A3F13102082A41
:1002F00000F2E4841B9A0892024600200446B3F1FF
:10030000300E00F1010112D00A4400EB040C21462A
:100310000A278C4513D12118082904F1010404444B
:1003200019DC079B0A2101FB03E3079300211B9BB8
:10033000581C1B905B780846C9E70598D3E7082945
:1003400001F1010103DC079B7B430793E1E71029DF
:10035000D8BF7D43DDE7102CDCBF0A2101FB05E59A
:10036000E4E70123049381E74FF0010CB31C1B93D6
:10037000B3788AE74FF0000CF8E700BF446B02083F
:100380000000F07F1B9B5F1C1B975B78302BF9D024
:10039000A3F13107082F3FF67DAFA3F1300E1B9B71
:1003A0000A931B9B5F1C1B975B78A3F13008B8F185
:1003B000090F37D90A997F1A082F44F61F6737DCCF
:1003C000BE45A8BFBE46BCF1000F01D0CEF1000E65
:1003D000002C51D100287FF4CEAE069A002A7FF47B
:1003E000CAAE049A002A7FF4E4AE4E2B27D021DC5B
:1003F000492B7FF4DEAEA0491BA802F031F800289B
:100400003FF4D7AE1B9B9D49013B1BA81B9302F0F9
:1004100027F810B91B9B01331B93DFF874B24FF020
:10042000000AA8E60A2101FB0E3EAEF1300EB8E745
:10043000BE46C8E7692BDED06E2B7FF4BAAE90497A
:100440001BA802F00DF800283FF4B3AE1B9B1B78ED
:10045000282B0ED11EAA8B491BA802F015F80528DF
:1004600007D11F9BDDF878A043F0FF4B4BF4E00B66
:1004700081E6DFF824B2D2E7AEEB02030693059BD8
:100480000798002B08BF2346102C0593A046A8BF51
:100490004FF01008E0F746F8092C82468B4613DC33
:1004A000069B002B3FF467AE069B7ADD162B61DCC2
:1004B000754A02EBC30EDEE9000152465B46E0F7E7
:1004C000ABF882468B4656E66F4B03EBC80353E905
:1004D0001223E0F7A1F8064628460F46E0F722F877
:1004E00002460B4630463946DFF7E0FE0F2C8246C7
:1004F0008B46D5DD069BA4EB08089844B8F1000FA5
:1005000040F3968018F00F030AD05F4901EBC30156
:1005100052465B46D1E90001E0F77EF882468B4601
:1005200038F00F0873D0B8F59A7F47DD0024A04655
:10053000079405942223DFF858B1C9F800304FF032
:10054000000A079B002B3FF416AE1C99484602F0A8
:1005500024F90599484602F020F94146484602F040
:100560001CF90799484602F018F92146484602F05E
:1005700014F900E6069AC4F125039342BADB424D12
:10058000C4F10F0405EBC40152465B46D1E90001FA
:10059000E0F742F8069B1C1B05EBC405D5E90023D8
:1005A0008DE713F1160FA5DB374AA2EBC302D2E9A0
:1005B000002350465946E0F759F982E70023334EAD
:1005C0004FEA2818504659461D46B8F1010F21DC64
:1005D0000BB182468B462D4BABF1547B03EBC5052B
:1005E00052465B46D5E90001E0F716F8284B0A466B
:1005F0000B4028498B42824698D8A1F580118B4246
:1006000086BFDFF898B04FF0FF3A02F1547B002329
:10061000049377E018F0010F06D006EBC503D3E989
:100620000023DFF7F9FF012301354FEA6808CCE723
:10063000EDD0C8F1000818F00F020AD0124B03EBFE
:10064000C20350465946D3E90023E0F70FF982462A
:100650008B465FEA2818DAD0B8F11F0F20DD00249E
:10066000A0460794059422234FF0000A4FF0000B98
:10067000C9F8003065E700BF126B02089B6B0208E7
:100680001A6B0208586B0208406C0208186C0208CA
:100690000000F07F0000A07C0000F8FFFFFFEF7F6C
:1006A00018F0100318BF6A23A04D04935046594612
:1006B0000023B8F1000F00F30A810BB182468B468C
:1006C000049BBBB1CBF30A53C3F16B03002B594618
:1006D00010DD1F2B40F30781342BDEBF203B4FF092
:1006E000FF3202FA03F34FF0000ACCBF4FF05C7BFD
:1006F00003EA010B0022002350465946E0F7F4F9C3
:100700000028ACD1079B0093059A089923464846D8
:1007100002F095F8079000283FF408AF069A069B70
:10072000002AC3F10003A8BF00230E93002422EA8D
:10073000E2731693A046079B4846596801F0F9FFFB
:10074000059000283FF4F6AE079B1A69023203F1C8
:100750000C0192000C30FEF7E5FA1EAA1DA94BEC25
:1007600010AB4846CDE908AB02F024FB1C900028F2
:100770003FF4E0AE0121484602F0EDF88046002843
:100780003FF4D8AE1D9E1E9A002EABBF0E9B169B4B
:10079000169D0E9FACBFF7189D1B049BF61A1644BE
:1007A000634B013E9E42C2F1360280F2AF809B1B3A
:1007B0001F2BA2EB03024FF0010100F39B8001FA13
:1007C00003F30F9300230A93BE18049BB74215440A
:1007D0001D443B46A8BF3346AB42A8BF2B46002B67
:1007E000C2BFF61AED1AFF1A0E9BBBB141461A465C
:1007F000484602F04FF9804600283FF49BAE014680
:100800001C9A484602F0B0F80C9000283FF492AED3
:100810001C99484601F0C1FF0C9B1C93002E7ADC0A
:10082000069B002B08DD169A0599484602F032F91E
:10083000059000283FF47EAE002D08DD2A4605997C
:10084000484602F075F9059000283FF473AE002F7A
:1008500008DD41463A46484602F06AF980460028DB
:100860003FF468AE059A1C99484602F0CFF9044659
:1008700000283FF45FAEC3680C930023C360414679
:1008800002F0AAF9002855DA0C9BE3B9BAF1000F7F
:1008900019D1CBF31303B3B92BF000431B0D1B0588
:1008A000B3F1D66F0FD9636913B92369012B0ADD40
:1008B00021460122484602F03BF94146044602F037
:1008C0008BF9002867DC049B002B71D13DE618F002
:1008D000010F04D0D5E90023DFF79EFE01234FEA84
:1008E00068080835E5E64FF0FF3202FA03F303EA41
:1008F0000A0AFFE6C6F17F4606F57F0606F57B4647
:10090000E23601FA06F30A930F915DE700230A939A
:1009100001230F9358E732461C99484602F008F924
:100920001C9000287FF47CAF04E600BF706B0208C7
:1009300002FCFFFF5D4640F086800C9ACBF3130368
:100940002AB3AF4A934253D1049B5046D3B1AD4A28
:100950002A40B2F1D46F4FF0FF3116D8120DC2F118
:100960006B0301FA03F3984242D1A74B9D4202D197
:1009700001303FF4DFADA34B2B4003F5801B4FF05C
:10098000000AA0E74FF0FF33EDE70B46EBE77BBB38
:10099000BAF1000F2CD104999A4A5B46F1B102EAF0
:1009A0000B01B1F1D66F19DCB1F15C7F7FF75BAE63
:1009B000964A0023CDE9143250465946DDE9142306
:1009C000DFF72AFE82468B4600297FF4BEAD002861
:1009D0007FF4BBAD2223C9F80030B6E51340A3F580
:1009E00080136FEA135B6FEA0B5B4FF0FF3A6AE725
:1009F0000A9B93B12B423FF466AF0C9B049A50467E
:100A0000594673B1FFF75BFB02460B46DDE908016F
:100A1000DFF74CFC82468B4655E70F9B13EA0A0F23
:100A2000E9E7FFF74CFB02460B46DDE90801DFF77B
:100A30003BFC0022002382468B46E0F755F8002855
:100A40007FF411AE3FE74146204602F002FA57EC30
:100A5000106B00224FF0804310EE100A3946E0F789
:100A600057F8002877D00C9B002B4AD0684B002207
:100A7000CDE90A23664F0026624B2B400F930F9A55
:100A8000644B9A4240F0CE80DDE90823DDE90A019B
:100A9000A5F1547B4BEC10ABCDE91423CDE90A0151
:100AA00002F012F9DDE90A0153EC102BDFF7B4FD77
:100AB00052465B46DFF7FAFB0B465249564A19404D
:100AC000914282465BD9099B02F15472934203D151
:100AD000089B01333FF42EADDFF82CB14FF0FF3A05
:100AE0001C99484601F059FE0599484601F055FE0B
:100AF0004146484601F051FE2146484601F04DFE70
:100B000019E6BAF1000F1AD1CBF31303EBB90022A7
:100B10003F4B30463946DFF7F1FFC8B9304639461A
:100B200000223E4BDFF778FD06460F4607F10043F3
:100B300018961993DDE91823CDE90A239CE7BAF149
:100B4000010F02D1002D3FF48EAD0022344B8FE710
:100B50000026324FEAE7314B304639460022DFF7B4
:100B60005BFD0C9B06460F4633B901F10043109024
:100B70001193DDE91023DFE7CDE91067F9E703F111
:100B8000547B049B002BABD12BF000431B0D0F9A21
:100B90001B059A425D46A3D139463046DFF7ECFF8C
:100BA000DFF7D0FC0B46024639463046DFF77CFBC8
:100BB0000C9B06460F4633B9BAF1000F03D1CBF3B5
:100BC0001305002D6DD00AA3D3E900233046394622
:100BD000DFF794FF00287FF4B8AC07A3D3E9002324
:100BE00030463946DFF7A8FF00283FF479AFACE480
:100BF0009535A094FFFFDF3F35E5AF350000E03FBE
:100C0000FFFF0F000000F07FFFFFEF7F0000503973
:100C10000000F03F0000E07FFFFF9F7C0000E03F0E
:100C20000000F0BF049B33B30F9BB3F1D46F22D805
:100C300027A3D3E9002330463946DFF769FFA0B187
:100C400039463046DFF7C0FF002808BF0120DFF734
:100C500069FC0C9B06460F4603BB01F10043129052
:100C60001393DDE91223CDE90A230B9B0F9A03F1BD
:100C7000D6639B1A0B939DED080BDDE90AAB02F0DE
:100C800023F8504653EC102B5946DFF7C5FCDDE93D
:100C90000823DFF70BFB82468B4672E7CDE912672C
:100CA000DFE70DA3D3E90023DFF728FF9CE700234C
:100CB0000D93179A1B9B1360FFF761BA652B4FF0DA
:100CC00000023FF44EAB012114460491FFF7CBBA6A
:100CD0000000C0FFFFFFDF419535A094FFFFCF3F2D
:100CE000054B1B6810B41B6A044C002B08BF23463D
:100CF0005DF8044BFFF700BABC040020200500207B
:100D00002DE9F0478046894692461E460F463D46ED
:100D1000089815F8014B01F047FC2044437813F084
:100D2000080332D12D2C32D17C78BD1C0122002E3B
:100D30005DD0102E09D1302C07D12B7803F0DF03C2
:100D4000582B4FD16C7810260235002A14BF4FF073
:100D500000416FF000410027B1FBF6FC384606FB6E
:100D60001C1EA4F13003092B17D81C46A64223DD14
:100D70007B1C07D084451CD301D1A64519DB00FBA1
:100D80000640012715F8014BEBE72F46BFE72B2C58
:100D900004BFBD1C7C781A46C9E7A4F14103192B96
:100DA00001D8373CE2E7A4F16103192B04D8573C82
:100DB000DCE74FF0FF37E5E77B1C08D12223C8F8BA
:100DC00000300846BAF1000F07D1BDE8F08702B144
:100DD0004042BAF1000FF8D00FB105F1FF39CAF85F
:100DE0000090F2E73024002EAFD10826ADE7302C7A
:100DF000A3D00A26A9E7000037B5064C064D2468A3
:100E0000246A002C08BF2C460094FFF779FF03B03A
:100E100030BD00BFBC04002020050020F8B50E4600
:100E20001446054618B183690BB901F00DF8214B42
:100E30009C422AD16C68A369A360A3891A072ED5A6
:100E4000236963B323692068C01A6369F6B28342D9
:100E5000374604DC2146284600F08CFF28BBA368F7
:100E6000013BA36023685A1C22601E706369013035
:100E7000834204D0A389DB0719D50A2E17D1214656
:100E8000284600F077FF90B10FE00B4B9C4201D158
:100E9000AC68D0E7094B9C4208BFEC68CBE7214621
:100EA000284600F01FF80028CCD04FF0FF37384616
:100EB000F8BD00BFC86B0208E86B0208A86B020807
:100EC00038B5074C054608461146002222601A46EE
:100ED000F2F776F8431C02D1236803B12B6038BDCA
:100EE000F8480020324B70B51D6806460C4625B107
:100EF000AB6913B9284600F0A7FF2E4B9C420FD1D7
:100F00006C68B4F90C309AB215072CD4D00611D401
:100F10000922326043F04003A3814FF0FF303EE0EE
:100F2000254B9C4201D1AC68EBE7244B9C4208BFA7
:100F3000EC68E6E7510712D5616B41B104F1440357
:100F4000994202D03046FDF701FF00236363A38975
:100F500023F02403A3810023636023692360A38912
:100F600043F00803A38123694BB9A38903F42073D9
:100F7000B3F5007F03D02146304601F06DFBA28916
:100F800012F001030CD00023A36063695B42A361EC
:100F9000236953B9B4F90C3013F08000BAD170BD95
:100FA000920758BF6369A360F2E70020F7E700BF2C
:100FB000BC040020C86B0208E86B0208A86B02089A
:100FC00038B5064C002305460846236002F07AFD3A
:100FD000431C02D1236803B12B6038BDF8480020C0
:100FE0002DE9F74F03690C69A3428046C0F2828065
:100FF000013C01F114074FEA840C00F1140657F884
:10100000245056F8240006EB0C03013507EB0C09BD
:101010000193B0FBF5F595B34FF0000A3846B6469C
:10102000D34650F8042B93B205FB03A34FEA134AAF
:101030009BB2ABEB0303120CDEF800B005FB02A27F
:1010400013FA8BF34FEA124A1FFA82FBDEF80020F4
:10105000CBEB124202EB23429BB243EA02438145AF
:101060004FEA224B4EF8043BDBD256F80C3033B932
:10107000019B043B9E421A4630D3C8F810404046BC
:1010800001F0AAFD002825DB013530464FF0000CA9
:1010900057F8042BD0F800E093B2ACEB0303120C2A
:1010A00013FA8EF3C2EB1E4202EB23429BB243EAD9
:1010B0000243B9454FEA224C40F8043BE8D256F8C7
:1010C000242006EB84032AB9043B9E421A460BD324
:1010D000C8F81040284603B0BDE8F08F1268043B02
:1010E000002ACAD1013CC5E71268043B002AEFD1AF
:1010F000013CEAE70020EEE72DE9F04F57EC106BDA
:1011000097B0456A069104460B921293DDF88080F1
:10111000CDE900673DB91020FDF7F4FD6062C0E93C
:1011200001550560C560636A196851B15A684A6023
:10113000012393408B60204601F02FFB636A00225D
:101140001A603B1EBBBF23F0004301930023012222
:10115000ACBFC8F80030C8F80020AF4BDDF8048001
:1011600033EA080314D1129A42F20F731360009B02
:1011700023B9C8F31300002800F04285219BDFF853
:10118000ACB2002B00F044850BF1030300F03EBD30
:10119000DDE900670022002330463946DFF7A4FC72
:1011A000814668B1129A01231360219B002B00F045
:1011B00024859A4B219A03F1FF3B136000F028BD70
:1011C00014AA15A947EC106B204601F0F3FDC8F3F3
:1011D0000A550490002D7CD0C7F3130343F07F5BC6
:1011E000B2464BF4401BA5F2FF35CDF84C900022DF
:1011F0008B4B50465946DFF757F881A3D3E90023BC
:10120000DFF70AFA80A3D3E90023DFF74FF8064699
:1012100028460F46DFF796F97DA3D3E90023DFF7D1
:10122000FBF902460B4630463946DFF73FF80646E3
:101230000F46DFF7A1FC00228246002330463946E4
:10124000DFF75CFC48B15046DFF77CF932463B469D
:10125000DFF74AFC08B90AF1FF3ABAF1160F59D87C
:10126000704901EBCA01DDE90023D1E90001DFF794
:1012700063FC002850D00AF1FF3A00230F93149B1F
:101280005D1BB5F1010849BFC5F1010300230593BA
:101290004FF0000858BF0593BAF1000F3EDB002362
:1012A000D044CDF838A00793069B092B00F290801C
:1012B000052BC4BF043B0693069BA3F10203CCBFDE
:1012C00000250125032B00F28F80DFE803F07D7FEE
:1012D0003171DDE914531D4405F23240202813DD3D
:1012E000C0F14000009B08FA00F805F2124023FA12
:1012F00000F048EA0000DFF715F901238246A1F16A
:10130000F87B013D139372E7009BC0F1200003FAC4
:1013100000F0F0E70123B1E70F90B0E7059BA3EBE6
:101320000A030593CAF10003079300230E93BBE75A
:1013300001230A930B9B002B59DD02939946666AA1
:1013400000227260042202F114009842716853D99D
:10135000204601F0EEF9636A3060B9F10E0FD3F860
:1013600000B000F2E680002D00F0E3809DED007BF0
:10137000BAF1000F8DED107B74DD2A4A0AF00F03DD
:1013800002EBC30393ED007B4FEA2A16F0068DEDC6
:10139000087B65D5244BDDE91001D3E90823DFF78D
:1013A00065FACDE9000106F00F0603251E4F4CE05B
:1013B00001230A930B9B534403F1010902934B460B
:1013C000012BB8BF0123BAE70023B2E70023F0E7FF
:1013D0000125002306930A954FF0FF3302939946A7
:1013E000002212230B92AAE701230A93F4E70123B8
:1013F000029399461A46F5E7013171605200A2E75F
:1014000061436F63A787D23FB3C8608B288AC63F0A
:10141000FB799F501344D33F0000F07F2B6D0208EF
:101420000000F83F406C0208186C0208A16B02082B
:10143000F10708D5DDE90801D7E90023DFF7ECF86B
:10144000CDE90801013576100837002EF0D1DDE92D
:101450000823DDE90001DFF709FACDE900011AE010
:101460000225A3E700F0A080CAF100069F4BA04F21
:1014700006F00F0203EBC203D3E90023DDE91001FC
:10148000DFF7CAF8CDE90001361100230225002E4E
:101490007FD1002BE1D10F9B002B00F08780DDE98D
:1014A00000670022934B30463946DFF727FB0028C0
:1014B0007CD0B9F1000F79D0029B002B35DD0AF109
:1014C000FF330893394600228B4B3046DFF7A4F8F0
:1014D000CDE90001029F01352846DFF733F8DDE949
:1014E0000023DFF799F80022844BDEF7DFFE054684
:1014F000A1F15076002F5DD10022814BDDE9000182
:10150000DEF7D2FE2A463346CDE90001DFF714FBB1
:10151000002840F088822A4606F10043DDE90001F8
:10152000DFF7ECFA002840F07C82DDE91023CDE9FA
:101530000023159B002BC0F25081BAF10E0F00F36F
:101540004C816A4B03EBCA0393ED007B0B9B002B92
:101550008DED027B80F2D880B9F1000F00F3D480CA
:1015600040F05E820022664B51EC170BDFF754F817
:10157000DDE90023DFF7D6FA4F464E46002840F05B
:10158000348231230BF101058BF800300AF1010A96
:101590002FE2F20705D5D7E90023DFF73DF8013543
:1015A00001237610083772E7022574E7CDF820A0F2
:1015B0004F4691E74D4B03EBC70353E902010A9BEA
:1015C000002B47D002460B4600204E49DFF74EF96C
:1015D0002A463346DEF768FECDE90C015D46DDE9BB
:1015E0000001DFF7C9FA0646DEF7ACFF02460B46FC
:1015F000DDE90001DEF758FE303605F8016BDDE964
:101600000C23CDE90001DFF779FA002863D1DDE989
:10161000002300203749DEF747FEDDE90C23DFF722
:101620006DFA002840F0B780A5EB0B039F427FF7CF
:101630007CAF0022304BDDE90C01DEF7EDFF00222C
:10164000CDE90C012C4BDDE90001DEF7E5FFCDE92A
:101650000001C4E72A463346DEF7DEFFCDE90C0180
:101660000BEB07055E46DDE90001DFF785FA07466B
:10167000DEF768FF303702460B46DDE90001DEF792
:1016800013FE06F8017BAE42CDE900014FF00002E7
:1016900026D11C4BDDE90C01DEF708FE02460B46A5
:1016A000DDE90001DFF748FA002874D1DDE90C23F9
:1016B00000201449DEF7F8FD02460B46DDE9000183
:1016C000DFF71CFA00283FF430AF15F8013C302B4F
:1016D00005F1FF3202D0DDF820A04AE01546F4E71C
:1016E000054BDEF799FFCDE90001BCE7406C02082D
:1016F000186C02080000F03F0000244000001C406D
:10170000000014400000E03FDDE900675D46DDE9D0
:10171000022330463946DFF7A9F8DFF72DFA804675
:10172000DEF710FFDDE90223DEF776FF02460B4607
:101730003046394608F13006DEF7B6FD05F8016B94
:10174000A5EB0B06B14502460B4639D1DEF7AEFDDF
:10175000DDE9022306460F46DFF7EEF9C8B9DDE9F9
:10176000022330463946DFF7BFF910B118F0010FF8
:101770000FD10499204601F010F80023129A2B7023
:101780000AF101031360219B002B00F041821D60D0
:101790003EE2CDF820A015F8012C392A05F1FF33DF
:1017A00008D19B450AD1089B0133089330238BF85D
:1017B00000305B461A7801321A708CE71D46EAE762
:1017C00000229B4BDEF728FF0022002306460F462F
:1017D000DFF78AF900289AD0CBE70A9A002A00F0AE
:1017E0008B80069A012A6EDC139A002A67D003F2D6
:1017F0003343079F059D059A01211A44204605920F
:10180000984401F0A8F80646002D0CDDB8F1000F51
:1018100009DD4545059A2B46A8BF4346D21A0592D5
:10182000ED1AA8EB0308079BEBB10A9B002B67D0CE
:101830008FB131463A46204601F02CF9049A014610
:101840000646204601F090F804990890204600F0E2
:10185000A4FF089B0493079BDA1B04D0049920463D
:1018600001F018F904900121204601F074F80E9B54
:101870000746002B00F0D0811A460146204601F0B1
:1018800009F9069B012B074640DC009B002B39D150
:10189000019BC3F31303002B36D1019B23F00043BC
:1018A0001B0D1B052BB1059B0133059308F10108A6
:1018B000012307930E9B002B2AD1012030E0149BBB
:1018C000C3F1360395E7079B09F1FF37BB42BFBF62
:1018D000079B0797FA1A0E9BBBBF9B180E93DF1B43
:1018E0000027B9F1000FB5BF059B059DA3EB0905C6
:1018F0004B46B8BF00237EE7079F059D0A9E83E7FE
:10190000079AABE70023D4E7009BD2E700230793B5
:101910003B6907EB8303186900F0CFFFC0F120009B
:10192000404410F01F0047D0C0F12003042B3BDDE2
:10193000059BC0F11C000344059305448044059BAE
:10194000002B05DD1A460499204601F0F1F80490B9
:10195000B8F1000F05DD39464246204601F0E8F8AF
:1019600007460F9B53B33946049801F035F9002818
:1019700024DA00230A220499204600F025FF0A9B5E
:1019800004900AF1FF3A002B00F04D81002331460C
:101990000A22204600F018FF029B002B06464FDC6F
:1019A000069B022B4CDD11E0C9D0059A1C331A446A
:1019B00005921D449844C2E70346F6E7B9F1000FCB
:1019C00038DC069B022B35DDCDF80890029B63B90D
:1019D00039460522204600F0F7FE014607460498E6
:1019E00001F0FAF800283FF7CCAD0B9B5D466FEA9B
:1019F000030A4FF000093946204600F0CEFE002EC3
:101A00003FF4B7AEB9F1000F05D0B14503D0494658
:101A1000204600F0C2FE3146204600F0BEFEA8E699
:101A200000273E46E1E7DDF820A03E46A9E500BFDD
:101A3000000024400A9BCDF80890002B00F0FA80AB
:101A4000002D05DD31462A46204601F071F8064694
:101A5000079B002B4CD07168204600F06AFE32696B
:101A600002320546920006F10C010C30FDF75AF9DE
:101A700001222946204601F05BF8009BCDF814B006
:101A800003F00103B1460793064639460498FFF771
:101A9000A7FA4946054600F13008049801F09CF881
:101AA000324600903946204601F0B0F8C36802463D
:101AB00003BB01460890049801F08EF8089A03468B
:101AC00011462046089300F068FE089BA3B9069AC9
:101AD00092B9079A82B9B8F1390F29D0009B002B2F
:101AE00001DD05F13108059B5D1C83F8008082E76C
:101AF0003046C2E70123E3E7009A002A04DB25D140
:101B0000069A1ABB079A0ABB002BECDD0122049946
:101B1000204601F00DF83946049001F05DF80028E8
:101B200003DCE0D118F0010FDDD0B8F1390FD8D1C6
:101B3000059B059A5D1C3923137015F8013C392B60
:101B400005F1FF324FD00133137054E7059A002B93
:101B500002F1010506DDB8F1390FE9D008F10108FD
:101B6000059BC2E7029A05F8018CA5EB0B03934293
:101B700021D000230A220499204600F025FEB14519
:101B800004904FF000034FF00A024946204605D169
:101B900000F01AFE81460646059576E700F014FE31
:101BA0003146814600230A22204600F00DFE0646FB
:101BB000F2E74FF0000901220499204600F0B8FF37
:101BC0003946049001F008F80028B6DC02D118F07C
:101BD000010FB2D115F8013C302B05F1FF327FF433
:101BE0000AAF1546F6E7934505D131230AF1010AFC
:101BF0008BF80030FFE615469FE7DFF864B007E09A
:101C0000219BDFF860B01BB10BF10803219A136030
:101C1000584617B0BDE8F08F069B012B7FF735AE15
:101C20000E9B079349E6029B002B03DC069B022BCD
:101C30003FF7CCAE5D4639460498FFF7D1F900F185
:101C4000300805F8018B029AA5EB0B039A42B0DD30
:101C500000230A220499204600F0B6FD0490EAE72A
:101C60002A6D0208986B02088A892DE9F041054621
:101C700010070C4658D44B68002B05DC0B6C002B6E
:101C800002DC0020BDE8F081E66A002EF9D00023D6
:101C900012F480522F68216A2B6032D0606DA389C4
:101CA0005A0705D56368C01A636B0BB1236CC01A61
:101CB00000230246E66A216A2846B047431CA389EE
:101CC00006D129681D2948D8294ACA40D60744D5D3
:101CD00000226260D9042269226004D5421C01D12D
:101CE0002B6803B96065616B2F600029C9D004F1CE
:101CF0004403994202D02846FDF728F8002060638B
:101D0000C0E701232846B047411CC8D12B68002BEF
:101D1000C5D01D2B01D0162B01D12F60B1E7A389AF
:101D200043F04003A381ADE70F69002FA9D09307CB
:101D30000E6808BF4B690F6018BF0023A6EB0708A9
:101D40008B60B8F1000F9CDD43463A46216AA66AD3
:101D50002846B047002806DCA38943F04003A3814E
:101D60004FF0FF308EE70744A8EB0008E9E700BF1B
:101D70000100402038B50B6905460C46DBB118B1AF
:101D800083690BB900F060F80C4B9C4209D16C6878
:101D9000B4F90C307BB121462846BDE83840FFF746
:101DA00063BF074B9C4201D1AC68F1E7054B9C42F5
:101DB00008BFEC68ECE7002038BD00BFC86B020824
:101DC000E86B0208A86B0208002310B50446C0E9BE
:101DD0000033836081814366C281C0E9043383613B
:101DE000194608225C30FCF7A8FF054B6362054BDF
:101DF000A362054BE362054B2462236310BD00BF61
:101E000011000208370002086F0002089300020860
:101E1000014900F085B800BF751D020870B54A1E63
:101E2000682555430E4605F17401FCF7DDFF0446B5
:101E300040B10021C0E900160C30A06005F1680235
:101E4000FCF77BFF204670BD836910B5044633BBA9
:101E5000C0E912330365124B124A1B688262984232
:101E600004BF0123836100F01FF86060204600F08A
:101E70001BF8A060204600F017F80022E060042163
:101E80006068FFF7A1FF01220921A068FFF79CFF0E
:101E900002221221E068FFF797FF0123A36110BD22
:101EA000F86A0208111E0208F8B51B4B1E68B369D8
:101EB000074613B93046FFF7C7FF4836D6E9013465
:101EC000013B03D5336833B13668F7E7B4F90C50FA
:101ED0006DB16834F4E704213846FFF79FFF3060A6
:101EE0000028F1D10C233B6004462046F8BD0B4B83
:101EF0006566C4E90055A560C4E90335C4E9055524
:101F00000822294604F15C00FCF717FFC4E90D55CF
:101F1000C4E91255E9E700BFF86A02080100FFFFB3
:101F20002DE9F8438046894600F14804002614B99B
:101F30003046BDE8F883D4E90175013F01D5246836
:101F4000F5E7AB89012B07D9B5F90E30013303D082
:101F500029464046C84706436835EEE7F0B50669AE
:101F60004B119E4200F1140430DD11F01F0104EB0F
:101F7000860604EB830208D12146B2420B4611D2F9
:101F800052F8043B41F8043BF7E754F82350C1F101
:101F9000200CCD4004322346B24217460CD31D60BC
:101FA00005B104331A1BA3424FEAA20208BF002363
:101FB000026108BF4361F0BD3F6807FA0CF73D437B
:101FC00043F8045B52F8045BCD40E5E72346E9E7BC
:101FD000A0F13003092B02D82038C0B27047A0F11D
:101FE0006103052B01D84738F7E7A0F14103052B22
:101FF00001D82738F1E7002070472DE9F04F8BB06A
:102000008A46029016980693904600F0DFFA03681D
:1020100003931846DEF7E6F8039B019003444FF064
:10202000000B13F8013C0793DAF8003002331F4627
:1020300013F8010B30286CD0FFF7CAFF04460028C4
:102040006AD1019A03993846FEF727F8002866D12D
:10205000019BF85CFE18FFF7BBFF002862D03346F7
:10206000187830281F4603F10103F9D0FFF7B0FFBD
:10207000B0FA80F56D0934464FF0010B3A4616462A
:1020800001323078FFF7A4FF0028F8D1019A0399B4
:102090003046FEF702F850B954B9019BF4182246B5
:1020A000164601323078FFF793FF0028F8D10CB1C3
:1020B000A41BA4003378502B01D0702B40D173782F
:1020C0002B2B31D02D2B33D0711C4FF00009087809
:1020D000FFF77EFF431EDBB2182B31D8A0F11002B0
:1020E00011F8010FFFF774FF431EDBB2182B22D942
:1020F000B9F1000F00D052421444CAF800100DB3D9
:10210000BBF1000F0CBF0627002738460BB0BDE817
:10211000F08F0BF1010B8AE700252C46AEE73E4617
:102120000125C7E70446FBE74FF00009B11CCEE7E5
:102130004FF00109FAE70A2303FB0202103ACFE746
:102140003146DAE7F31B013B2946072B49DC0298AD
:1021500000F0EFFA019B00F114094FF0000BC3F1FE
:1021600001030546CDF81090DA460893B7423BD3F9
:10217000049840F804ABA0EB0900801028614701E7
:10218000504600F09AFBD8F800603F1AB74264DD71
:10219000BF1B3946284600F0A9FE824678B17B1E57
:1021A000591103F01F024FF0010A59F821100AFAE1
:1021B00002F20A4203D0534546DC4FF0020A394688
:1021C0002846FFF7CBFE3C44D8F80830A34252DA49
:1021D0002946029800F0E1FA149A00231360A3271D
:1021E00093E701315B10B0E7731E0593079A16F869
:1021F000013C934218D0BBF1200F07D1049BC3F8D8
:1022000000A004334FF0000A0493D34616F8010CE3
:10221000FFF7DEFE00F00F0000FA0BF04AEA000ABA
:102220000BF1040B059B0DE0059B089A1344BB4280
:10223000E1D31846019A03990993FDF72EFF099BF4
:102240000028D8D11E4691E7B91E284600F04EFE60
:102250000028B2D04FF0030AB1E709DAF71B29468C
:102260003A46029800F064FCE41B054600F11409AC
:102270004FF0000AA8E7D8F80400A0426ADD041B6A
:10228000A6422EDCD8F80C30022B22D0032B24D00F
:10229000012B15D1A64213D1012E0BDC069AD8F8DA
:1022A0000430136001232B61C9F80030149B6227AE
:1022B0001D602AE7711E284600F018FE0028EDD1A7
:1022C0002946029800F069FA149A002313605027F7
:1022D0001BE7159B002BE1D0F2E7159B002BDDD10E
:1022E000EEE7671EBAF1000F31D127B13946284613
:1022F00000F0FCFD82467A11012307F01F0703FA64
:1023000007F759F8223021461F42284618BF4AF0E5
:10231000020A361BFFF722FED8F804400227BAF162
:10232000000F48D0D8F80C30022B15D0032B17D053
:10233000012B09D11AF0020F06D0D9F800304AEA71
:10234000030A1AF0010F0ED147F0100733E04FF0E7
:10235000010AD0E70127E2E7159BC3F101031593BA
:10236000159B002BF0D0D5F8109005F114034FEA1F
:10237000890A03EB0A014FF0000C184653F8042BAE
:10238000B2F1FF3F1CD001320260022F05F11403AD
:1023900038D1D8F80020013AB2420AD17111012295
:1023A00006F01F0653F8213002FA06F61E4218BF47
:1023B000174647F02007149B1D60069B1C60A4E68F
:1023C000994243F804CCD8D8AB68994512DB6968C8
:1023D0000298013100F0ADF92A69023205F10C01D1
:1023E000834692000C30FCF79DFC2946029800F0D1
:1023F000D4F95D462B695A1C05EB83032A6101223F
:102400005A61C2E72A694A450BDD01212846FFF7D8
:10241000A5FDD8F808300134A342FFF6D9AE012754
:10242000C7E716F01F06FAD09A44C6F120065AF8FC
:10243000040C00F042FAB042E7DBF0E7C2F1080218
:10244000920070B5C2F120064368046803FA06F5ED
:102450002C43D340046040F8043F8842F4D370BD5D
:1024600030B50368013311F8014B14B90360012042
:1024700030BD13F8012BA2F14105192D98BF203270
:10248000A242F0D00020F3E72DE9F04F0B6801687D
:102490005F1102EB870713F01F0387B018BF0437E3
:1024A00000253E1F82469046019347F8045CB146E2
:1024B00034460295AB464A784B1C039342B3104610
:1024C00005910492FFF784FD002843D1049A0599F1
:1024D000202A18D8029B9B4513DD4C4506D2072DB8
:1024E00004DC2A4649462046FFF7A8FF444544D964
:1024F0000023A4F1040944F8043CCDF808B04C468C
:102500001D460399D7E7292A4AD10231CAF800109B
:10251000BBF1000F44D04C4506D2072D04DC2A46FF
:1025200049462046FFF78AFF444528D9434654F8D8
:10253000042B43F8042BA642F9D2002243F8042BC3
:102540009E42FBD233681BB9464527D10123336035
:10255000052026E00135082D0BF1010B06DD444571
:10256000CFD9002344F8043C0125043C226800F044
:102570000F0040EA02102060C3E70825C1E7019B75
:10258000002BDFD04FF0FF32C3F1200322FA03F318
:1025900057F8042C1A4047F8042CD3E7043ED1E73F
:1025A000042007B0BDE8F08FD0F8EC0070470000C1
:1025B000044B054A1B681B6A002B08BF1346D3F85F
:1025C000EC007047BC04002020050020F03070476C
:1025D000044B1B68186A044B002808BF1846F030EB
:1025E000704700BFBC0400202005002038B5074C10
:1025F000054608461146002222601A4601F08AFA72
:10260000431C02D1236803B12B6038BDF848002079
:1026100070B50E46B1F90E10002996B014461D464D
:1026200007DA00232B60B3891A0610D44FF48063B5
:102630000EE06A4601F01CFA0028F2DB019A02F46F
:102640007042A2F500535A425A412A60EEE74023F5
:102650000020236016B070BD8B8973B59D070646B8
:102660000C4607D504F1470323602361012363610E
:1026700002B070BD01AB6A46FFF7CAFF009905467C
:102680003046FCF7B1FB48B9B4F90C309A05EFD4E9
:1026900023F0030343F00203A381E3E70D4BB3628E
:1026A000A389206043F08003A381009B6361019BA9
:1026B00020615BB1B4F90E10304601F0EBF928B19E
:1026C000A38923F0030343F00103A381A3891D43DE
:1026D000A581CDE7111E020882B001B901A942B15E
:1026E0004BB113780B601278101C18BF012002B098
:1026F00070471046FBE76FF00100F8E7884210B51D
:1027000001EB020307D8421E99420AD011F8014B8F
:1027100002F8014FF8E78342F5D98118D21AD34263
:1027200000D110BD13F8014D01F8014DF7E77047D6
:10273000704770B5456A04460E463DB91020FCF757
:10274000E1FA6062C0E901550560C560656AEB6841
:1027500083B1636ADB6853F82600B8B9012101FA36
:1027600006F56A1D9200204600F0E1FB60B1C0E969
:1027700001650EE021220421204600F0D8FB636AA7
:10278000E860DB68002BE4D1002070BD026843F8EC
:1027900026200023C0E90333F7E770B5446A0646F4
:1027A0000D463CB91020FCF7ADFA7062C0E9014457
:1027B0000460C4603DB1736A6A68DB6853F8221034
:1027C000296043F8225070BD2DE9F0410D691F4684
:1027D00006460C4601F1140C0023DCF8000081B21F
:1027E00002FB01710F0C000C02FB007089B2013377
:1027F00001EB00419D424FEA10474CF8041BECDC12
:10280000D7B1A368AB4212DC616830460131FFF7F3
:1028100090FF2269023204F10C01804692000C30D4
:10282000FCF780FA21463046FFF7B7FF444604EB39
:10283000850301355F6125612046BDE8F0812DE902
:10284000F8430C4615461F4609220833064693FBFB
:10285000F2F3002101229A4220DB3046FFF769FFA4
:10286000089B4361092D4FF00103036119DD04F159
:102870000908C1462C4419F8013B0146303B0A22A5
:102880003046FFF7A1FFA145F5D108EB0504083C50
:102890002D1B6319BB4207DBBDE8F88352000131F1
:1028A000D9E70A340925F3E714F8013B0146303B28
:1028B0000A223046FFF788FFEBE7020C12040346BA
:1028C000B2B90304102013F07F4F04BF1B0208307D
:1028D00013F0704F04BF1B01043013F0404F04BFCE
:1028E0009B000230002B06DB5B0003D501307047F4
:1028F0000020E8E720207047036813F00702014634
:102900000BD0DA0723D4980749BF5B089B08012046
:102910000B605CBF0B600220704798B2A8B91B0C1B
:10292000102013F0FF0F04BF1B0A08301A0704BF62
:102930001B0904309A0704BF9B080230DA0702D44F
:102940005B0806D001300B6070471046E9E70020B5
:1029500070472020704710B50C460121FFF7E9FEB3
:1029600001224461026110BD2DE9F74F14460A6946
:1029700023699A42B8BF0B468846BCBFA0461C4696
:10298000D8F81070D4F81090D8F80830D8F804109F
:1029900007EB0906B342B8BF0131FFF7CAFE00F1E9
:1029A000140505EB860E2B460022734516D304F161
:1029B000140208F1140102EB890301EB870700936D
:1029C000009B019293420CD8002E03DD5EF8043D7B
:1029D000002B5DD0066103B0BDE8F08F43F8042BF7
:1029E000E3E7B2F800B0BBF1000F23D08946AC4654
:1029F0004FF0000859F8044BDCF800A0A3B21FFA0E
:102A00008AFA0BFB03A34FEA144ADCF80040434464
:102A10004FEA14480BFB0A8404EB1344E2469BB2D2
:102A200043EA04434F454FEA14484AF8043B2BD885
:102A3000CCF80480019BB3F802A00432BAF1000F75
:102A400020D02B688946A8464FF0000BB9F800C08B
:102A5000B8F802400AFB0C445C44C4469BB243EA0B
:102A600004434CF8043B59F8043BB8F804B01B0C81
:102A70000AFB03B303EB14434F454FEA134B05D84E
:102A8000C8F8043004359BE7D446B3E7E046DDE7F9
:102A9000013E99E72DE9F843154612F00302064678
:102AA0000F4607D0013A214C002354F82220FFF7AB
:102AB0008BFE0746AD1035D0746A3CB91020FCF788
:102AC00021F97062C0E901440460C460D6F8248032
:102AD000D8F808404CB940F271213046FFF73BFF6F
:102AE0000023C8F80800044603604FF00008EB0715
:102AF0000AD5394622463046FFF736FF3946814629
:102B00003046FFF74AFE4F466D100BD0206838B9AB
:102B1000224621463046FFF727FF2060C0F800809C
:102B20000446E4E73846BDE8F88300BF086D0208B4
:102B30002DE9F0470C464FEA621A236949680AEB0F
:102B40000309A3680746164609F10105AB4232DBCB
:102B50003846FFF7EEFD0023804600F114011A46C7
:102B600053452BDB20692AEAEA7A04F1140316F0B4
:102B70001F0201EB8A0103EB800C25D0C2F1200E6D
:102B800000201E688A46964030434AF8040B53F8EA
:102B9000040B9C4520FA0EF014D8486008B109F1E6
:102BA0000205013D3846C8F810502146FFF7F5FDF3
:102BB0004046BDE8F08701315B00C7E741F82320BC
:102BC0000133CDE75146DCE7043953F8042B41F8D3
:102BD000042F9C45F9D8E4E703690A699B1A30B5CC
:102BE0000CD19200143014318418114454F8045D4F
:102BF00051F8042D954203D005D30123184630BD6A
:102C0000A042F3D3FAE74FF0FF33F7E72DE9F0479F
:102C10000D460746114628461446FFF7DDFF061EFF
:102C200008D131463846FFF784FD0123C0E9043658
:102C3000BDE8F087A4BF23462C4638466168A6BF8E
:102C40001D4600260126FFF774FD2B69C660266924
:102C500005F1140904F1140202EB860709EB83085D
:102C600000F114054FF0000E52F804AB59F8044B74
:102C70001EFA8AF1A3B2C91A230CC3EB1A4303EB61
:102C8000214389B24FEA234EC84541EA03439446A3
:102C900045F8043BE8D8BC4504D355F8043D83B15E
:102CA0000661C5E75CF8041B1EFA81F31A1402EBF7
:102CB00011429BB243EA02434FEA224E45F8043BDD
:102CC000E9E7013EE9E70000124B10EE902A1A40B6
:102CD000A2F15073002B04DD0020194641EC100BCB
:102CE00070475B421B15132B4FF000004FF00001A3
:102CF00004DC4FF4002242FA03F1EFE7143B1E2BF1
:102D00004FF00102DABFC3F11F0302FA03F31346C7
:102D10001846E3E70000F07FF8B5056900F11407F5
:102D200007EB85052E1F55F8044C2046FFF7C5FD1F
:102D3000C0F120030A280B60DFF874C014DCC0F176
:102D40000B0E24FA0EF1B74241EA0C0334BF55F8DA
:102D5000081C0021153004FA00F021FA0EF140EAB7
:102D6000010243EC102BF8BDB7423ABFA5F10806AB
:102D700055F8081C00210B3815D08440C0F12005FF
:102D800044F07F5444F44014BE4221FA05FC44EA66
:102D90000C038CBF56F8044C002401FA00F0EC4000
:102DA00040EA0402DDE744EA0C030A46D9E700BF23
:102DB0000000F03F2DE9F7430E46012159EC108B3E
:102DC0001546FFF7B6FCC9F30A540746C9F31303C7
:102DD00034BB0193B8F1000327D002A840F8083DA6
:102DE000FFF78AFD0099F0B1019AC0F1200302FAC1
:102DF00003F30B43C2407B610192019BBB61002B3B
:102E000014BF022101213961C4B1A4F23344044446
:102E10003460C0F135002860384603B0BDE8F08367
:102E200043F48013D5E77961E7E701A8FFF764FD74
:102E3000019B7B61012139612030E5E707EB8103CC
:102E4000A0F2324030601869FFF737FDC0EB411047
:102E5000E1E72DE9F74F884669468146FFF75CFFB9
:102E600001A9404657EC106BFFF756FFD9F8103018
:102E7000D8F81020A3EB020CDDE900329B1A03EB1B
:102E80004C135BEC10AB002BCEBF3A46C3EB0333C5
:102E90005A4659463D46D4BF02EB035102EB035557
:102EA000304610EE102A0B462946DDF7DFFC41ECD8
:102EB000100B03B0BDE8F08F013910B5491114694A
:102EC000013102F1140300EB810103EB8404A342FE
:102ED000024603D300238A4205D310BD53F8042BC6
:102EE00040F8042BF3E742F8043BF4E700F1140246
:102EF00000694B11984210B511DB0ADD11F01F017A
:102F000007D052F8234024FA01F000FA01F18C4274
:102F10000BD102EB8303934203D8002010BD03467C
:102F2000F7E753F8041D0029F5D00120F6E738B57E
:102F300002FB01F42146FBF757FF054618B1224674
:102F40000021FBF7FAFE284638BDF8B507461446BF
:102F50000E4621B91146BDE8F840FBF745BF22B93E
:102F6000FBF7F4FE25462846F8BD00F0A3FDA0427D
:102F70000FD221463846FBF737FF05460028F2D02E
:102F800031462246FBF7CEFE31463846FBF7DEFEE1
:102F9000E9E73546E7E72DE9F0478E689E4282462D
:102FA0000C469046994637D88A8912F4906F31D0F2
:102FB000256809696F1A6569022305EB450595FBCC
:102FC000F3F509F101033B449D4238BF1D4653050B
:102FD00030D52946FBF708FF064650B90C23CAF83E
:102FE0000030A38943F04003A3814FF0FF30BDE8D8
:102FF000F0873A462169FBF795FEA38923F4906395
:1030000043F08003A381266165613E44ED1B266089
:10301000A5604E464E4500D94E4632464146206890
:10302000FFF76CFBA3689B1BA36023681E4426600C
:103030000020DCE72A46FFF788FF06460028E2D199
:1030400021695046FBF782FEC8E700002DE9F04FEA
:103050001D468B891F069DB080460C4616460FD52F
:103060000B696BB94021FBF7BFFE2060206128B9D6
:103070000C23C8F800304FF0FF30C8E040236361F4
:103080000023099320238DF8293030238DF82A302E
:1030900003954FF0010B37463D4615F8013B0BB148
:1030A000252B3ED1B7EB060A0BD0534632462146BC
:1030B0004046FFF770FF013000F0A480099B5344A5
:1030C00009933B78002B00F09D8000234FF0FF32E6
:1030D000CDE90523049307938DF853301A932F46B7
:1030E000052217F8011B5048DDF78AF8049BD0B978
:1030F000D90644BF20228DF853201A0744BF2B2243
:103100008DF853202A782A2A15D0079A2F460020B6
:103110000A25394611F8013B303B092B4DD9B8B18E
:103120000FE02F46B8E7404A801A0BFA00F0184328
:1031300004903D46D3E7039A111D12680391002ABB
:1031400001DB079204E0524243F00203079204932A
:103150003B782E2B0CD17B782A2B33D1039B1A1D65
:103160001B680392002BB8BF4FF0FF330237059363
:103170002E4D397803222846DDF742F838B1402336
:10318000401B03FA00F0049B034301370493397892
:1031900027488DF8281006227E1CDDF731F800281C
:1031A00038D0244B13BB039B073323F007030833AA
:1031B0000393099B4B4409936DE705FB0232012001
:1031C0000F46A6E700230137059319460A2538461E
:1031D00010F8012B303A092A03D9002BC8D00591E9
:1031E000C6E705FB012101230746F0E703AB009387
:1031F0002246114B04A94046FCF724F8B0F1FF3FEA
:103200008146D6D1A3895B063FF535AF09981DB03D
:10321000BDE8F08F03AB00932246074B04A940465C
:10322000FCF7C6FAEAE700BFFC6A0208026B020874
:10323000066B020845F20108972F020838B54B1CAF
:10324000144603D14FF0FF35284638BD938923F04B
:1032500020039381636B5268CDB28BB1A36B934211
:1032600008DD23685A1E226003F8015C636801339D
:103270006360E9E7214600F0B3FB0028F1D0E1E705
:103280002169236851B1994208D213F8011CA9425F
:1032900004D1013B013223606260D5E7C4E90F32FB
:1032A00004F1440363630323A363234603F8465FE7
:1032B00023600123DCE710B50C46496B69B104F1CA
:1032C0004403994201D0FBF741FD236C6360002069
:1032D000606313B1E36B236010BD23692360002397
:1032E0006360A38943F02003A3814FF0FF30F3E72D
:1032F0002DE9F04FADF5237D0C4600214491459119
:103300009F49A0910DF104089E49DFF87C92CDF809
:10331000188106469246A19100930A279AF8003038
:10332000002B00F02A815546FFF742F915F801BB42
:103330005844437813F008031CD06368002B12DD57
:10334000FFF736F923681A7810444278120701D43F
:10335000AA46E3E7459A0132459262680133013A91
:1033600062602360E9E7A19B214630469847002828
:10337000E6D0EDE7BBF1250F40F082804393419307
:103380009AF801302A2B03D1102341930AF1020548
:10339000AA4615F8011BA1F13002092A22D90322FD
:1033A0007948DCF72DFF38B1A0EB090301209840E4
:1033B000419B18434190AA469AF80030672B0AF1C6
:1033C00001052BD8652B80F09F80472B10D8452B0B
:1033D00080F09A80002B6CD0252B51D0032347938B
:1033E000429727E0439B07FB0313303B4393CFE710
:1033F0005B2B6AD00CD8582BF0D1419A42F4007262
:103400004192102242926E2B8CBF0423032310E0C2
:10341000632B65D0642BE1D14297F4E7702B4BD03E
:1034200026D86E2B62D04CD8692BD7D1002342937B
:10343000032347936368002B68DD419B590607D43B
:10344000FFF7B6F823681A7810444278120764D45C
:10345000479B022B73DC6B46224641A9304600F0A5
:1034600097F8012800F0898002287FF471AF1DE0F1
:10347000752BD1D0782BC0D0732BAFD10223D8E7D6
:103480006368002B0CDD23681A785A4575D1013327
:1034900062682360459B013A01336260459357E7B8
:1034A000A19B2146304698470028ECD0449800283C
:1034B00059D14FF0FF305CE0419A42F02002419236
:1034C0009BE7082342930423B3E72946404600F0D4
:1034D000C9F9419B43F04003419305460123A8E706
:1034E000419B43F0400341930023A2E74198C30668
:1034F0003FF52EAF009B459A191D00911B68C00730
:103500004CBF1A801A6023E7052392E7A19B21464E
:1035100030469847002890D0C8E7459A0132459236
:103520006268013A002A626002DD0133236087E7A6
:10353000A19B214630469847002881D0B6E7042B4E
:1035400006DC6B46224641A9304600F085F888E744
:103550000E4B002B3FF4FCAE6B46224641A9304691
:10356000FCF738FA7DE7A38913F0400F18BF4FF03E
:10357000FF300DF5237DBDE8F08F4498F9E700BFDB
:103580003D320208B7320208026B0208D5F9010881
:103590002DE9F04115468A6880460C4632B98A69A1
:1035A000002A14BF4FF0FF3201228A602268D10640
:1035B0005FBF1A68111D196017680026A369DBB187
:1035C000012B07D12B6862691B78D35CA3B9002E4D
:1035D00032D106E0022B07D0002E2DD1A369012B9A
:1035E0002AD10120BDE8F081FEF7E2FF2B681B78AD
:1035F000184443781B07EFD42368DA065EBF2B68B4
:103600001B783B702A686B6802F101022A60A2688D
:1036100003F1FF3302F1FF326B6006F1010658BF80
:103620000137A26042B1002BC8DCD4F880312946B2
:10363000404698470028C1D0236813F0100305D1F5
:10364000E2680132E260A26902B13B7023691E4464
:1036500026610020C6E700002DE9F04F9A46744B22
:103660000C468346164693E8070087B003ABA7686D
:1036700083E807006F4BA1696F4A032908BF1A4608
:103680007B1EB3F5AE7F84BF40F25D13A360236859
:10369000009243F4506388BF6FF4AE7504F11C09C7
:1036A00023608CBF7F1900274B464FF00008019321
:1036B000316803AB022253F828000978DCF7A0FD3B
:1036C000019B30B3B8F1010F5AD162682AB9226860
:1036D000082142F4007261602260226822F4A06234
:1036E0002260A268511EA1609AB13268511C3160FB
:1036F00012781A705D1C7368013B002B736007DC45
:10370000D4F88031314658469847002840F08680EA
:103710002B4608F10108B8F1030FC8D162680AB955
:103720000A2262606268454960690193891A00F063
:1037300099F8019B4FF000081D46A3682268002BF2
:103740003AD03168606991F800C010F80C00002888
:1037500032D0BCF1300F21D110051FD508F101087E
:1037600017B10133013FA3607368013B002B736005
:103770001BDD336801333360A368013BA360DCE7E2
:10378000B8F1020FADD1226802F4C061B1F5007F3B
:10379000BFD11021616042F48072A1E722F410626F
:1037A00022600B782B700135DEE7D4F8803131468A
:1037B000584698470028DFD02368D9050CD54D45D9
:1037C00008D915F8011CD4F87C3132465846984780
:1037D0006F1E3D464D4529D0226812F0100213D1CC
:1037E0002A706368009E49465846B047DAF80030B0
:1037F00021681A1DCAF8002011F0200F1B6810D094
:103800001860E3680133E360A5EB0905A844256966
:1038100045442561002007B0BDE8F08F4FF0000857
:10382000CAE7CA074CBF18801860EAE70120F2E730
:10383000343C0208F90D0208BD390208246D020863
:1038400038B5074C054608461146002222601A4644
:1038500000F068F9431C02D1236803B12B6038BD26
:10386000F848002070B50B785E2B13BF4A1C8A1CE9
:103870004B78002108BF0121441E00F1FF0504F828
:10388000011FAC42FBD113B9013A104670BD81F063
:103890000104C454511C11F8015C2D2D01F1FF36B7
:1038A0000A4606D05D2DF0D00DB93246EDE72B4625
:1038B000EFE70E785D2EFAD0B342F8DC01339E427A
:1038C000C454FBDC0231E6E72DE9F0478046894627
:1038D00092461E460F463D46089815F8014BFEF7E6
:1038E00063FE2044437813F0080330D12D2C30D1EF
:1038F0007C78BD1C0121002E5CD0102E09D1302C0B
:1039000007D12B7803F0DF03582B4ED16C781026AB
:1039100002354FF0FF320023B2FBF6F206FB02FC49
:103920006FEA0C0C1846A4F13007092F17D83C4653
:10393000A64223DD002B1EDB82421CD301D1A4450D
:1039400019DB00FB0640012315F8014BEBE72F467E
:10395000C1E72B2C04BFBD1C7C781946CBE7A4F132
:103960004107192F01D8373CE2E7A4F16107192F6D
:1039700004D8573CDCE74FF0FF33E5E7002B09DACA
:103980002223C8F800304FF0FF30BAF1000F07D102
:10399000BDE8F08701B14042BAF1000FF8D00BB199
:1039A00005F1FF39CAF80090F2E73024002EB0D1BB
:1039B0000826AEE7302CA4D00A26AAE737B5064C75
:1039C000064D2468246A002C08BF2C460094FFF79B
:1039D0007BFF03B030BD00BFBC04002020050020E9
:1039E0002DE9F0410C46496B04F1440399421DD185
:1039F0004FF48061FBF7F8F918B94FF0FF30BDE8DC
:103A0000F0814FF48063A36394F84630606380F8DC
:103A1000FF3394F8453080F8FE3394F8443080F852
:103A2000FD3300F2FD3020600020E8E7A66B770050
:103A30003A46FFF78AFA05460028DED000EB060872
:103A4000014632464046FBF76DF9C4F80080C4E9F0
:103A50000D57E9E749B1FF2A85BF8A2303600A7041
:103A60004FF0FF3098BF01207047084670470000B4
:103A700038B5074C0023054608461146236000F080
:103A800029F8431C02D1236803B12B6038BD00BF65
:103A9000F848002038B5064C002305460846236048
:103AA00000F028F8431C02D1236803B12B6038BD15
:103AB000F848002051F8043C181F002BBCBF0B58DD
:103AC000C0187047024B58221A604FF0FF30704701
:103AD000F8480020024B58221A604FF0FF30704720
:103AE000F8480020024B58221A604FF0FF30704710
:103AF000F8480020024B58221A600020704700BF8F
:103B0000F8480020024B58221A604FF0FF307047EF
:103B1000F8480020024B58221A604FF0FF307047DF
:103B2000F8480020024B58221A604FF0FF307047CF
:103B3000F8480020FEE700BFF8B500BFF8BC08BC9D
:103B40009E467047F8B500BFF8BC08BC9E4670475B
:103B5000603C0208854000080100000000000000F1
:103B600000020000543C0208B140000800000000C0
:103B70000000000000010000BC5E020805CC000847
:103B8000FEFF0000000000000008000000002041CF
:103B9000CDCCCC3EDB0F49400000A04100002042CC
:103BA0000000C84200000000D606D606D606000077
:103BB00000002041000000000000A04104000000BF
:103BC00000002042080000000000A0420C0000009D
:103BD0000000000000000000000000000000803F26
:103BE0000000803FF45B0208A1C50108000000004E
:103BF00000000000401F0000B05E0208CDCD0108AB
:103C0000000000000000000000040000405F020807
:103C1000D5CF0108000000000000000000040000F3
:103C2000585F0208D5D20108000000000000000023
:103C300000020000266D0208296D02082C6D0208A2
:103C4000426F6172642F76332F5372632F74696DE4
:103C50002E63000064656661756C745461736B005B
:103C60007461736B5F7573625F70756D70000000D7
:103C700030313233343536373839414243444546A2
:103C80000000000000020102426F6172642F76336F
:103C90002F5372632F757362645F636F6E662E635A
:103CA00000000000426F6172642F76332F537263FD
:103CB0002F7370692E630000426F6172642F763338
:103CC0002F5372632F75736172742E6300000000AE
:103CD0000006101600061016426F6172642F7633CC
:103CE0002F5372632F6164632E63000043444320AB
:103CF000436F6E666967000043444320496E7465F4
:103D000072666163650000004F44726976652052F7
:103D10006F626F74696373004F4472697665203314
:103D20002E362043444320496E7465726661636594
:103D3000000000004F447269766520332E36204E15
:103D4000617469766520496E7465726661636500A9
:103D5000426F6172642F76332F5372632F63616EEB
:103D60002E630000000000000000000001020304B8
:103D700006070809000000000102030406070809FD
:103D80000A1717171717282828282828000802407C
:103D9000000402400000024000040240020004004F
:103DA00008001000040000800800000049444C4551
:103DB00000000000426F6172642F76332F537263EC
:103DC0002F6932632E630000726563627566662038
:103DD000213D203078626565660000004472697696
:103DE0006572732F445256383330312F64727638EF
:103DF0003330312E63000000445256383330315F87
:103E000072656164537069000400000008000000DE
:103E10000C000000000080454D6F746F72436F6EA0
:103E200074726F6C2F6C6F775F6C6576656C2E6348
:103E30007070000001000200030000001C3A002026
:103E400000080240000200000004024010000000D0
:103E500000040240200000000008024000020000B0
:103E6000943A0020AC0D0000FFFFF9440F00000061
:103E7000183F00200004024000100000000802402B
:103E800000200000000C02400400000007000800B1
:103E900002000000A4390020000802400080000059
:103EA00000040240400000000004024080000000C6
:103EB00000080240008000006839002082140000E1
:103EC000FFFFF94404000000183F002000040240F6
:103ED000001000000008024000400000000C0240FA
:103EE000040000000400000034F8B543AC13E7C33D
:103EF00091C6994339CEDDC1313053747265616D1D
:103F000053696E6B00000000BC690208F83E0208AD
:103F10003135435243313643616C63756C61746F64
:103F2000720000001C6A0208103F0208083F0208E5
:103F300038456E64706F696E74000000BC690208D9
:103F4000303F02083136456E64706F696E7450728E
:103F50006F76696465720000BC690208443F02081C
:103F6000313650726F746F636F6C50726F70657220
:103F700074794968450000001C6A0208603F020825
:103F80003C3F0208313650726F746F636F6C507231
:103F90006F70657274794962450000001C6A0208FE
:103FA000843F02083C3F0208313650726F746F63E1
:103FB0006F6C50726F7065727479496C45000000C7
:103FC0001C6A0208A83F02083C3F020831365072C2
:103FD0006F746F636F6C50726F706572747949663D
:103FE000450000001C6A0208CC3F02083C3F020862
:103FF000313650726F746F636F6C50726F70657290
:104000007479494B664500001C6A0208F03F0208BB
:104010003C3F0208313650726F746F636F6C5072A0
:104020006F7065727479494B684500001C6A02081C
:10403000144002083C3F0208313650726F746F63BF
:104040006F6C46756E6374696F6E4937456E636F4A
:104050006465724A5374357475706C65494A6C4571
:104060004553315F494A45454545000060690208AE
:104070003840020800000000010000003C3F020838
:1040800000000000313650726F746F636F6C4675BC
:104090006E6374696F6E493130436F6E74726F6C0A
:1040A0006C65724A5374357475706C65494A6666FE
:1040B00066454553315F494A454545450000000086
:1040C000606902088440020800000000010000004E
:1040D0003C3F020800000000313650726F746F637D
:1040E0006F6C46756E6374696F6E493130436F6EE5
:1040F00074726F6C6C65724A5374357475706C654C
:10410000494A6666454553315F494A45454545003C
:1041100060690208D84002080000000001000000A9
:104120003C3F020800000000313650726F746F632C
:104130006F6C46756E6374696F6E493130436F6E94
:1041400074726F6C6C65724A5374357475706C65FB
:10415000494A66454553315F494A45454545000052
:104160006069020828410208000000000100000008
:104170003C3F020800000000313650726F746F63DC
:104180006F6C46756E6374696F6E493130436F6E44
:1041900074726F6C6C65724A5374357475706C65AB
:1041A000494A6662454553315F494A4545454500A0
:1041B0006069020878410208000000000100000068
:1041C0003C3F020800000000313650726F746F638C
:1041D0006F6C46756E6374696F6E493130436F6EF4
:1041E00074726F6C6C65724A5374357475706C655B
:1041F000494A454553325F45450000006069020861
:10420000C841020800000000010000003C3F020815
:1042100000000000313650726F746F636F6C507223
:104220006F70657274794974450000001C6A020859
:10423000144202083C3F0208313650726F746F63BB
:104240006F6C50726F7065727479494B62450000F3
:104250001C6A0208384202083C3F0208313650729C
:104260006F746F636F6C46756E6374696F6E4935FA
:104270004D6F746F724A5374357475706C65494A2A
:10428000454553315F494A664545454500000000B4
:10429000606902085C4202080000000001000000A2
:1042A0003C3F020800000000313650726F746F63AB
:1042B0006F6C50726F7065727479494B7445000071
:1042C0001C6A0208A84202083C3F020831365072BC
:1042D0006F746F636F6C50726F7065727479494B55
:1042E0006D4500001C6A0208CC4202083C3F0208EF
:1042F000313650726F746F636F6C50726F7065728D
:104300007479496D450000001C6A0208F0420208F9
:104310003C3F0208313650726F746F636F6C4675A4
:104320006E6374696F6E4934417869734A537435AA
:104330007475706C65494A454553325F45450000C8
:104340006069020814430208000000000100000038
:104350003C3F020800000000313650726F746F63FA
:104360006F6C46756E6374696F6E49394F4472693C
:10437000766543414E4A5374357475706C65494A8D
:104380006D454553315F494A4545454500000000AC
:1043900060690208584302080000000001000000A4
:1043A0003C3F020800000000313650726F746F63AA
:1043B0006F6C50726F7065727479493134656E64D8
:1043C000706F696E745F7265665F7445000000000F
:1043D0001C6A0208A84302083C3F020831365072AA
:1043E0006F746F636F6C50726F7065727479494B44
:1043F000794500001C6A0208DC4302083C3F0208C1
:10440000313650726F746F636F6C46756E6374698A
:104410006F6E49313553746174696346756E6374A8
:10442000696F6E734A5374357475706C65494A6C64
:10443000454553325F454500606902080044020863
:1044400000000000010000003C3F020800000000E6
:10445000313650726F746F636F6C46756E6374693A
:104460006F6E49313553746174696346756E637458
:10447000696F6E734A5374357475706C65494A6D13
:10448000454553315F494A664545454500000000B2
:1044900060690208504402080000000001000000AA
:1044A0003C3F020800000000313650726F746F63A9
:1044B0006F6C46756E6374696F6E49313553746104
:1044C00074696346756E6374696F6E734A537435AD
:1044D0007475706C65494A454553325F4545000027
:1044E00060690208A8440208000000000100000002
:1044F0003C3F0208000000003332456E64706F6973
:104500006E7450726F76696465725F66726F6D5F0C
:104510004D656D6265724C6973744931304D656DDE
:104520006265724C697374494A313650726F746FA8
:10453000636F6C50726F7065727479494B66455346
:10454000315F494B794553315F494B684553375F7C
:1045500053375F53375F53375F53375F53375F537B
:10456000315F494B624553395F313450726F746F1C
:10457000636F6C4F626A656374494A53315F494B9C
:104580006D4553435F53435F53435F53435F53430F
:104590005F53435F53435F53435F53435F53415FF5
:1045A000494A53435F53435F53435F454553415F1C
:1045B000494A53375F53435F53435F53435F454516
:1045C000454553415F494A53315F49664553315F21
:1045D00049624553485F53485F53475F53475F53B2
:1045E000415F494A53305F494A53315F493134652D
:1045F0006E64706F696E745F7265665F7445534771
:104600005F53475F45454545534C5F534C5F534CA3
:104610005F534C5F534C5F454553415F494A5330AC
:104620005F494A53315F49744553395F53375F538C
:10463000315F49684553435F53375F53415F494A90
:1046400053485F53485F53485F53485F53485F5335
:10465000485F53475F53475F534E5F534E5F53412D
:104660005F494A53475F53475F53475F53475F5321
:10467000475F454553415F494A53475F53475F533F
:10468000475F53475F53475F53475F53485F534804
:104690005F53485F454553515F534F5F53315F4907
:1046A0006D45454553415F494A53305F494A534E32
:1046B0005F53375F53395F53335F53335F53475F04
:1046C00053475F53475F53335F313650726F746F98
:1046D000636F6C46756E6374696F6E49354D6F74A8
:1046E0006F724A5374357475706C65494A45455309
:1046F000565F494A664545454553415F494A5347D8
:104700005F53475F53475F53475F53475F53475F6D
:1047100053475F53475F53475F53475F53475F5369
:10472000335F53335F454553415F494A53315F49D6
:104730004B7445454553415F494A5331315F5331CD
:10474000315F5331315F5331315F5331315F533119
:10475000315F5331315F5331315F5331315F454503
:1047600053415F494A53485F53315F496C45534752
:104770005F53475F53475F53475F5331345F534F36
:104780005F53475F53475F53475F53475F53475FED
:1047900053475F45454545454553415F494A533079
:1047A0005F494A534F5F53475F53475F53475F53D8
:1047B000475F53475F53485F53415F494A534F5FD9
:1047C00053475F53475F53475F53475F53475F53B9
:1047D000475F53485F454553545F493130436F6EDF
:1047E00074726F6C6C65724A53565F494A666666AE
:1047F000454553575F454553545F495331395F4AE7
:1048000053565F494A6666454553575F454553547D
:104810005F495331395F4A53585F53575F4545539A
:1048200031455F53545F495331395F4A53565F49AD
:104830004A6662454553575F454553545F49533176
:10484000395F4A53575F53575F4545454545455383
:10485000415F494A53305F494A534F5F53485F5362
:10486000485F5331345F5331345F53475F53335F95
:1048700053475F53475F53375F53475F53335F532C
:10488000415F494A534F5F53485F53485F53485F06
:1048900053485F5331345F5331345F53475F53485C
:1048A0005F53475F53475F53475F53475F53485FCB
:1048B00053485F454553545F4937456E636F6465A0
:1048C000724A53565F494A6C454553575F454545C3
:1048D00045454553415F494A53305F494A534F5F0D
:1048E00053475F53475F53475F53415F494A5347BD
:1048F0005F53475F53475F45454545454553415FD6
:10490000494A53305F494A53415F494A53475F53CD
:10491000475F53475F53475F4545454545455354BA
:104920005F4934417869734A53575F53575F454530
:104930004545454553315A5F53415F494A53305FBE
:10494000494A534F5F53415F494A53435F4545537B
:104950004F5F53545F49394F447269766543414E06
:104960004A53565F494A6D454553575F454545454E
:10497000454553525F53545F4931355374617469EF
:104980006346756E6374696F6E734A53314D5F533E
:10499000314D5F454553545F495332365F4A533278
:1049A000325F53585F45455332385F53545F495324
:1049B00032365F4A53575F53575F45455332395F2D
:1049C0005332395F5332395F454545001C6A02084E
:1049D000F8440208583F020800000000243F020883
:1049E00089140108CD14010800000000783F020876
:1049F000F11C0108B9180108CD170108C9190108EF
:104A0000000000009C3F0208911C0108711601087B
:104A10007D1701088916010800000000C03F020848
:104A2000891D0108311901080D180108B119010883
:104A300000000000E43F0208DD1B01082D180108FA
:104A40005D17010865160108000000000840020813
:104A50000D1C0108551801085D16010861160108B2
:104A6000000000002C400208E51C0108A118010804
:104A70005516010859160108000000006C40020894
:104A800035160108D5140108D9140108DD140108F0
:104A900000000000C040020831170108D5140108C9
:104AA000D9140108DD1401080000000010410208BB
:104AB00009170108D5140108D9140108DD140108EB
:104AC000000000006041020811160108D514010819
:104AD000D9140108DD14010800000000B0410208EB
:104AE000E5160108D5140108D9140108DD140108E0
:104AF00000000000FC410208F1150108D51401086E
:104B0000D9140108DD140108000000002C4202083D
:104B1000751B010801190108AD1701089919010851
:104B20000000000050420208851C0108D115010850
:104B3000E9150108ED150108000000009042020887
:104B4000B1150108D5140108D9140108DD140108B4
:104B500000000000C0420208A51B01081919010845
:104B6000A9150108AD15010800000000E442020883
:104B70000D1B0108D1180108A1150108A515010890
:104B80000000000008430208191B0108E918010889
:104B9000ED170108811901080000000040430208D8
:104BA00081150108D5140108D9140108DD14010884
:104BB000000000009043020861150108D5140108A7
:104BC000D9140108DD14010800000000D0430208D8
:104BD000891A010855150108591501085D150108C4
:104BE00000000000F4430208191C01087D180108A8
:104BF0004D15010851150108000000003844020855
:104C0000C5160108D5140108D9140108DD140108DE
:104C10000000000090440208A1160108D514010804
:104C2000D9140108DD14010800000000E044020866
:104C30002D150108D5140108D9140108DD14010847
:104C400000000000CC49020825150108CDA201088A
:104C500029C1010849880108656E64706F696E7426
:104C6000000000006D696E006D61780074657374FA
:104C70005F66756E6374696F6E00000064656C74C6
:104C8000610000006765745F6F7363696C6C6F73BC
:104C9000636F70655F76616C000000006765745F2C
:104CA0006164635F766F6C74616765006770696FDC
:104CB00000000000766275735F766F6C74616765E3
:104CC0000000000073657269616C5F6E756D6265EE
:104CD0007200000068775F76657273696F6E5F6D52
:104CE000616A6F720000000068775F7665727369B1
:104CF0006F6E5F6D696E6F720000000068775F769F
:104D0000657273696F6E5F76617269616E740000BF
:104D100066775F76657273696F6E5F6D616A6F72D9
:104D20000000000066775F76657273696F6E5F6D75
:104D3000696E6F720000000066775F766572736956
:104D40006F6E5F7265766973696F6E0066775F7606
:104D5000657273696F6E5F756E72656C65617365A0
:104D600064000000757365725F636F6E6669675FEC
:104D70006C6F6164656400006272616B655F72658F
:104D8000736973746F725F61726D65640000000017
:104D900073797374656D5F737461747300000000E0
:104DA000757074696D6500006D696E5F686561702E
:104DB0005F737061636500006D696E5F737461633A
:104DC0006B5F73706163655F6178697330000000C9
:104DD0006D696E5F737461636B5F73706163655F50
:104DE00061786973310000006D696E5F737461638F
:104DF0006B5F73706163655F636F6D6D730000005F
:104E00006D696E5F737461636B5F73706163655F1F
:104E1000757362006D696E5F737461636B5F73704D
:104E20006163655F75617274000000006D696E5F9B
:104E3000737461636B5F73706163655F63616E0060
:104E40006D696E5F737461636B5F73706163655FDF
:104E50007573625F697271006D696E5F737461630F
:104E60006B5F73706163655F7374617274757000FA
:104E700072785F636E74000074785F636E74000014
:104E800074785F6F76657272756E5F636E74000022
:104E900069326300616464720000000061646472DE
:104EA0005F6D617463685F636E7400006572726F3A
:104EB000725F636E740000006272616B655F7265A1
:104EC00073697374616E636500000000656E6162F2
:104ED0006C655F7561727400656E61626C655F69B7
:104EE00032635F696E73746561645F6F665F63618F
:104EF0006E000000656E61626C655F617363696975
:104F00005F70726F746F636F6C5F6F6E5F757362EB
:104F10000000000064635F6275735F756E646572A4
:104F2000766F6C746167655F747269705F6C6576CB
:104F3000656C000064635F6275735F6F766572769F
:104F40006F6C746167655F747269705F6C657665BC
:104F50006C0000006770696F315F70776D5F6D6125
:104F60007070696E670000006770696F325F7077FC
:104F70006D5F6D617070696E670000006770696FCA
:104F8000335F70776D5F6D617070696E67000000F0
:104F90006770696F345F70776D5F6D617070696E97
:104FA000670000006770696F335F616E616C6F67E7
:104FB0005F6D617070696E67000000006770696FF7
:104FC000345F616E616C6F675F6D617070696E6791
:104FD00000000000746573745F70726F70657274A6
:104FE00079000000736176655F636F6E666967754F
:104FF000726174696F6E000065726173655F636FE3
:105000006E66696775726174696F6E007265626F52
:105010006F740000656E7465725F6466755F6D6FB6
:1050200064650000000001007365745F706F735F5A
:10503000736574706F696E740000000076656C5F54
:10504000666565645F666F72776172640000000078
:1050500063757272656E745F666565645F666F72B4
:1050600077617264000000007365745F76656C5F41
:10507000736574706F696E74000000007365745F0F
:1050800063757272656E745F736574706F696E7448
:10509000000000006D6F76655F746F5F706F730066
:1050A0006D6F76655F696E6372656D656E74616C58
:1050B00000000000646973706C6163656D656E74F7
:1050C0000000000066726F6D5F676F616C5F706FEC
:1050D000696E740076656C5F696E74656772617481
:1050E0006F725F63757272656E74000076656C5FD7
:1050F00072616D705F7461726765740076656C5F74
:1051000072616D705F656E61626C6500636F6E7475
:10511000726F6C5F6D6F646500000000706F735F8D
:105120006761696E0000000076656C5F6761696E9B
:105130000000000076656C5F696E7465677261746B
:105140006F725F6761696E0076656C5F6C696D692F
:105150007400000076656C5F6C696D69745F746FD4
:105160006C6572616E63650076656C5F72616D700F
:105170005F72617465000000736574706F696E74AE
:10518000735F696E5F637072000000007374617218
:10519000745F616E7469636F6767696E675F63618F
:1051A0006C6962726174696F6E0000002C22747900
:1051B0007065223A2266756E6374696F6E222C22C6
:1051C000696E70757473223A5B0000005D2C226F6B
:1051D000757470757473223A5B00000022747970E4
:1051E00065223A2275696E743136222C226163631E
:1051F000657373223A22727722000000227479705C
:1052000065223A2275696E743332222C22616363FF
:10521000657373223A22727722000000227479703B
:1052200065223A22626F6F6C222C22616363657380
:1052300073223A2272220000222C22747970652295
:105240003A226F626A656374222C226D656D626515
:105250007273223A5B0000002274797065223A2250
:10526000656E64706F696E745F726566222C226170
:105270006363657373223A22727722005D7D0000BA
:105280007B226E616D65223A22000000222C226989
:1052900064223A002C0000002274797065223A22C0
:1052A000666C6F6174222C22616363657373223AAA
:1052B000227222007D0000002575000022747970A2
:1052C00065223A2275696E7438222C226163636507
:1052D0007373223A227222002274797065223A2274
:1052E00075696E743332222C226163636573732295
:1052F0003A227222000000002274797065223A225C
:1053000075696E743136222C226163636573732272
:105310003A22722200000000256C6C75000000002B
:105320002274797065223A22626F6F6C222C22619E
:105330006363657373223A22727722002274797054
:1053400065223A22666C6F6174222C226163636568
:105350007373223A22727722000000002568687574
:10536000000000002274797065223A2275696E741B
:1053700038222C22616363657373223A227277228A
:1053800000000000256C64002274797065223A22C6
:10539000696E743332222C22616363657373223A1F
:1053A0002272772200000000256C750025687500C8
:1053B0002274797065223A2275696E743634222C13
:1053C00022616363657373223A2272220000000037
:1053D00063616C6962726174696F6E5F6C6F636B3D
:1053E000696E000072616D705F74696D6500000028
:1053F00072616D705F64697374616E636500000053
:10540000616363656C00000076656C0073746172A3
:105410007475705F6D6F746F725F63616C696272D7
:105420006174696F6E000000737461727475705FEF
:10543000656E636F6465725F696E6465785F7365DE
:105440006172636800000000737461727475705F4C
:10545000656E636F6465725F6F66667365745F63C4
:10546000616C6962726174696F6E0000737461725D
:105470007475705F636C6F7365645F6C6F6F705F82
:10548000636F6E74726F6C00737461727475705FA9
:1054900073656E736F726C6573735F636F6E747236
:1054A0006F6C0000656E61626C655F737465705F40
:1054B00064697200636F756E74735F7065725F7399
:1054C000746570007761746368646F675F74696D99
:1054D000656F757400000000737465705F677069B4
:1054E0006F5F70696E0000006469725F6770696F5A
:1054F0005F70696E0000000073656E736F726C659B
:1055000073735F72616D700066696E6973685F6462
:10551000697374616E63650066696E6973685F6F55
:105520006E5F76656C00000066696E6973685F6F18
:105530006E5F64697374616E6365000066696E69AD
:1055400073685F6F6E5F656E635F6964780000000B
:1055500067656E6572616C5F6C6F636B696E00008E
:1055600063616E5F6E6F64655F69640063616E5F47
:105570006865617274626561745F726174655F6DA4
:10558000730000006D6F746F72000000636F6E74C3
:10559000726F6C6C65720000656E636F646572009B
:1055A000616363656C5F6C696D69740064656365F4
:1055B0006C5F6C696D697400415F7065725F6373E5
:1055C00073000000747261705F7472616A000000A1
:1055D000737465705F6469725F6163746976650096
:1055E00063757272656E745F737461746500000038
:1055F0007265717565737465645F73746174650059
:105600006C6F6F705F636F756E7465720000000081
:105610006C6F636B696E5F7374617465000000008A
:1056200073656E736F726C6573735F657374696DA8
:1056300061746F7200000000706C6C5F706F7300BB
:105640006F627365727665725F6761696E000000F4
:10565000706C6C5F62616E647769647468000000EE
:10566000706D5F666C75785F6C696E6B6167650005
:105670007761746368646F675F66656564000000E6
:105680006765745F696E7665727465725F74656D67
:1056900070000000726573756C74000061726D6556
:1056A000645F73746174650069735F63616C6962E0
:1056B000726174656400000063757272656E745F78
:1056C0006D6561735F7068420000000063757272FF
:1056D000656E745F6D6561735F7068430000000004
:1056E00044435F63616C69625F7068420000000060
:1056F00044435F63616C69625F706843000000004F
:1057000070686173655F63757272656E745F7265F0
:10571000765F6761696E0000746865726D616C5FC9
:1057200063757272656E745F6C696D006375727219
:10573000656E745F636F6E74726F6C00705F67612B
:10574000696E0000695F6761696E0000765F63756E
:105750007272656E745F636F6E74726F6C5F696E88
:1057600074656772616C5F6400000000765F63754A
:105770007272656E745F636F6E74726F6C5F696E68
:1057800074656772616C5F71000000004962757337
:105790000000000066696E616C5F765F616C706826
:1057A0006100000066696E616C5F765F62657461BE
:1057B0000000000049715F736574706F696E74005A
:1057C00049715F6D656173757265640049645F6DF1
:1057D0006561737572656400495F6D6561737572AB
:1057E00065645F7265706F72745F66696C74657210
:1057F0005F6B00006D61785F616C6C6F7765645FF3
:1058000063757272656E74006F766572637572721D
:10581000656E745F747269705F6C6576656C0000AC
:10582000676174655F647269766572006472765F41
:105830006661756C7400000074696D696E675F6CF9
:105840006F67000054494D494E475F4C4F475F47D3
:10585000454E4552414C000054494D494E475F4C1E
:105860004F475F4144435F43425F490054494D49BC
:105870004E475F4C4F475F4144435F43425F444361
:105880000000000054494D494E475F4C4F475F4D63
:105890004541535F5200000054494D494E475F4C0B
:1058A0004F475F4D4541535F4C00000054494D49FF
:1058B0004E475F4C4F475F454E435F43414C494223
:1058C0000000000054494D494E475F4C4F475F4927
:1058D00044585F53454152434800000054494D49E4
:1058E0004E475F4C4F475F464F435F564F4C5441C6
:1058F0004745000054494D494E475F4C4F475F466E
:105900004F435F43555252454E540000706F6C65D3
:105910005F7061697273000063616C6962726174C7
:10592000696F6E5F63757272656E7400726573691C
:105930007374616E63655F63616C69625F6D6178EA
:105940005F766F6C7461676500000000706861735A
:10595000655F696E64756374616E63650000000065
:1059600070686173655F726573697374616E636596
:1059700000000000646972656374696F6E00000066
:105980006D6F746F725F7479706500006375727209
:10599000656E745F6C696D5F746F6C6572616E6368
:1059A00065000000696E7665727465725F74656D7E
:1059B000705F6C696D69745F6C6F77657200000071
:1059C000696E7665727465725F74656D705F6C691F
:1059D0006D69745F75707065720000007265717535
:1059E00065737465645F63757272656E745F72610E
:1059F0006E67650063757272656E745F636F6E7457
:105A0000726F6C5F62616E64776964746800000035
:105A10007365745F6C696E6561725F636F756E74D8
:105A200000000000636F756E740000006572726F95
:105A30007200000069735F726561647900000000A4
:105A4000696E6465785F666F756E64007368616423
:105A50006F775F636F756E7400000000636F756E23
:105A6000745F696E5F63707200000000696E746538
:105A700072706F6C6174696F6E00000070686173A2
:105A800065000000706F735F657374696D617465A4
:105A900000000000706F735F6370720068616C6C6F
:105AA0005F7374617465000076656C5F657374691B
:105AB0006D6174650000000063616C69625F73630F
:105AC000616E5F726573706F6E736500636F6E6693
:105AD000696700007573655F696E64657800000032
:105AE00066696E645F6964785F6F6E5F6C6F636B2D
:105AF000696E5F6F6E6C79007072655F63616C696F
:105B000062726174656400007A65726F5F636F75BD
:105B10006E745F6F6E5F66696E645F6964780000C3
:105B20006F666673657400006F66667365745F66A2
:105B30006C6F617400000000656E61626C655F707F
:105B4000686173655F696E746572706F6C617469AA
:105B50006F6E000063616C69625F72616E67650001
:105B600063616C69625F7363616E5F6469737461C2
:105B70006E63650063616C69625F7363616E5F6F22
:105B80006D656761000000006964785F736561722C
:105B900063685F756E69646972656374696F6E616D
:105BA0006C00000069676E6F72655F696C6C656799
:105BB000616C5F68616C6C5F737461746500000098
:105BC00062617564526174650000000063616E5F1C
:105BD00070726F746F636F6C000000007365745FA8
:105BE000626175645F726174650000006869210D0F
:105BF000000000007461736B5F636D645F706172BD
:105C000073650000702025752025662025662025F7
:105C100066000000696E76616C696420636F6D6D6B
:105C2000616E6420666F726D61740000696E7661EA
:105C30006C6964206D6F746F722025750000000020
:105C40007120257520256620256620256600000028
:105C500076202575202566202566000063202575A1
:105C60002025660074202575202566006620257590
:105C700000000000506C65617365207365652064E9
:105C80006F63756D656E746174696F6E20666F7297
:105C9000206D6F72652064657461696C730000002B
:105CA000417661696C61626C6520636F6D6D616ED8
:105CB00064732073796E74617820726566657265AD
:105CC0006E63653A00000000506F736974696F6E0F
:105CD0003A2071206178697320706F732076656C4B
:105CE0002D6C696D20492D6C696D0000506F7369D2
:105CF00074696F6E3A2070206178697320706F73D9
:105D00002076656C2D666620492D666600000000D1
:105D100056656C6F636974793A207620617869738F
:105D20002076656C20492D6666000000437572720E
:105D3000656E743A20632061786973204900000021
:105D400050726F70657274696573207374617274D8
:105D5000206174206F647269766520726F6F742C95
:105D600020737563682061732061786973302E72C7
:105D700065717565737465645F7374617465000043
:105D8000526561643A20722070726F706572747926
:105D90000000000057726974653A20772070726FB6
:105DA00070657274792076616C75650053617665F3
:105DB00020636F6E6669673A207373004572617382
:105DC0006520636F6E6669673A20736500000000A6
:105DD0005265626F6F743A2073720000486172649A
:105DE000776172652076657273696F6E3A202564FB
:105DF0002E25642D256456004669726D77617265A3
:105E00002076657273696F6E3A2025642E25642EA4
:105E10002564000053657269616C206E756D626562
:105E2000723A202573000000722025323536730047
:105E3000696E76616C69642070726F7065727479D6
:105E4000000000006E6F7420696D706C656D656E8A
:105E50007465640077202532353673202532353657
:105E6000730000007520257500000000756E6B6ED4
:105E70006F776E20636F6D6D616E64002A2575000B
:105E80000D0A00003131554152543453656E64653A
:105E9000720000001C6A0208845E0208083F0208C3
:105EA00000000000945E020865CE0108C5CD01081F
:105EB000756172745F7365727665725F746872651E
:105EC00061645F646566000031305061636B6574C6
:105ED00053696E6B00000000BC690208C85E0208CE
:105EE0003955534253656E64657200001C6A02089E
:105EF000E05E0208D85E0208323754726561745061
:105F000061636B657453696E6B4173537472656141
:105F10006D53696E6B0000001C6A0208F85E02088F
:105F2000083F020800000000EC5E020875D001087E
:105F300000000000185F020885CF0108CDCF0108DE
:105F40007573625F7365727665725F74687265619E
:105F5000645F64656600000063616E5F73657276FE
:105F600065725F7468726561645F646566000000F5
:105F70003949324353656E64657200001C6A020839
:105F8000705F0208D85E0208000000007C5F020813
:105F900079D4010831364D656D6F7279537472652D
:105FA000616D53696E6B00001C6A0208945F020801
:105FB000083F020831344E756C6C53747265616D24
:105FC00053696E6B000000001C6A0208B45F02088F
:105FD000083F020800000000A85F0208E1D701089E
:105FE0008DD5010800000000C85F020891D50108A6
:105FF000C9D501087B226E616D65223A22222C00F0
:10600000226964223A0000002C2274797065223AD9
:10601000226A736F6E222C22616363657373223A66
:106020002272227D000000005D0000001C6A020850
:1060300068600208D85E0208606902088060020891
:1060400000000000010000003C3F020800000000CA
:106050001C6A02089C600208083F02081C6A0208C9
:10606000B8600208D85E0208323153747265616DFF
:1060700042617365645061636B657453696E6B0054
:1060800032324A534F4E44657363726970746F7253
:10609000456E64706F696E74000000003233537493
:1060A0007265616D546F5061636B65745365676DA4
:1060B000656E74657200000033314269646972650F
:1060C0006374696F6E616C5061636B657442617378
:1060D00065644368616E6E656C000000000000003E
:1060E0002C60020801D70108000000003860020897
:1060F00021D90108D5140108D9140108DD140108BB
:106100000000000050600208DDD5010885D50108B7
:10611000000000005C60020831D9010806000000A0
:1061200000000000920E493CB10AC93C2BC3163D49
:106130002EFB483D752B7B3D04A9963D80B6AF3DB7
:1061400036BDC83D2FBCE13D73B2FA3D87CF093E55
:106150008340163EB5AB223EA2102F3ECF6E3B3E93
:10616000C2C5473E0115543E135C603E7F9A6C3EAB
:10617000CCCF783EC07D823E938E883E229A8E3E62
:1061800032A0943E86A09A3EE59AA03E128FA63E8B
:10619000D47CAC3EEF63B23E2A44B83E491DBE3EBD
:1061A00015EFC33E53B9C93ECA7BCF3E4136D53EFB
:1061B00080E8DA3E4F92E03E7533E63EBBCBEB3EE5
:1061C000EA5AF13ECBE0F63E275DFC3EE4E7003FB5
:1061D0003D9C033F824B063F9BF5083F6B9A0B3F6C
:1061E000DA390E3FCDD3103F2A68133FD9F6153F59
:1061F000C07F183FC6021B3FD17F1D3FCBF61F3F1C
:106200009967223F25D2243F5636273F1594293FD0
:106210004AEB2B3FDE3B2E3FBB85303FC9C8323FA8
:10622000F304353F233A373F4268393F3B8F3B3FCA
:10623000F9AE3D3F67C73F3F70D8413F01E2433F62
:1062400003E4453F65DE473F12D1493FF8BB4B3F72
:10625000029F4D3F207A4F3F3D4D513F4918533FDC
:1062600031DB543FE595563F5348583F6AF2593F5A
:106270001A945B3F532D5D3F05BE5E3F2146603F54
:1062800097C5613F5A3C633F59AA643F880F663FF8
:10629000D86B673F3CBF683FA7096A3F0C4B6B3F19
:1062A0005E836C3F93B26D3F9ED86E3F73F56F3F38
:1062B0000809713F5213723F4714733FDD0B743F5F
:1062C0000BFA743FC6DE753F07BA763FC58B773F42
:1062D000F853783F9812793F9DC7793F02737A3F10
:1062E000BE147B3FCDAC7B3F283B7C3FC9BF7C3F8E
:1062F000AC3A7D3FCCAB7D3F23137E3FB0707E3FF9
:106300006DC47E3F580E7F3F6D4E7F3FAB847F3F15
:106310000FB17F3F97D37F3F43EC7F3F11FB7F3F20
:106320000000803F11FB7F3F43EC7F3F97D37F3FCF
:106330000FB17F3FAB847F3F6D4E7F3F580E7F3F55
:106340006DC47E3FB0707E3F23137E3FCCAB7D3F5C
:10635000AC3A7D3FC9BF7C3F283B7C3FCDAC7B3F07
:10636000BE147B3F02737A3F9DC7793F9812793FF5
:10637000F853783FC58B773F07BA763FC6DE753F47
:106380000BFA743FDD0B743F4714733F5213723F97
:106390000809713F73F56F3F9ED86E3F93B26D3F12
:1063A0005E836C3F0C4B6B3FA7096A3F3CBF683F65
:1063B000D86B673F880F663F59AA643F5A3C633FDA
:1063C00097C5613F2146603F05BE5E3F532D5D3F4F
:1063D0001A945B3F6AF2593F5348583FE595563F40
:1063E00031DB543F4918533F3D4D513F207A4F3FD9
:1063F000029F4D3FF8BB4B3F12D1493F65DE473FFF
:1064000003E4453F01E2433F70D8413F67C73F3F48
:10641000F9AE3D3F3B8F3B3F4268393F233A373F20
:10642000F304353FC9C8323FBB85303FDE3B2E3FCA
:106430004AEB2B3F1594293F5636273F25D2243F60
:106440009967223FCBF61F3FD17F1D3FC6021B3FFE
:10645000C07F183FD9F6153F2A68133FCDD3103FB0
:10646000DA390E3F6B9A0B3F9BF5083F824B063F94
:106470003D9C033FE4E7003F275DFC3ECBE0F63E5A
:10648000EA5AF13EBBCBEB3E7533E63E4F92E03E1F
:1064900080E8DA3E4136D53ECA7BCF3E53B9C93E8D
:1064A00015EFC33E491DBE3E2A44B83EEF63B23EDF
:1064B000D47CAC3E128FA63EE59AA03E86A09A3EC2
:1064C00032A0943E229A8E3E938E883EC07D823EBC
:1064D000CCCF783E7F9A6C3E135C603E0115543EF3
:1064E000C2C5473ECF6E3B3EA2102F3EB5AB223E0B
:1064F0008340163E87CF093E73B2FA3D2FBCE13D83
:1065000036BDC83D80B6AF3D04A9963D752B7B3D99
:106510002EFB483D2BC3163DB10AC93C920E493CA7
:1065200000000000920E49BCB10AC9BC2BC316BDC5
:106530002EFB48BD752B7BBD04A996BD80B6AFBDB3
:1065400036BDC8BD2FBCE1BD73B2FABD87CF09BE51
:10655000834016BEB5AB22BEA2102FBECF6E3BBE8F
:10656000C2C547BE011554BE135C60BE7F9A6CBEA7
:10657000CCCF78BEC07D82BE938E88BE229A8EBE5E
:1065800032A094BE86A09ABEE59AA0BE128FA6BE87
:10659000D47CACBEEF63B2BE2A44B8BE491DBEBEB9
:1065A00015EFC3BE53B9C9BECA7BCFBE4136D5BEF7
:1065B00080E8DABE4F92E0BE7533E6BEBBCBEBBEE1
:1065C000EA5AF1BECBE0F6BE275DFCBEE4E700BFB1
:1065D0003D9C03BF824B06BF9BF508BF6B9A0BBF68
:1065E000DA390EBFCDD310BF2A6813BFD9F615BF55
:1065F000C07F18BFC6021BBFD17F1DBFCBF61FBF18
:10660000996722BF25D224BF563627BF159429BFCC
:106610004AEB2BBFDE3B2EBFBB8530BFC9C832BFA4
:10662000F30435BF233A37BF426839BF3B8F3BBFC6
:10663000F9AE3DBF67C73FBF70D841BF01E243BF5E
:1066400003E445BF65DE47BF12D149BFF8BB4BBF6E
:10665000029F4DBF207A4FBF3D4D51BF491853BFD8
:1066600031DB54BFE59556BF534858BF6AF259BF56
:106670001A945BBF532D5DBF05BE5EBF214660BF50
:1066800097C561BF5A3C63BF59AA64BF880F66BFF4
:10669000D86B67BF3CBF68BFA7096ABF0C4B6BBF15
:1066A0005E836CBF93B26DBF9ED86EBF73F56FBF34
:1066B000080971BF521372BF471473BFDD0B74BF5B
:1066C0000BFA74BFC6DE75BF07BA76BFC58B77BF3E
:1066D000F85378BF981279BF9DC779BF02737ABF0C
:1066E000BE147BBFCDAC7BBF283B7CBFC9BF7CBF8A
:1066F000AC3A7DBFCCAB7DBF23137EBFB0707EBFF5
:106700006DC47EBF580E7FBF6D4E7FBFAB847FBF11
:106710000FB17FBF97D37FBF43EC7FBF11FB7FBF1C
:10672000000080BF11FB7FBF43EC7FBF97D37FBFCB
:106730000FB17FBFAB847FBF6D4E7FBF580E7FBF51
:106740006DC47EBFB0707EBF23137EBFCCAB7DBF58
:10675000AC3A7DBFC9BF7CBF283B7CBFCDAC7BBF03
:10676000BE147BBF02737ABF9DC779BF981279BFF1
:10677000F85378BFC58B77BF07BA76BFC6DE75BF43
:106780000BFA74BFDD0B74BF471473BF521372BF93
:10679000080971BF73F56FBF9ED86EBF93B26DBF0E
:1067A0005E836CBF0C4B6BBFA7096ABF3CBF68BF61
:1067B000D86B67BF880F66BF59AA64BF5A3C63BFD6
:1067C00097C561BF214660BF05BE5EBF532D5DBF4B
:1067D0001A945BBF6AF259BF534858BFE59556BF3C
:1067E00031DB54BF491853BF3D4D51BF207A4FBFD5
:1067F000029F4DBFF8BB4BBF12D149BF65DE47BFFB
:1068000003E445BF01E243BF70D841BF67C73FBF44
:10681000F9AE3DBF3B8F3BBF426839BF233A37BF1C
:10682000F30435BFC9C832BFBB8530BFDE3B2EBFC6
:106830004AEB2BBF159429BF563627BF25D224BF5C
:10684000996722BFCBF61FBFD17F1DBFC6021BBFFA
:10685000C07F18BFD9F615BF2A6813BFCDD310BFAC
:10686000DA390EBF6B9A0BBF9BF508BF824B06BF90
:106870003D9C03BFE4E700BF275DFCBECBE0F6BE56
:10688000EA5AF1BEBBCBEBBE7533E6BE4F92E0BE1B
:1068900080E8DABE4136D5BECA7BCFBE53B9C9BE89
:1068A00015EFC3BE491DBEBE2A44B8BEEF63B2BEDB
:1068B000D47CACBE128FA6BEE59AA0BE86A09ABEBE
:1068C00032A094BE229A8EBE938E88BEC07D82BEB8
:1068D000CCCF78BE7F9A6CBE135C60BE011554BEEF
:1068E000C2C547BECF6E3BBEA2102FBEB5AB22BE07
:1068F000834016BE87CF09BE73B2FABD2FBCE1BD7F
:1069000036BDC8BD80B6AFBD04A996BD752B7BBD95
:106910002EFB48BD2BC316BDB10AC9BC920E49BCA3
:10692000000000801C6A02083069020884690208BD
:106930004E31305F5F637878616269763132315F02
:106940005F766D695F636C6173735F747970655FA7
:10695000696E666F450000000000000024690208AF
:1069600065E1010879E1010825E8010825E8010849
:106970009BE60108E1E501089DE401082BE201081E
:106980008DE101081C6A020890690208946A0208F5
:106990004E31305F5F637878616269763131375F9D
:1069A0005F636C6173735F747970655F696E666F46
:1069B00045000000000000008469020821E601088B
:1069C00035E6010825E8010825E801089BE60108ED
:1069D000E1E5010883E6010849E6010815E601083A
:1069E0001C6A0208EC690208846902084E31305FB3
:1069F0005F637878616269763132305F5F73695FB7
:106A0000636C6173735F747970655F696E666F45FF
:106A10000000000000000000E069020825E701080E
:106A200039E7010825E8010825E801089BE6010887
:106A3000E1E50108F9E7010885E701084DE70108EC
:106A4000BC690208506A0208BC690208706A020840
:106A50004E31305F5F637878616269763131355FDE
:106A60005F666F726365645F756E77696E6445001B
:106A70004E31305F5F637878616269763131395FBA
:106A80005F666F726569676E5F657863657074696C
:106A90006F6E4500BC6902089C6A02085374397421
:106AA0007970655F696E666F00000000666D6F64E7
:106AB0006600000000000000000000802C206675C9
:106AC0006E6374696F6E3A200061737365727469E6
:106AD0006F6E2022257322206661696C65643A20FE
:106AE00066696C6520222573222C206C696E6520F6
:106AF0002564257325730A00C0040020232D302B44
:106B00002000686C4C0065666745464700494E4664
:106B100000696E66004E414E006E616E003031328B
:106B200033343536373839414243444546003031F5
:106B300032333435363738396162636465660065EF
:106B4000256C640035000000CEFBFFFFCB03000086
:106B5000010000000000000034000000CEFBFFFF39
:106B6000CB03000001000000000000000000000056
:106B7000BC89D897B2D29C3C33A7A8D523F6493913
:106B80003DA7F444FD0FA5329D978CCF08BA5B2535
:106B9000436FAC6428066811496E66696E69747942
:106BA000004E614E000000000000000000000000E8
:106BB00000000000000000000000000000000000D5
:106BC00000000000000000000000000000000000C5
:106BD00000000000000000000000000000000000B5
:106BE00000000000000000000000000000000000A5
:106BF0000000000000000000000000000000000095
:106C000000000000000000004300504F53495800AE
:106C10002E000000000000000080E03779C34143EF
:106C2000176E05B5B5B89346F5F93FE9034F384DF2
:106C3000321D30F94877825A3CBF737FDD4F15759E
:106C4000000000000000F03F0000000000002440B1
:106C500000000000000059400000000000408F408C
:106C6000000000000088C34000000000006AF840F7
:106C70000000000080842E4100000000D01263411B
:106C80000000000084D797410000000065CDCD4191
:106C9000000000205FA00242000000E87648374272
:106CA000000000A2941A6D42000040E59C30A24210
:106CB0000000901EC4BCD64200003426F56B0C4385
:106CC0000080E03779C3414300A0D885573476432C
:106CD00000C84E676DC1AB43003D9160E458E1438D
:106CE000408CB5781DAF154450EFE2D6E41A4B4402
:106CF00092D54D06CFF08044F64AE1C7022DB54447
:106D0000B49DD9794378EA440500000019000000D9
:106D10007D000000412D46612D6638393031323317
:106D2000343536375D002B2D0030300078580000A8
:106D3000202020202020202020282828282820202B
:106D40002020202020202020202020202020202043
:106D500088101010101010101010101010101010BB
:106D6000040404040404040404041010101010109B
:106D70001041414141414101010101010101010174
:106D800001010101010101010101011010101010A8
:106D90001042424242424202020202020202020245
:106DA000020202020202020202020210101010206D
:106DB00000000000000000000000000000000000D3
:106DC00000000000000000000000000000000000C3
:106DD00000000000000000000000000000000000B3
:106DE00000000000000000000000000000000000A3
:106DF0000000000000000000000000000000000093
:106E00000000000000000000000000000000000082
:106E10000000000000000000000000000000000072
:106E20000000000000000000000000000000000062
:106E300080C90181B0AB08B10000000008B1018138
:106E4000B0B0008400000000C9030181B0B0AA8383
:106E500000000000C9040181B0B0A980000000005A
:106E600008B10181B0B000840000000082C9018136
:106E7000B0AD08B100000000C9030181B0B0AE811F
:106E80000000000008B10181B0B0008400000000E3
:106E900082C90181B0AF08B10000000082C9018140
:106EA000B0AB08B100000000C9040181B0B0AD81F1
:106EB000000000003F080181B0AF84C9000000005D
:106EC000956DFF7FB0AF0C00FFFF0195012CB6015F
:106ED0000000E80104EC0400F201040000FC0104DD
:106EE000E0040082020400008A0204D4040090023C
:106EF000040000980204C804009E02040000AC02D2
:106F000004BC0400B202040000BA0204B00400C0D1
:106F100002040000D80204A40400E202040000EC11
:106F20000204E00400F202040000FA0204D40400A7
:106F30008003040000880304C804008E03040000DA
:106F40009C0304BC0400A203040000AA0304B004D0
:106F500000B003040000C80304A40400CE03AA0187
:106F60000000000008B10181B0B000840000000002
:106F700008B10181B0B000840000000008B10181B7
:106F8000B0B000840000000008B10181B0B00084FE
:106F90000000000008B10181B0B0008400000000D2
:106FA000D89DFD7F0100000038A1FD7FB0A90280BF
:106FB000D4A1FD7FB0B0A88024A2FD7F0100000015
:106FC00030A2FD7FB0B0AA8068A2FD7FAE71B28012
:106FD00028A3FD7F0100000024A3FD7FAB3F388084
:106FE0007CA3FD7F0100000088A3FD7FB0B0AA80D4
:106FF000C4A3FD7F0100000068A4FD7FAB0EB2803A
:10700000D0A4FD7FB0AF08809CA7FD7F01000000E9
:10701000A0A7FD7FAC3F038018AAFD7F0100000000
:10702000F4ABFD7F0084048008ACFD7F010000000C
:1070300004ACFD7FB0AD0480C0AEFD7FB0A803807E
:10704000E0AEFD7F44FFFF7FE4AEFD7F48FFFF7FA2
:10705000F0AEFD7F010000004055FE7FA880C98092
:10706000B455FE7F010000009057FE7FB0B0A880AD
:10707000D857FE7F01000000C458FE7FB0AD0280EB
:10708000285AFE7FB0AA0380B45AFE7F0100000098
:10709000745BFE7F9CFDFF7FEC5BFE7FA0FDFF7FAE
:1070A000485CFE7FA908B180B45CFE7F010000004F
:1070B000585DFE7FB0AF0680445FFE7FB0AE0980B2
:1070C000E05FFE7FB0AD02806C60FE7FB0A90680FD
:1070D0008460FE7F010000002C65FE7FB0B0A880B8
:1070E0005865FE7F01000000E465FE7FB0B0A88017
:1070F000F065FE7FB0AA05802C66FE7F01000000CF
:107100003466FE7F008404804C66FE7F0100000030
:107110005866FE7FB0B0A8808066FE7FB0B0AC80BD
:107120002C67FE7F010000007467FE7FB0A8078017
:10713000B467FE7FB0B0A8802C68FE7FA908B1803C
:107140005068FE7F010000005C68FE7FFCFCFF7F52
:10715000E86CFE7F00FDFF7FF46DFE7FB0AD048024
:107160008C71FE7FFCFCFF7F8C71FE7F01000000B4
:107170004C72FE7FA908B1808472FE7F010000007E
:10718000A072FE7FB0AC07809473FE7FA908B18027
:10719000B473FE7FB0B0A880D073FE7F0100000002
:1071A0000074FE7FB0B0A8805C74FE7FA908B18037
:1071B0007874FE7F010000001875FE7FB0A8038080
:1071C0007C75FE7FB0B0A880AC75FE7FA0FCFF7F11
:1071D000B476FE7FA4FCFF7F1878FE7FA880C9806C
:1071E0008078FE7FA881C980C078FE7FA883C9808F
:1071F000B47AFE7F90FCFF7F087BFE7F01000000D9
:107200000C7BFE7F008402803C7BFE7FB0B0A880B8
:10721000507BFE7F01000000187CFE7FAB08B18030
:10722000507CFE7FB0B0A880A07CFE7F01000000F3
:107230009C7CFE7FB0B0A880CC7CFE7FAB08B18088
:10724000107DFE7F4CFCFF7F9881FE7FA881C98066
:107250001482FE7F48FCFF7F0485FE7F0100000052
:107260007085FE7FA880C980A885FE7F0100000090
:107270006486FE7F34FCFF7F8489FE7F010000006E
:107280009C89FE7FA880C980B88BFE7F010000002A
:10729000F08DFE7FB0A902809C90FE7F18FCFF7FDE
:1072A0002C96FE7F010000007896FE7FA908B18031
:1072B0000C97FE7F0CFCFF7FE899FE7F0100000029
:1072C0006C9AFE7FB0A80380A49AFE7F008404809D
:1072D000149BFE7FB0A904806C9BFE7FB0AB048042
:1072E0002C9CFE7FB0A90480D89CFE7F010000008A
:1072F0005C9FFE7FB0B0AA804CA1FE7FB0A8038047
:1073000088A1FE7F01000000A8A2FE7FA908B1802D
:10731000C0A2FE7F0100000088A3FE7FB0B0AA805B
:10732000C4A3FE7F010000002CA6FE7FA908B18047
:1073300044A6FE7F01000000E4A6FE7FB0AA038001
:1073400048A7FE7FB0AC018098A7FE7FB0A801805F
:10735000BCA7FE7F01000000C0A7FE7FB0B0AC80DC
:10736000E8A7FE7FB0A801800CA8FE7FB0B0AC807B
:1073700034A8FE7F0100000038A8FE7FB0A801807D
:107380005CA8FE7FB0B0AC8084A8FE7F0100000046
:1073900088A8FE7FB0A90480C4A8FE7FB0A80180A1
:1073A000E4A8FE7F01000000E8A8FE7FB0B0AC803A
:1073B0000CA9FE7FB0A801802CA9FE7F010000006F
:1073C00030A9FE7FB0B0AC8054A9FE7FB0AA038084
:1073D000B8A9FE7FB0AC0180FCA9FE7FB0AA0380F3
:1073E0007CACFE7F0100000090BBFE7FB0AA058050
:1073F000D0BBFE7F010000007C19FF7FB0AC038092
:10740000381AFF7F01000000741BFF7FB0AE0380BD
:107410001420FF7FB0AF0680183CFF7F0100000002
:10742000584EFF7FB0AB04807851FF7F38FBFF7F61
:10743000BC51FF7FB0AB10809052FF7FB0AB128089
:107440000453FF7FB0AB10806853FF7FAD48B2801C
:10745000F058FF7FAD08B1806C59FF7F010000003C
:107460006C59FF7FB0B0AE80705AFF7FB0AB068022
:10747000B85AFF7F010000000C5BFF7FB0B0AC800A
:107480004C5BFF7F010000004C5BFF7FAF08B180C9
:10749000E45BFF7FB0B0AA802C5CFF7F010000009E
:1074A0005C5CFF7FB0A906807C5CFF7F0100000070
:1074B000D85CFF7FB0A90880245DFF7FA908B18058
:1074C000385DFF7FB0A90880905DFF7FB0AA038080
:1074D000045EFF7F9CFAFF7F045EFF7FB0B0A88050
:1074E000245EFF7F01000000985EFF7FB0AB10803C
:1074F000045FFF7F01000000045FFF7FB0B0AA803F
:10750000305FFF7F01000000405FFF7F70FAFF7F68
:10751000505FFF7F01000000885FFF7FB0B0AA804E
:10752000DC5FFF7FB0B0A880E85FFF7FB0B0AA80CB
:107530002060FF7F010000009060FF7FB0B0A88056
:107540009C60FF7FB0AE0180B861FF7FB0AC01806E
:107550009062FF7F01000000E062FF7FB0AA03801D
:107560004063FF7FB0A80380B863FF7F0100000085
:10757000C063FF7FB0AC03809464FF7F0100000014
:10758000551F0008B5010008A10C01081DC2010823
:0C75900035CF010825D101086DD5010898
:04759C009101000851
:1075A000AAAAAAAA25550008155500086D55000875
:1075B00019550008010000009D680008A96800082E
:1075C000B5680008ED680008D1680008096900087E
:1075D0002569000812010002EF0201400912320D74
:1075E00000030102030100000403090412034D001B
:1075F00053004600540031003000300050000000BD
:107600009D870008518700087D8600080000000063
:10761000C9850008498600080D86000800000000A2
:10762000000000000000000031880008F585000817
:1076300025880008018600084169000809026A00DF
:10764000030100C032080B0002020201000904001D
:1076500000010202010005240010010524010001BF
:107660000424020205240600010705820308001015
:1076700009040100020A00000007050102400000A1
:1076800007058102400000080B0201000000060906
:107690000402000200010000070503024000000789
:1076A00005830240000000000A06000200000040BE
:1076B000010000002800000000010400010000009B
:1076C00000000000020057494E55534200000000E0
:1076D000000000000000000000000000B6000000F4
:1076E00000010500020084000000010000002800E5
:1076F00044006500760069006300650049006E0083
:107700007400650072006600610063006500470058
:1077100055004900440000004E0000007B00450079
:1077200041003000420044003500430033002D008A
:1077300035003000460033002D003400380038009A
:1077400038002D0038003400420034002D0037008E
:10775000340045003500300045003100360034006B
:107760003900440042007D0000003E00000001009E
:1077700000000C004C006100620065006C0000001D
:10778000240000004F00440072006900760065008C
:10779000000000000024F4000049002000F801204F
:1077A00000004041000000000A000000004000000E
:1077B0000002000000000C0800000C08000000009F
:1077C0000B000000004000000002000000000E0856
:1077D00000000E0801000100D7A3F03E00000041A8
:1077E000A470CD4100000000000000000000000077
:1077F0000000000000000000000000000000000089
:107800000000000000000000000000000000000078
:107810000000000000000000000000000000000068
:107820000000000000000000000000000000000058
:107830000000000000000000000000000000000048
:107840000000000000000000000000000000000038
:107850000000000000000000000000000000000028
:107860000000000000000000000000000000000018
:107870000000000000000000000000000000000008
:1078800000000000000000000000000000000000F8
:1078900000000000000000000000000000000000E8
:1078A00000000000000000000000000000000000D8
:1078B00000000000000000000000000000000000C8
:1078C00000000000000000000000000000000000B8
:1078D00000000000000000000000000000000000A8
:1078E0000000000090D00300000000000300000032
:1078F0000000A0416F12033A6F12833A00409C4689
:107900009A99993F00401C460000000003000000C7
:107910000000A0416F12033A6F12833A00409C4668
:107920009A99993F00401C460000000000000001A9
:107930000020000000000000000000000100000026
:107940000AD7A33CDB0F4942DB0F494100007A44D0
:107950000000000000000001002000000000000006
:1079600000000000010000000AD7A33CDB0F4942E1
:10797000DB0F494100007A440000000000000000D5
:10798000070000000000204100000040000000004F
:107990000000000000000000000000000000204186
:1079A0000000A03F0000704200007A440000C8427E
:1079B0000000F0420000000007000000000020412D
:1079C0000000004000000000000000000000000077
:1079D00000000000000020410000A03F00007042B5
:1079E00000007A440000C8420000F04200007A44DF
:1079F00000007A440118CF3A00007A4400007A442B
:107A00000118CF3A00409C4600409C4500409C45F0
:107A10000000000000409C4600409C4500409C4502
:107A20000000000001000000000000000000000055
:107A300000018100983700200000000000000000D5
:107A400000038300A4370020905F0208F060020862
:107A5000DDE6010841EC010801000000C00400203F
:107A600000000000C86B0208E86B0208A86B02085F
:107A70000000000000000000000000000000000006
:107A800000000000000000000000000000000000F6
:107A900000000000000000000000000000000000E6
:107AA00000000000000000000000000000000000D6
:107AB00000000000000000000000000000000000C6
:107AC0004300000000000000000000000000000073
:107AD00000000000000000000000000000000000A6
:107AE0004300000000000000000000000000000053
:107AF0000000000000000000000000000000000086
:107B00004300000000000000000000000000000032
:107B10000000000000000000000000000000000065
:107B20004300000000000000000000000000000012
:107B30000000000000000000000000000000000045
:107B400043000000000000000000000000000000F2
:107B50000000000000000000000000000000000025
:107B600043000000000000000000000000000000D2
:107B70000000000000000000000000000000000005
:107B800043000000000000000000000000000000B2
:107B900000000000000000000000000000000000E5
:107BA000553A0208D9260208000000002F6D02088D
:107BB000106C0208F76A0208F76A0208F76A0208FE
:107BC000F76A0208F76A0208F76A0208F76A020809
:107BD000F76A0208F76A0208FFFFFFFFFFFFFFFFD7
:107BE000FFFFFFFFFFFF0000010041534349490031
:107BF0000000000000000000000000000000000085
:107C0000000000000000000000004153434949000B
:107C10000000000000000000000000000000000064
:0C7C200000000000000000000000000058
:047C2C000000000054
:040000050800BD61D1
:00000001FF
